clip_id,repeat_index,sea_state,vessel_class,n_blades,generator_freq,cavitation_intensity,shaft_rate,blade_pass_freq,has_cavitation,cavitation_peak_freq,n_cavitation_bursts,equipment_base_freq,resonance_freq_1,resonance_freq_2,resonance_freq_3,sea_rms_pa,ship_rms_pa,combined_rms_pa,scale_factor,sea_spl_db,ship_spl_db,combined_spl_db,snr_db,tensor_path,waveform_path
0,0,0,small_craft,3,0.0,0.0,22.7504,68.2511,False,0.0,0,25.0,141.18,292.67,355.81,0.0074337457444108,0.0148322727428832,0.0166938328509213,48.09414271264264,77.42,83.42,84.45,6.0,/content/drive/MyDrive/SKANN_SSL/data/prototype_dataset/tensors/tensor_000000.npy,/content/drive/MyDrive/SKANN_SSL/data/prototype_dataset/waveforms/clip_000000.npy
1,1,0,small_craft,3,0.0,0.0,25.7221,77.1663,False,0.0,0,25.0,182.69,306.42,112.52,0.0074337457444108,0.0148322727428832,0.0166434113871917,48.24453155851064,77.42,83.42,84.42,6.0,/content/drive/MyDrive/SKANN_SSL/data/prototype_dataset/tensors/tensor_000001.npy,/content/drive/MyDrive/SKANN_SSL/data/prototype_dataset/waveforms/clip_000001.npy
2,2,0,small_craft,3,0.0,0.0,24.5278,73.5834,False,0.0,0,25.0,98.0,155.85,400.05,0.0074337457444108,0.0148322727428832,0.0165878398959691,47.09650129120583,77.42,83.42,84.4,6.0,/content/drive/MyDrive/SKANN_SSL/data/prototype_dataset/tensors/tensor_000002.npy,/content/drive/MyDrive/SKANN_SSL/data/prototype_dataset/waveforms/clip_000002.npy
3,3,0,small_craft,3,0.0,0.0,25.3224,75.9673,False,0.0,0,25.0,104.62,179.5,0.0,0.0074337457444108,0.0148322727428832,0.0166096718130262,47.74684529296473,77.42,83.42,84.41,6.0,/content/drive/MyDrive/SKANN_SSL/data/prototype_dataset/tensors/tensor_000003.npy,/content/drive/MyDrive/SKANN_SSL/data/prototype_dataset/waveforms/clip_000003.npy
4,4,0,small_craft,3,0.0,0.0,27.591,82.7731,False,0.0,0,25.0,487.73,169.44,0.0,0.0074337457444108,0.0148322727428832,0.0166713927810186,48.26213388158435,77.42,83.42,84.44,6.0,/content/drive/MyDrive/SKANN_SSL/data/prototype_dataset/tensors/tensor_000004.npy,/content/drive/MyDrive/SKANN_SSL/data/prototype_dataset/waveforms/clip_000004.npy
5,0,0,small_craft,3,0.0,0.3333,18.1692,54.5075,True,6152.03,309,25.0,206.76,144.95,111.63,0.0074337457444108,0.0148322727428832,0.016628064846043,47.78591374124362,77.42,83.42,84.42,6.0,/content/drive/MyDrive/SKANN_SSL/data/prototype_dataset/tensors/tensor_000005.npy,/content/drive/MyDrive/SKANN_SSL/data/prototype_dataset/waveforms/clip_000005.npy
6,1,0,small_craft,3,0.0,0.3333,17.0937,51.2811,True,6341.87,291,25.0,140.46,206.56,114.5,0.0074337457444108,0.0148322727428832,0.0166124896209622,48.01827233951742,77.42,83.42,84.41,6.0,/content/drive/MyDrive/SKANN_SSL/data/prototype_dataset/tensors/tensor_000006.npy,/content/drive/MyDrive/SKANN_SSL/data/prototype_dataset/waveforms/clip_000006.npy
7,2,0,small_craft,3,0.0,0.3333,27.3495,82.0486,True,5970.51,502,25.0,148.5,58.22,242.13,0.0074337457444108,0.0148322727428832,0.0165440990530428,47.66424393549276,77.42,83.42,84.37,6.0,/content/drive/MyDrive/SKANN_SSL/data/prototype_dataset/tensors/tensor_000007.npy,/content/drive/MyDrive/SKANN_SSL/data/prototype_dataset/waveforms/clip_000007.npy
8,3,0,small_craft,3,0.0,0.3333,23.6459,70.9377,True,5910.59,408,25.0,349.02,98.49,0.0,0.0074337457444108,0.0148322727428832,0.0165254903092016,47.771021862296585,77.42,83.42,84.36,6.0,/content/drive/MyDrive/SKANN_SSL/data/prototype_dataset/tensors/tensor_000008.npy,/content/drive/MyDrive/SKANN_SSL/data/prototype_dataset/waveforms/clip_000008.npy
9,4,0,small_craft,3,0.0,0.3333,22.8351,68.5053,True,6000.7,415,25.0,252.71,116.78,0.0,0.0074337457444108,0.0148322727428832,0.0166482073049262,47.80143243526808,77.42,83.42,84.43,6.0,/content/drive/MyDrive/SKANN_SSL/data/prototype_dataset/tensors/tensor_000009.npy,/content/drive/MyDrive/SKANN_SSL/data/prototype_dataset/waveforms/clip_000009.npy
10,0,0,small_craft,3,0.0,0.6667,16.888,50.6641,True,5871.24,595,25.0,209.0,235.68,0.0,0.0074337457444108,0.0148322727428832,0.0166512074863433,41.18586933869152,77.42,83.42,84.43,6.0,/content/drive/MyDrive/SKANN_SSL/data/prototype_dataset/tensors/tensor_000010.npy,/content/drive/MyDrive/SKANN_SSL/data/prototype_dataset/waveforms/clip_000010.npy
11,1,0,small_craft,3,0.0,0.6667,22.4878,67.4635,True,5914.55,715,25.0,126.99,212.6,0.0,0.0074337457444108,0.0148322727428832,0.0166114360254652,38.4984836175508,77.42,83.42,84.41,6.0,/content/drive/MyDrive/SKANN_SSL/data/prototype_dataset/tensors/tensor_000011.npy,/content/drive/MyDrive/SKANN_SSL/data/prototype_dataset/waveforms/clip_000011.npy
12,2,0,small_craft,3,0.0,0.6667,16.3745,49.1234,True,5804.87,559,25.0,127.07,303.75,0.0,0.0074337457444108,0.0148322727428832,0.016555741541826,39.3894525408712,77.42,83.42,84.38,6.0,/content/drive/MyDrive/SKANN_SSL/data/prototype_dataset/tensors/tensor_000012.npy,/content/drive/MyDrive/SKANN_SSL/data/prototype_dataset/waveforms/clip_000012.npy
13,3,0,small_craft,3,0.0,0.6667,21.6561,64.9683,True,6000.47,716,25.0,109.74,370.37,0.0,0.0074337457444108,0.0148322727428832,0.0166532730130285,39.98378225407124,77.42,83.42,84.43,6.0,/content/drive/MyDrive/SKANN_SSL/data/prototype_dataset/tensors/tensor_000013.npy,/content/drive/MyDrive/SKANN_SSL/data/prototype_dataset/waveforms/clip_000013.npy
14,4,0,small_craft,3,0.0,0.6667,16.8809,50.6426,True,6316.71,581,25.0,152.45,71.53,0.0,0.0074337457444108,0.0148322727428832,0.0165625221634554,43.09674000977629,77.42,83.42,84.38,6.0,/content/drive/MyDrive/SKANN_SSL/data/prototype_dataset/tensors/tensor_000014.npy,/content/drive/MyDrive/SKANN_SSL/data/prototype_dataset/waveforms/clip_000014.npy
15,0,0,small_craft,3,0.0,1.0,22.2481,66.7444,True,6129.44,972,25.0,181.99,442.64,59.23,0.0074337457444108,0.0148322727428832,0.0165853063759392,27.24784383862084,77.42,83.42,84.39,6.0,/content/drive/MyDrive/SKANN_SSL/data/prototype_dataset/tensors/tensor_000015.npy,/content/drive/MyDrive/SKANN_SSL/data/prototype_dataset/waveforms/clip_000015.npy
16,1,0,small_craft,3,0.0,1.0,16.6759,50.0277,True,5997.1,730,25.0,128.96,120.47,0.0,0.0074337457444108,0.0148322727428832,0.0166502681533547,23.59756715004585,77.42,83.42,84.43,6.0,/content/drive/MyDrive/SKANN_SSL/data/prototype_dataset/tensors/tensor_000016.npy,/content/drive/MyDrive/SKANN_SSL/data/prototype_dataset/waveforms/clip_000016.npy
17,2,0,small_craft,3,0.0,1.0,24.0042,72.0126,True,5890.29,1085,25.0,146.5,472.21,99.17,0.0074337457444108,0.0148322727428832,0.0166291746102924,25.12114832606578,77.42,83.42,84.42,6.0,/content/drive/MyDrive/SKANN_SSL/data/prototype_dataset/tensors/tensor_000017.npy,/content/drive/MyDrive/SKANN_SSL/data/prototype_dataset/waveforms/clip_000017.npy
18,3,0,small_craft,3,0.0,1.0,21.6181,64.8544,True,6053.0,1025,25.0,91.32,159.52,0.0,0.0074337457444108,0.0148322727428832,0.016627755812004,22.38130174857269,77.42,83.42,84.42,6.0,/content/drive/MyDrive/SKANN_SSL/data/prototype_dataset/tensors/tensor_000018.npy,/content/drive/MyDrive/SKANN_SSL/data/prototype_dataset/waveforms/clip_000018.npy
19,4,0,small_craft,3,0.0,1.0,25.0602,75.1806,True,5943.47,1193,25.0,166.02,216.07,0.0,0.0074337457444108,0.0148322727428832,0.0165468883963897,19.43740424160346,77.42,83.42,84.37,6.0,/content/drive/MyDrive/SKANN_SSL/data/prototype_dataset/tensors/tensor_000019.npy,/content/drive/MyDrive/SKANN_SSL/data/prototype_dataset/waveforms/clip_000019.npy
20,0,0,small_craft,3,50.0,0.0,16.5771,49.7314,False,0.0,0,25.0,387.99,146.7,272.68,0.0074337457444108,0.0148322727428832,0.016448198652813,45.21078241669793,77.42,83.42,84.32,6.0,/content/drive/MyDrive/SKANN_SSL/data/prototype_dataset/tensors/tensor_000020.npy,/content/drive/MyDrive/SKANN_SSL/data/prototype_dataset/waveforms/clip_000020.npy
21,1,0,small_craft,3,50.0,0.0,17.4705,52.4115,False,0.0,0,25.0,493.05,146.4,116.07,0.0074337457444108,0.0148322727428832,0.0166007909253925,47.31392833531952,77.42,83.42,84.4,6.0,/content/drive/MyDrive/SKANN_SSL/data/prototype_dataset/tensors/tensor_000021.npy,/content/drive/MyDrive/SKANN_SSL/data/prototype_dataset/waveforms/clip_000021.npy
22,2,0,small_craft,3,50.0,0.0,25.7585,77.2756,False,0.0,0,25.0,345.34,66.04,0.0,0.0074337457444108,0.0148322727428832,0.0165381181024968,47.42855240508351,77.42,83.42,84.37,6.0,/content/drive/MyDrive/SKANN_SSL/data/prototype_dataset/tensors/tensor_000022.npy,/content/drive/MyDrive/SKANN_SSL/data/prototype_dataset/waveforms/clip_000022.npy
23,3,0,small_craft,3,50.0,0.0,24.892,74.6759,False,0.0,0,25.0,169.5,68.29,297.47,0.0074337457444108,0.0148322727428832,0.0166249490696694,44.34017535283042,77.42,83.42,84.42,6.0,/content/drive/MyDrive/SKANN_SSL/data/prototype_dataset/tensors/tensor_000023.npy,/content/drive/MyDrive/SKANN_SSL/data/prototype_dataset/waveforms/clip_000023.npy
24,4,0,small_craft,3,50.0,0.0,15.3672,46.1015,False,0.0,0,25.0,143.31,239.66,101.02,0.0074337457444108,0.0148322727428832,0.0165457904778658,47.13457717356896,77.42,83.42,84.37,6.0,/content/drive/MyDrive/SKANN_SSL/data/prototype_dataset/tensors/tensor_000024.npy,/content/drive/MyDrive/SKANN_SSL/data/prototype_dataset/waveforms/clip_000024.npy
25,0,0,small_craft,3,50.0,0.3333,24.3057,72.9172,True,5965.09,451,25.0,251.81,53.93,0.0,0.0074337457444108,0.0148322727428832,0.0165228254145879,47.05525061938427,77.42,83.42,84.36,6.0,/content/drive/MyDrive/SKANN_SSL/data/prototype_dataset/tensors/tensor_000025.npy,/content/drive/MyDrive/SKANN_SSL/data/prototype_dataset/waveforms/clip_000025.npy
26,1,0,small_craft,3,50.0,0.3333,28.8128,86.4384,True,6027.89,532,25.0,59.71,192.84,0.0,0.0074337457444108,0.0148322727428832,0.0165343993613016,46.92457520630891,77.42,83.42,84.37,6.0,/content/drive/MyDrive/SKANN_SSL/data/prototype_dataset/tensors/tensor_000026.npy,/content/drive/MyDrive/SKANN_SSL/data/prototype_dataset/waveforms/clip_000026.npy
27,2,0,small_craft,3,50.0,0.3333,19.049,57.1471,True,6100.65,333,25.0,133.41,239.67,0.0,0.0074337457444108,0.0148322727428832,0.0165985292598755,47.165532206418334,77.42,83.42,84.4,6.0,/content/drive/MyDrive/SKANN_SSL/data/prototype_dataset/tensors/tensor_000027.npy,/content/drive/MyDrive/SKANN_SSL/data/prototype_dataset/waveforms/clip_000027.npy
28,3,0,small_craft,3,50.0,0.3333,18.7367,56.21,True,6202.51,319,25.0,53.37,150.83,0.0,0.0074337457444108,0.0148322727428832,0.0166271660138306,46.8590387150251,77.42,83.42,84.42,6.0,/content/drive/MyDrive/SKANN_SSL/data/prototype_dataset/tensors/tensor_000028.npy,/content/drive/MyDrive/SKANN_SSL/data/prototype_dataset/waveforms/clip_000028.npy
29,4,0,small_craft,3,50.0,0.3333,15.775,47.325,True,6253.29,309,25.0,119.92,265.07,0.0,0.0074337457444108,0.0148322727428832,0.0166351962721002,47.032268301438286,77.42,83.42,84.42,6.0,/content/drive/MyDrive/SKANN_SSL/data/prototype_dataset/tensors/tensor_000029.npy,/content/drive/MyDrive/SKANN_SSL/data/prototype_dataset/waveforms/clip_000029.npy
30,0,0,small_craft,3,50.0,0.6667,18.9646,56.8939,True,6023.99,657,25.0,216.65,174.63,70.07,0.0074337457444108,0.0148322727428832,0.0166088291863741,39.84924379154239,77.42,83.42,84.41,6.0,/content/drive/MyDrive/SKANN_SSL/data/prototype_dataset/tensors/tensor_000030.npy,/content/drive/MyDrive/SKANN_SSL/data/prototype_dataset/waveforms/clip_000030.npy
31,1,0,small_craft,3,50.0,0.6667,15.0918,45.2753,True,6043.73,495,25.0,167.13,427.63,0.0,0.0074337457444108,0.0148322727428832,0.0166427998558664,40.88757209351494,77.42,83.42,84.42,6.0,/content/drive/MyDrive/SKANN_SSL/data/prototype_dataset/tensors/tensor_000031.npy,/content/drive/MyDrive/SKANN_SSL/data/prototype_dataset/waveforms/clip_000031.npy
32,2,0,small_craft,3,50.0,0.6667,29.6257,88.877,True,5905.05,969,25.0,275.0,77.52,246.31,0.0074337457444108,0.0148322727428832,0.0164972025666479,39.16961669642069,77.42,83.42,84.35,6.0,/content/drive/MyDrive/SKANN_SSL/data/prototype_dataset/tensors/tensor_000032.npy,/content/drive/MyDrive/SKANN_SSL/data/prototype_dataset/waveforms/clip_000032.npy
33,3,0,small_craft,3,50.0,0.6667,16.7406,50.2217,True,6038.94,548,25.0,146.45,496.52,0.0,0.0074337457444108,0.0148322727428832,0.0165887319462417,40.08343522513498,77.42,83.42,84.4,6.0,/content/drive/MyDrive/SKANN_SSL/data/prototype_dataset/tensors/tensor_000033.npy,/content/drive/MyDrive/SKANN_SSL/data/prototype_dataset/waveforms/clip_000033.npy
34,4,0,small_craft,3,50.0,0.6667,23.5739,70.7218,True,5917.05,780,25.0,334.63,66.86,0.0,0.0074337457444108,0.0148322727428832,0.0166338841911551,38.99618912407178,77.42,83.42,84.42,6.0,/content/drive/MyDrive/SKANN_SSL/data/prototype_dataset/tensors/tensor_000034.npy,/content/drive/MyDrive/SKANN_SSL/data/prototype_dataset/waveforms/clip_000034.npy
35,0,0,small_craft,3,50.0,1.0,15.4584,46.3752,True,6061.84,692,25.0,95.84,166.3,228.27,0.0074337457444108,0.0148322727428832,0.0166679696885026,25.677681732844874,77.42,83.42,84.44,6.0,/content/drive/MyDrive/SKANN_SSL/data/prototype_dataset/tensors/tensor_000035.npy,/content/drive/MyDrive/SKANN_SSL/data/prototype_dataset/waveforms/clip_000035.npy
36,1,0,small_craft,3,50.0,1.0,16.2448,48.7343,True,5853.62,726,25.0,141.2,55.56,301.38,0.0074337457444108,0.0148322727428832,0.0166730989635596,25.753421527581185,77.42,83.42,84.44,6.0,/content/drive/MyDrive/SKANN_SSL/data/prototype_dataset/tensors/tensor_000036.npy,/content/drive/MyDrive/SKANN_SSL/data/prototype_dataset/waveforms/clip_000036.npy
37,2,0,small_craft,3,50.0,1.0,22.5679,67.7038,True,6160.13,1021,25.0,282.41,121.19,0.0,0.0074337457444108,0.0148322727428832,0.0164766468059986,24.65301288345877,77.42,83.42,84.34,6.0,/content/drive/MyDrive/SKANN_SSL/data/prototype_dataset/tensors/tensor_000037.npy,/content/drive/MyDrive/SKANN_SSL/data/prototype_dataset/waveforms/clip_000037.npy
38,3,0,small_craft,3,50.0,1.0,28.0293,84.0879,True,5905.69,1212,25.0,236.86,179.88,0.0,0.0074337457444108,0.0148322727428832,0.0166085796062304,20.084776323359037,77.42,83.42,84.41,6.0,/content/drive/MyDrive/SKANN_SSL/data/prototype_dataset/tensors/tensor_000038.npy,/content/drive/MyDrive/SKANN_SSL/data/prototype_dataset/waveforms/clip_000038.npy
39,4,0,small_craft,3,50.0,1.0,15.4483,46.3448,True,6118.58,721,25.0,187.19,110.93,244.23,0.0074337457444108,0.0148322727428832,0.0165963983467434,26.706167904765707,77.42,83.42,84.4,6.0,/content/drive/MyDrive/SKANN_SSL/data/prototype_dataset/tensors/tensor_000039.npy,/content/drive/MyDrive/SKANN_SSL/data/prototype_dataset/waveforms/clip_000039.npy
40,0,0,small_craft,4,0.0,0.0,20.3451,81.3803,False,0.0,0,25.0,115.02,264.21,205.4,0.0074337457444108,0.0148322727428832,0.0165450206861869,48.68752282645753,77.42,83.42,84.37,6.0,/content/drive/MyDrive/SKANN_SSL/data/prototype_dataset/tensors/tensor_000040.npy,/content/drive/MyDrive/SKANN_SSL/data/prototype_dataset/waveforms/clip_000040.npy
41,1,0,small_craft,4,0.0,0.0,23.9717,95.8868,False,0.0,0,25.0,281.01,208.57,56.21,0.0074337457444108,0.0148322727428832,0.0165293893627858,48.77331882822592,77.42,83.42,84.37,6.0,/content/drive/MyDrive/SKANN_SSL/data/prototype_dataset/tensors/tensor_000041.npy,/content/drive/MyDrive/SKANN_SSL/data/prototype_dataset/waveforms/clip_000041.npy
42,2,0,small_craft,4,0.0,0.0,24.9665,99.8662,False,0.0,0,25.0,397.94,144.51,82.7,0.0074337457444108,0.0148322727428832,0.0166413280266228,47.12236306794452,77.42,83.42,84.42,6.0,/content/drive/MyDrive/SKANN_SSL/data/prototype_dataset/tensors/tensor_000042.npy,/content/drive/MyDrive/SKANN_SSL/data/prototype_dataset/waveforms/clip_000042.npy
43,3,0,small_craft,4,0.0,0.0,26.6989,106.7955,False,0.0,0,25.0,246.94,57.28,110.91,0.0074337457444108,0.0148322727428832,0.0165871320671643,48.654565014664506,77.42,83.42,84.4,6.0,/content/drive/MyDrive/SKANN_SSL/data/prototype_dataset/tensors/tensor_000043.npy,/content/drive/MyDrive/SKANN_SSL/data/prototype_dataset/waveforms/clip_000043.npy
44,4,0,small_craft,4,0.0,0.0,24.1343,96.5372,False,0.0,0,25.0,158.73,76.5,266.25,0.0074337457444108,0.0148322727428832,0.0165400199487715,48.76607261622296,77.42,83.42,84.37,6.0,/content/drive/MyDrive/SKANN_SSL/data/prototype_dataset/tensors/tensor_000044.npy,/content/drive/MyDrive/SKANN_SSL/data/prototype_dataset/waveforms/clip_000044.npy
45,0,0,small_craft,4,0.0,0.3333,25.3689,101.4755,True,5894.91,570,25.0,355.54,198.95,138.61,0.0074337457444108,0.0148322727428832,0.0166559423477625,47.39855517310307,77.42,83.42,84.43,6.0,/content/drive/MyDrive/SKANN_SSL/data/prototype_dataset/tensors/tensor_000045.npy,/content/drive/MyDrive/SKANN_SSL/data/prototype_dataset/waveforms/clip_000045.npy
46,1,0,small_craft,4,0.0,0.3333,22.5851,90.3406,True,5943.61,528,25.0,359.81,257.36,117.03,0.0074337457444108,0.0148322727428832,0.0166746076179128,48.040375880803,77.42,83.42,84.44,6.0,/content/drive/MyDrive/SKANN_SSL/data/prototype_dataset/tensors/tensor_000046.npy,/content/drive/MyDrive/SKANN_SSL/data/prototype_dataset/waveforms/clip_000046.npy
47,2,0,small_craft,4,0.0,0.3333,24.0075,96.0301,True,5968.56,590,25.0,77.86,334.04,108.65,0.0074337457444108,0.0148322727428832,0.0166682489287438,48.15752055291029,77.42,83.42,84.44,6.0,/content/drive/MyDrive/SKANN_SSL/data/prototype_dataset/tensors/tensor_000047.npy,/content/drive/MyDrive/SKANN_SSL/data/prototype_dataset/waveforms/clip_000047.npy
48,3,0,small_craft,4,0.0,0.3333,23.4899,93.9598,True,5869.55,634,25.0,120.55,113.55,0.0,0.0074337457444108,0.0148322727428832,0.0165017167723041,48.38757328607613,77.42,83.42,84.35,6.0,/content/drive/MyDrive/SKANN_SSL/data/prototype_dataset/tensors/tensor_000048.npy,/content/drive/MyDrive/SKANN_SSL/data/prototype_dataset/waveforms/clip_000048.npy
49,4,0,small_craft,4,0.0,0.3333,23.1021,92.4084,True,5878.2,536,25.0,317.2,83.83,0.0,0.0074337457444108,0.0148322727428832,0.0166024734904201,48.215770917689,77.42,83.42,84.4,6.0,/content/drive/MyDrive/SKANN_SSL/data/prototype_dataset/tensors/tensor_000049.npy,/content/drive/MyDrive/SKANN_SSL/data/prototype_dataset/waveforms/clip_000049.npy
50,0,0,small_craft,4,0.0,0.6667,19.5916,78.3665,True,6063.44,873,25.0,377.28,56.78,194.26,0.0074337457444108,0.0148322727428832,0.0165909243679216,38.79270366919791,77.42,83.42,84.4,6.0,/content/drive/MyDrive/SKANN_SSL/data/prototype_dataset/tensors/tensor_000050.npy,/content/drive/MyDrive/SKANN_SSL/data/prototype_dataset/waveforms/clip_000050.npy
51,1,0,small_craft,4,0.0,0.6667,17.9869,71.9474,True,6215.7,775,25.0,140.15,135.07,0.0,0.0074337457444108,0.0148322727428832,0.016656689190144,40.19515441862728,77.42,83.42,84.43,6.0,/content/drive/MyDrive/SKANN_SSL/data/prototype_dataset/tensors/tensor_000051.npy,/content/drive/MyDrive/SKANN_SSL/data/prototype_dataset/waveforms/clip_000051.npy
52,2,0,small_craft,4,0.0,0.6667,22.8271,91.3082,True,6167.9,1018,25.0,246.92,428.22,88.88,0.0074337457444108,0.0148322727428832,0.0166512136148877,36.36677512501541,77.42,83.42,84.43,6.0,/content/drive/MyDrive/SKANN_SSL/data/prototype_dataset/tensors/tensor_000052.npy,/content/drive/MyDrive/SKANN_SSL/data/prototype_dataset/waveforms/clip_000052.npy
53,3,0,small_craft,4,0.0,0.6667,21.272,85.0879,True,6029.44,954,25.0,130.92,299.37,0.0,0.0074337457444108,0.0148322727428832,0.0164743295704781,36.35432160076222,77.42,83.42,84.34,6.0,/content/drive/MyDrive/SKANN_SSL/data/prototype_dataset/tensors/tensor_000053.npy,/content/drive/MyDrive/SKANN_SSL/data/prototype_dataset/waveforms/clip_000053.npy
54,4,0,small_craft,4,0.0,0.6667,25.0622,100.2489,True,5901.37,1084,25.0,63.18,222.85,0.0,0.0074337457444108,0.0148322727428832,0.0165890144134963,33.20324576236109,77.42,83.42,84.4,6.0,/content/drive/MyDrive/SKANN_SSL/data/prototype_dataset/tensors/tensor_000054.npy,/content/drive/MyDrive/SKANN_SSL/data/prototype_dataset/waveforms/clip_000054.npy
55,0,0,small_craft,4,0.0,1.0,18.4474,73.7896,True,6017.36,1159,25.0,200.57,490.94,0.0,0.0074337457444108,0.0148322727428832,0.016537078522684,24.851653180109945,77.42,83.42,84.37,6.0,/content/drive/MyDrive/SKANN_SSL/data/prototype_dataset/tensors/tensor_000055.npy,/content/drive/MyDrive/SKANN_SSL/data/prototype_dataset/waveforms/clip_000055.npy
56,1,0,small_craft,4,0.0,1.0,20.759,83.0361,True,6096.79,1234,25.0,116.58,421.59,0.0,0.0074337457444108,0.0148322727428832,0.0165398275790834,24.4738278495945,77.42,83.42,84.37,6.0,/content/drive/MyDrive/SKANN_SSL/data/prototype_dataset/tensors/tensor_000056.npy,/content/drive/MyDrive/SKANN_SSL/data/prototype_dataset/waveforms/clip_000056.npy
57,2,0,small_craft,4,0.0,1.0,19.667,78.668,True,5898.43,1216,25.0,68.07,421.11,0.0,0.0074337457444108,0.0148322727428832,0.0165612705030693,21.73352703037013,77.42,83.42,84.38,6.0,/content/drive/MyDrive/SKANN_SSL/data/prototype_dataset/tensors/tensor_000057.npy,/content/drive/MyDrive/SKANN_SSL/data/prototype_dataset/waveforms/clip_000057.npy
58,3,0,small_craft,4,0.0,1.0,18.5009,74.0035,True,6089.42,1113,25.0,81.68,152.56,0.0,0.0074337457444108,0.0148322727428832,0.0165012213645436,21.374819365976304,77.42,83.42,84.35,6.0,/content/drive/MyDrive/SKANN_SSL/data/prototype_dataset/tensors/tensor_000058.npy,/content/drive/MyDrive/SKANN_SSL/data/prototype_dataset/waveforms/clip_000058.npy
59,4,0,small_craft,4,0.0,1.0,18.7727,75.0907,True,6032.91,1125,25.0,186.48,411.25,121.56,0.0074337457444108,0.0148322727428832,0.016553011685617,26.6169736435114,77.42,83.42,84.38,6.0,/content/drive/MyDrive/SKANN_SSL/data/prototype_dataset/tensors/tensor_000059.npy,/content/drive/MyDrive/SKANN_SSL/data/prototype_dataset/waveforms/clip_000059.npy
60,0,0,small_craft,4,50.0,0.0,21.5773,86.3093,False,0.0,0,25.0,184.34,144.16,429.85,0.0074337457444108,0.0148322727428832,0.0165298891716338,47.649812090888574,77.42,83.42,84.37,6.0,/content/drive/MyDrive/SKANN_SSL/data/prototype_dataset/tensors/tensor_000060.npy,/content/drive/MyDrive/SKANN_SSL/data/prototype_dataset/waveforms/clip_000060.npy
61,1,0,small_craft,4,50.0,0.0,23.4231,93.6925,False,0.0,0,25.0,257.47,97.35,0.0,0.0074337457444108,0.0148322727428832,0.0165792920803937,47.99614456223679,77.42,83.42,84.39,6.0,/content/drive/MyDrive/SKANN_SSL/data/prototype_dataset/tensors/tensor_000061.npy,/content/drive/MyDrive/SKANN_SSL/data/prototype_dataset/waveforms/clip_000061.npy
62,2,0,small_craft,4,50.0,0.0,27.7235,110.8942,False,0.0,0,25.0,303.96,124.08,132.42,0.0074337457444108,0.0148322727428832,0.0165877901498091,47.86472600757396,77.42,83.42,84.4,6.0,/content/drive/MyDrive/SKANN_SSL/data/prototype_dataset/tensors/tensor_000062.npy,/content/drive/MyDrive/SKANN_SSL/data/prototype_dataset/waveforms/clip_000062.npy
63,3,0,small_craft,4,50.0,0.0,18.3377,73.3506,False,0.0,0,25.0,242.06,137.42,0.0,0.0074337457444108,0.0148322727428832,0.0166609062860339,47.97078064137065,77.42,83.42,84.43,6.0,/content/drive/MyDrive/SKANN_SSL/data/prototype_dataset/tensors/tensor_000063.npy,/content/drive/MyDrive/SKANN_SSL/data/prototype_dataset/waveforms/clip_000063.npy
64,4,0,small_craft,4,50.0,0.0,29.5475,118.19,False,0.0,0,25.0,367.93,286.21,0.0,0.0074337457444108,0.0148322727428832,0.0166704689047984,47.9285101978247,77.42,83.42,84.44,6.0,/content/drive/MyDrive/SKANN_SSL/data/prototype_dataset/tensors/tensor_000064.npy,/content/drive/MyDrive/SKANN_SSL/data/prototype_dataset/waveforms/clip_000064.npy
65,0,0,small_craft,4,50.0,0.3333,17.7767,71.1067,True,5752.35,450,25.0,220.43,226.71,143.41,0.0074337457444108,0.0148322727428832,0.0166126908176605,47.51354527265177,77.42,83.42,84.41,6.0,/content/drive/MyDrive/SKANN_SSL/data/prototype_dataset/tensors/tensor_000065.npy,/content/drive/MyDrive/SKANN_SSL/data/prototype_dataset/waveforms/clip_000065.npy
66,1,0,small_craft,4,50.0,0.3333,18.8827,75.5307,True,5891.96,430,25.0,190.19,383.58,72.93,0.0074337457444108,0.0148322727428832,0.0166279253947013,47.2254002196828,77.42,83.42,84.42,6.0,/content/drive/MyDrive/SKANN_SSL/data/prototype_dataset/tensors/tensor_000066.npy,/content/drive/MyDrive/SKANN_SSL/data/prototype_dataset/waveforms/clip_000066.npy
67,2,0,small_craft,4,50.0,0.3333,24.3082,97.2328,True,5920.16,612,25.0,78.32,147.66,466.15,0.0074337457444108,0.0148322727428832,0.0165411260013136,46.95890605662859,77.42,83.42,84.37,6.0,/content/drive/MyDrive/SKANN_SSL/data/prototype_dataset/tensors/tensor_000067.npy,/content/drive/MyDrive/SKANN_SSL/data/prototype_dataset/waveforms/clip_000067.npy
68,3,0,small_craft,4,50.0,0.3333,27.5162,110.0646,True,6016.71,646,25.0,258.34,266.41,0.0,0.0074337457444108,0.0148322727428832,0.0165606863083845,47.535539302757215,77.42,83.42,84.38,6.0,/content/drive/MyDrive/SKANN_SSL/data/prototype_dataset/tensors/tensor_000068.npy,/content/drive/MyDrive/SKANN_SSL/data/prototype_dataset/waveforms/clip_000068.npy
69,4,0,small_craft,4,50.0,0.3333,29.3443,117.3771,True,5996.26,706,25.0,390.38,52.12,0.0,0.0074337457444108,0.0148322727428832,0.0165942977555383,47.52229169705256,77.42,83.42,84.4,6.0,/content/drive/MyDrive/SKANN_SSL/data/prototype_dataset/tensors/tensor_000069.npy,/content/drive/MyDrive/SKANN_SSL/data/prototype_dataset/waveforms/clip_000069.npy
70,0,0,small_craft,4,50.0,0.6667,16.7951,67.1805,True,5930.96,743,25.0,212.36,202.1,0.0,0.0074337457444108,0.0148322727428832,0.0165972656054556,37.19477620333968,77.42,83.42,84.4,6.0,/content/drive/MyDrive/SKANN_SSL/data/prototype_dataset/tensors/tensor_000070.npy,/content/drive/MyDrive/SKANN_SSL/data/prototype_dataset/waveforms/clip_000070.npy
71,1,0,small_craft,4,50.0,0.6667,21.709,86.8359,True,5941.48,917,25.0,269.16,68.5,248.44,0.0074337457444108,0.0148322727428832,0.0165289992493751,39.51462932497033,77.42,83.42,84.36,6.0,/content/drive/MyDrive/SKANN_SSL/data/prototype_dataset/tensors/tensor_000071.npy,/content/drive/MyDrive/SKANN_SSL/data/prototype_dataset/waveforms/clip_000071.npy
72,2,0,small_craft,4,50.0,0.6667,19.3882,77.553,True,6079.07,833,25.0,343.57,279.04,90.87,0.0074337457444108,0.0148322727428832,0.0166339338101642,41.77844387841671,77.42,83.42,84.42,6.0,/content/drive/MyDrive/SKANN_SSL/data/prototype_dataset/tensors/tensor_000072.npy,/content/drive/MyDrive/SKANN_SSL/data/prototype_dataset/waveforms/clip_000072.npy
73,3,0,small_craft,4,50.0,0.6667,28.2234,112.8936,True,5977.42,1251,25.0,50.15,131.02,0.0,0.0074337457444108,0.0148322727428832,0.0165709941085341,33.1959328608561,77.42,83.42,84.39,6.0,/content/drive/MyDrive/SKANN_SSL/data/prototype_dataset/tensors/tensor_000073.npy,/content/drive/MyDrive/SKANN_SSL/data/prototype_dataset/waveforms/clip_000073.npy
74,4,0,small_craft,4,50.0,0.6667,26.7155,106.8619,True,5986.96,1191,25.0,416.52,242.8,146.3,0.0074337457444108,0.0148322727428832,0.0166217790769463,39.47081023727095,77.42,83.42,84.41,6.0,/content/drive/MyDrive/SKANN_SSL/data/prototype_dataset/tensors/tensor_000074.npy,/content/drive/MyDrive/SKANN_SSL/data/prototype_dataset/waveforms/clip_000074.npy
75,0,0,small_craft,4,50.0,1.0,19.5322,78.1288,True,5951.97,1133,25.0,206.39,445.11,0.0,0.0074337457444108,0.0148322727428832,0.016551107301725,22.12938115307968,77.42,83.42,84.38,6.0,/content/drive/MyDrive/SKANN_SSL/data/prototype_dataset/tensors/tensor_000075.npy,/content/drive/MyDrive/SKANN_SSL/data/prototype_dataset/waveforms/clip_000075.npy
76,1,0,small_craft,4,50.0,1.0,24.8927,99.5707,True,5978.5,1578,25.0,369.09,116.48,149.42,0.0074337457444108,0.0148322727428832,0.0166599001324404,19.786857650554644,77.42,83.42,84.43,6.0,/content/drive/MyDrive/SKANN_SSL/data/prototype_dataset/tensors/tensor_000076.npy,/content/drive/MyDrive/SKANN_SSL/data/prototype_dataset/waveforms/clip_000076.npy
77,2,0,small_craft,4,50.0,1.0,21.3802,85.5207,True,6088.92,1323,25.0,115.17,336.56,0.0,0.0074337457444108,0.0148322727428832,0.0166423402178501,20.6480244282929,77.42,83.42,84.42,6.0,/content/drive/MyDrive/SKANN_SSL/data/prototype_dataset/tensors/tensor_000077.npy,/content/drive/MyDrive/SKANN_SSL/data/prototype_dataset/waveforms/clip_000077.npy
78,3,0,small_craft,4,50.0,1.0,24.0215,96.0858,True,6079.85,1387,25.0,348.57,50.6,0.0,0.0074337457444108,0.0148322727428832,0.0165492296022913,25.988758019344303,77.42,83.42,84.38,6.0,/content/drive/MyDrive/SKANN_SSL/data/prototype_dataset/tensors/tensor_000078.npy,/content/drive/MyDrive/SKANN_SSL/data/prototype_dataset/waveforms/clip_000078.npy
79,4,0,small_craft,4,50.0,1.0,18.1144,72.4574,True,5979.81,1114,25.0,450.26,223.12,50.34,0.0074337457444108,0.0148322727428832,0.0165631386309021,21.33362218537956,77.42,83.42,84.38,6.0,/content/drive/MyDrive/SKANN_SSL/data/prototype_dataset/tensors/tensor_000079.npy,/content/drive/MyDrive/SKANN_SSL/data/prototype_dataset/waveforms/clip_000079.npy
80,0,0,small_craft,5,0.0,0.0,18.52,92.5998,False,0.0,0,25.0,272.55,71.85,249.41,0.0074337457444108,0.0148322727428832,0.0166794341537194,49.38221725941762,77.42,83.42,84.44,6.0,/content/drive/MyDrive/SKANN_SSL/data/prototype_dataset/tensors/tensor_000080.npy,/content/drive/MyDrive/SKANN_SSL/data/prototype_dataset/waveforms/clip_000080.npy
81,1,0,small_craft,5,0.0,0.0,27.7016,138.5081,False,0.0,0,25.0,266.79,217.95,0.0,0.0074337457444108,0.0148322727428832,0.0164285823247854,49.08966578748458,77.42,83.42,84.31,6.0,/content/drive/MyDrive/SKANN_SSL/data/prototype_dataset/tensors/tensor_000081.npy,/content/drive/MyDrive/SKANN_SSL/data/prototype_dataset/waveforms/clip_000081.npy
82,2,0,small_craft,5,0.0,0.0,23.6591,118.2955,False,0.0,0,25.0,468.36,293.48,0.0,0.0074337457444108,0.0148322727428832,0.016550168868345,49.249191661759866,77.42,83.42,84.38,6.0,/content/drive/MyDrive/SKANN_SSL/data/prototype_dataset/tensors/tensor_000082.npy,/content/drive/MyDrive/SKANN_SSL/data/prototype_dataset/waveforms/clip_000082.npy
83,3,0,small_craft,5,0.0,0.0,21.0357,105.1783,False,0.0,0,25.0,275.25,494.29,0.0,0.0074337457444108,0.0148322727428832,0.0165936815342505,49.31824814701515,77.42,83.42,84.4,6.0,/content/drive/MyDrive/SKANN_SSL/data/prototype_dataset/tensors/tensor_000083.npy,/content/drive/MyDrive/SKANN_SSL/data/prototype_dataset/waveforms/clip_000083.npy
84,4,0,small_craft,5,0.0,0.0,15.565,77.8251,False,0.0,0,25.0,117.78,440.8,263.41,0.0074337457444108,0.0148322727428832,0.0165966588963778,49.29251190225727,77.42,83.42,84.4,6.0,/content/drive/MyDrive/SKANN_SSL/data/prototype_dataset/tensors/tensor_000084.npy,/content/drive/MyDrive/SKANN_SSL/data/prototype_dataset/waveforms/clip_000084.npy
85,0,0,small_craft,5,0.0,0.3333,21.8776,109.3878,True,6162.35,668,25.0,469.21,273.25,0.0,0.0074337457444108,0.0148322727428832,0.0165505207593751,48.88868358424373,77.42,83.42,84.38,6.0,/content/drive/MyDrive/SKANN_SSL/data/prototype_dataset/tensors/tensor_000085.npy,/content/drive/MyDrive/SKANN_SSL/data/prototype_dataset/waveforms/clip_000085.npy
86,1,0,small_craft,5,0.0,0.3333,22.8375,114.1873,True,5873.36,665,25.0,279.93,145.75,412.26,0.0074337457444108,0.0148322727428832,0.0166486390743938,48.72060006190302,77.42,83.42,84.43,6.0,/content/drive/MyDrive/SKANN_SSL/data/prototype_dataset/tensors/tensor_000086.npy,/content/drive/MyDrive/SKANN_SSL/data/prototype_dataset/waveforms/clip_000086.npy
87,2,0,small_craft,5,0.0,0.3333,18.0366,90.1828,True,6157.08,539,25.0,77.4,373.22,251.87,0.0074337457444108,0.0148322727428832,0.0166149194791862,48.86156461321929,77.42,83.42,84.41,6.0,/content/drive/MyDrive/SKANN_SSL/data/prototype_dataset/tensors/tensor_000087.npy,/content/drive/MyDrive/SKANN_SSL/data/prototype_dataset/waveforms/clip_000087.npy
88,3,0,small_craft,5,0.0,0.3333,24.2863,121.4313,True,5989.39,726,25.0,241.76,243.36,0.0,0.0074337457444108,0.0148322727428832,0.0165743549176863,48.39499875651704,77.42,83.42,84.39,6.0,/content/drive/MyDrive/SKANN_SSL/data/prototype_dataset/tensors/tensor_000088.npy,/content/drive/MyDrive/SKANN_SSL/data/prototype_dataset/waveforms/clip_000088.npy
89,4,0,small_craft,5,0.0,0.3333,25.1343,125.6717,True,5830.81,800,25.0,123.35,291.98,0.0,0.0074337457444108,0.0148322727428832,0.016777370133905,47.74812280577685,77.42,83.42,84.49,6.0,/content/drive/MyDrive/SKANN_SSL/data/prototype_dataset/tensors/tensor_000089.npy,/content/drive/MyDrive/SKANN_SSL/data/prototype_dataset/waveforms/clip_000089.npy
90,0,0,small_craft,5,0.0,0.6667,18.8649,94.3244,True,5957.87,1042,25.0,104.44,110.84,0.0,0.0074337457444108,0.0148322727428832,0.0166604416126606,35.523536491877,77.42,83.42,84.43,6.0,/content/drive/MyDrive/SKANN_SSL/data/prototype_dataset/tensors/tensor_000090.npy,/content/drive/MyDrive/SKANN_SSL/data/prototype_dataset/waveforms/clip_000090.npy
91,1,0,small_craft,5,0.0,0.6667,19.5717,97.8587,True,6142.11,1015,25.0,212.48,53.87,496.79,0.0074337457444108,0.0148322727428832,0.0165492913356954,37.205138281234994,77.42,83.42,84.38,6.0,/content/drive/MyDrive/SKANN_SSL/data/prototype_dataset/tensors/tensor_000091.npy,/content/drive/MyDrive/SKANN_SSL/data/prototype_dataset/waveforms/clip_000091.npy
92,2,0,small_craft,5,0.0,0.6667,15.5554,77.777,True,5986.77,845,25.0,175.39,142.56,0.0,0.0074337457444108,0.0148322727428832,0.0165376613631526,40.99390888925873,77.42,83.42,84.37,6.0,/content/drive/MyDrive/SKANN_SSL/data/prototype_dataset/tensors/tensor_000092.npy,/content/drive/MyDrive/SKANN_SSL/data/prototype_dataset/waveforms/clip_000092.npy
93,3,0,small_craft,5,0.0,0.6667,27.9797,139.8983,True,6022.72,1562,25.0,256.32,114.3,164.91,0.0074337457444108,0.0148322727428832,0.0166152696087873,38.10601321476188,77.42,83.42,84.41,6.0,/content/drive/MyDrive/SKANN_SSL/data/prototype_dataset/tensors/tensor_000093.npy,/content/drive/MyDrive/SKANN_SSL/data/prototype_dataset/waveforms/clip_000093.npy
94,4,0,small_craft,5,0.0,0.6667,17.0764,85.3822,True,6125.24,936,25.0,117.93,134.21,0.0,0.0074337457444108,0.0148322727428832,0.0166644986269183,39.43578612300436,77.42,83.42,84.44,6.0,/content/drive/MyDrive/SKANN_SSL/data/prototype_dataset/tensors/tensor_000094.npy,/content/drive/MyDrive/SKANN_SSL/data/prototype_dataset/waveforms/clip_000094.npy
95,0,0,small_craft,5,0.0,1.0,24.9876,124.9381,True,6042.78,1819,25.0,138.73,81.7,399.15,0.0074337457444108,0.0148322727428832,0.0165621897956236,15.987221702072246,77.42,83.42,84.38,6.0,/content/drive/MyDrive/SKANN_SSL/data/prototype_dataset/tensors/tensor_000095.npy,/content/drive/MyDrive/SKANN_SSL/data/prototype_dataset/waveforms/clip_000095.npy
96,1,0,small_craft,5,0.0,1.0,21.6872,108.4358,True,5989.73,1520,25.0,277.73,86.35,244.27,0.0074337457444108,0.0148322727428832,0.01668626786074,24.199524518313183,77.42,83.42,84.45,6.0,/content/drive/MyDrive/SKANN_SSL/data/prototype_dataset/tensors/tensor_000096.npy,/content/drive/MyDrive/SKANN_SSL/data/prototype_dataset/waveforms/clip_000096.npy
97,2,0,small_craft,5,0.0,1.0,22.9006,114.5029,True,6018.7,1751,25.0,301.03,104.59,258.84,0.0074337457444108,0.0148322727428832,0.0166002990509044,20.37673954497035,77.42,83.42,84.4,6.0,/content/drive/MyDrive/SKANN_SSL/data/prototype_dataset/tensors/tensor_000097.npy,/content/drive/MyDrive/SKANN_SSL/data/prototype_dataset/waveforms/clip_000097.npy
98,3,0,small_craft,5,0.0,1.0,22.8926,114.4631,True,6021.06,1710,25.0,189.55,256.32,0.0,0.0074337457444108,0.0148322727428832,0.0164995754199632,21.12698122522424,77.42,83.42,84.35,6.0,/content/drive/MyDrive/SKANN_SSL/data/prototype_dataset/tensors/tensor_000098.npy,/content/drive/MyDrive/SKANN_SSL/data/prototype_dataset/waveforms/clip_000098.npy
99,4,0,small_craft,5,0.0,1.0,24.481,122.4049,True,6010.11,1835,25.0,350.62,227.66,0.0,0.0074337457444108,0.0148322727428832,0.0166275185972278,18.592663533240792,77.42,83.42,84.42,6.0,/content/drive/MyDrive/SKANN_SSL/data/prototype_dataset/tensors/tensor_000099.npy,/content/drive/MyDrive/SKANN_SSL/data/prototype_dataset/waveforms/clip_000099.npy
100,0,0,small_craft,5,50.0,0.0,19.3465,96.7327,False,0.0,0,25.0,55.83,280.99,266.6,0.0074337457444108,0.0148322727428832,0.016376196459842,48.05330610183604,77.42,83.42,84.28,6.0,/content/drive/MyDrive/SKANN_SSL/data/prototype_dataset/tensors/tensor_000100.npy,/content/drive/MyDrive/SKANN_SSL/data/prototype_dataset/waveforms/clip_000100.npy
101,1,0,small_craft,5,50.0,0.0,16.9188,84.5939,False,0.0,0,25.0,151.35,247.49,0.0,0.0074337457444108,0.0148322727428832,0.0166501829773307,48.30611028517957,77.42,83.42,84.43,6.0,/content/drive/MyDrive/SKANN_SSL/data/prototype_dataset/tensors/tensor_000101.npy,/content/drive/MyDrive/SKANN_SSL/data/prototype_dataset/waveforms/clip_000101.npy
102,2,0,small_craft,5,50.0,0.0,23.1152,115.576,False,0.0,0,25.0,132.85,179.04,425.47,0.0074337457444108,0.0148322727428832,0.0165587400196378,48.30610111928417,77.42,83.42,84.38,6.0,/content/drive/MyDrive/SKANN_SSL/data/prototype_dataset/tensors/tensor_000102.npy,/content/drive/MyDrive/SKANN_SSL/data/prototype_dataset/waveforms/clip_000102.npy
103,3,0,small_craft,5,50.0,0.0,22.0426,110.213,False,0.0,0,25.0,140.99,438.62,0.0,0.0074337457444108,0.0148322727428832,0.016645647602435,48.44854084654293,77.42,83.42,84.43,6.0,/content/drive/MyDrive/SKANN_SSL/data/prototype_dataset/tensors/tensor_000103.npy,/content/drive/MyDrive/SKANN_SSL/data/prototype_dataset/waveforms/clip_000103.npy
104,4,0,small_craft,5,50.0,0.0,27.6113,138.0567,False,0.0,0,25.0,233.56,382.95,0.0,0.0074337457444108,0.0148322727428832,0.0164487082985867,48.18220612326778,77.42,83.42,84.32,6.0,/content/drive/MyDrive/SKANN_SSL/data/prototype_dataset/tensors/tensor_000104.npy,/content/drive/MyDrive/SKANN_SSL/data/prototype_dataset/waveforms/clip_000104.npy
105,0,0,small_craft,5,50.0,0.3333,16.3706,81.8528,True,5861.85,473,25.0,142.25,96.69,275.14,0.0074337457444108,0.0148322727428832,0.0165040446135853,47.55275472615636,77.42,83.42,84.35,6.0,/content/drive/MyDrive/SKANN_SSL/data/prototype_dataset/tensors/tensor_000105.npy,/content/drive/MyDrive/SKANN_SSL/data/prototype_dataset/waveforms/clip_000105.npy
106,1,0,small_craft,5,50.0,0.3333,21.5129,107.5645,True,6091.85,657,25.0,243.53,465.01,79.81,0.0074337457444108,0.0148322727428832,0.0166999093341949,47.7607305203581,77.42,83.42,84.45,6.0,/content/drive/MyDrive/SKANN_SSL/data/prototype_dataset/tensors/tensor_000106.npy,/content/drive/MyDrive/SKANN_SSL/data/prototype_dataset/waveforms/clip_000106.npy
107,2,0,small_craft,5,50.0,0.3333,24.874,124.3701,True,6008.95,707,25.0,414.24,142.66,0.0,0.0074337457444108,0.0148322727428832,0.0165878812179081,45.63940122721255,77.42,83.42,84.4,6.0,/content/drive/MyDrive/SKANN_SSL/data/prototype_dataset/tensors/tensor_000107.npy,/content/drive/MyDrive/SKANN_SSL/data/prototype_dataset/waveforms/clip_000107.npy
108,3,0,small_craft,5,50.0,0.3333,26.7024,133.5119,True,6038.17,800,25.0,437.74,61.35,0.0,0.0074337457444108,0.0148322727428832,0.0165211442218873,47.67501042980224,77.42,83.42,84.36,6.0,/content/drive/MyDrive/SKANN_SSL/data/prototype_dataset/tensors/tensor_000108.npy,/content/drive/MyDrive/SKANN_SSL/data/prototype_dataset/waveforms/clip_000108.npy
109,4,0,small_craft,5,50.0,0.3333,19.6268,98.1339,True,5893.05,628,25.0,98.85,225.14,177.7,0.0074337457444108,0.0148322727428832,0.0166199666745746,47.43064732522143,77.42,83.42,84.41,6.0,/content/drive/MyDrive/SKANN_SSL/data/prototype_dataset/tensors/tensor_000109.npy,/content/drive/MyDrive/SKANN_SSL/data/prototype_dataset/waveforms/clip_000109.npy
110,0,0,small_craft,5,50.0,0.6667,17.539,87.6951,True,5958.4,911,25.0,298.34,92.95,0.0,0.0074337457444108,0.0148322727428832,0.016646493481522,37.98300839816272,77.42,83.42,84.43,6.0,/content/drive/MyDrive/SKANN_SSL/data/prototype_dataset/tensors/tensor_000110.npy,/content/drive/MyDrive/SKANN_SSL/data/prototype_dataset/waveforms/clip_000110.npy
111,1,0,small_craft,5,50.0,0.6667,22.7607,113.8033,True,6065.76,1273,25.0,146.6,132.98,0.0,0.0074337457444108,0.0148322727428832,0.0165161012514834,36.697236295173575,77.42,83.42,84.36,6.0,/content/drive/MyDrive/SKANN_SSL/data/prototype_dataset/tensors/tensor_000111.npy,/content/drive/MyDrive/SKANN_SSL/data/prototype_dataset/waveforms/clip_000111.npy
112,2,0,small_craft,5,50.0,0.6667,18.8908,94.454,True,6030.15,1055,25.0,203.88,244.51,118.78,0.0074337457444108,0.0148322727428832,0.0165812389887292,39.23761701468311,77.42,83.42,84.39,6.0,/content/drive/MyDrive/SKANN_SSL/data/prototype_dataset/tensors/tensor_000112.npy,/content/drive/MyDrive/SKANN_SSL/data/prototype_dataset/waveforms/clip_000112.npy
113,3,0,small_craft,5,50.0,0.6667,21.3311,106.6556,True,6075.84,1172,25.0,60.07,234.37,127.21,0.0074337457444108,0.0148322727428832,0.0165139102886809,36.37814917226791,77.42,83.42,84.36,6.0,/content/drive/MyDrive/SKANN_SSL/data/prototype_dataset/tensors/tensor_000113.npy,/content/drive/MyDrive/SKANN_SSL/data/prototype_dataset/waveforms/clip_000113.npy
114,4,0,small_craft,5,50.0,0.6667,26.5632,132.8162,True,5962.53,1455,25.0,103.89,109.0,0.0,0.0074337457444108,0.0148322727428832,0.0166781218312036,32.277821237070945,77.42,83.42,84.44,6.0,/content/drive/MyDrive/SKANN_SSL/data/prototype_dataset/tensors/tensor_000114.npy,/content/drive/MyDrive/SKANN_SSL/data/prototype_dataset/waveforms/clip_000114.npy
115,0,0,small_craft,5,50.0,1.0,22.8817,114.4086,True,6005.67,1731,25.0,327.06,60.84,0.0,0.0074337457444108,0.0148322727428832,0.0166622362602066,22.942185596922524,77.42,83.42,84.43,6.0,/content/drive/MyDrive/SKANN_SSL/data/prototype_dataset/tensors/tensor_000115.npy,/content/drive/MyDrive/SKANN_SSL/data/prototype_dataset/waveforms/clip_000115.npy
116,1,0,small_craft,5,50.0,1.0,20.4083,102.0416,True,6036.46,1474,25.0,297.05,92.41,301.08,0.0074337457444108,0.0148322727428832,0.0165472720259745,19.899611643367283,77.42,83.42,84.37,6.0,/content/drive/MyDrive/SKANN_SSL/data/prototype_dataset/tensors/tensor_000116.npy,/content/drive/MyDrive/SKANN_SSL/data/prototype_dataset/waveforms/clip_000116.npy
117,2,0,small_craft,5,50.0,1.0,18.0419,90.2095,True,6021.28,1331,25.0,361.29,231.54,0.0,0.0074337457444108,0.0148322727428832,0.0166020155399728,17.580876977065927,77.42,83.42,84.4,6.0,/content/drive/MyDrive/SKANN_SSL/data/prototype_dataset/tensors/tensor_000117.npy,/content/drive/MyDrive/SKANN_SSL/data/prototype_dataset/waveforms/clip_000117.npy
118,3,0,small_craft,5,50.0,1.0,23.8793,119.3965,True,6105.57,1851,25.0,380.49,118.96,0.0,0.0074337457444108,0.0148322727428832,0.0166378031239673,17.859752465996937,77.42,83.42,84.42,6.0,/content/drive/MyDrive/SKANN_SSL/data/prototype_dataset/tensors/tensor_000118.npy,/content/drive/MyDrive/SKANN_SSL/data/prototype_dataset/waveforms/clip_000118.npy
119,4,0,small_craft,5,50.0,1.0,20.3958,101.9792,True,5977.0,1546,25.0,108.09,280.45,315.43,0.0074337457444108,0.0148322727428832,0.0165756998258054,21.682987986512455,77.42,83.42,84.39,6.0,/content/drive/MyDrive/SKANN_SSL/data/prototype_dataset/tensors/tensor_000119.npy,/content/drive/MyDrive/SKANN_SSL/data/prototype_dataset/waveforms/clip_000119.npy
120,0,0,fishing_vessel,3,0.0,0.0,5.4452,16.3356,False,0.0,0,25.0,282.22,67.63,487.53,0.0074337457444108,0.0148322727428832,0.0167011019287487,46.4781494429409,77.42,83.42,84.45,6.0,/content/drive/MyDrive/SKANN_SSL/data/prototype_dataset/tensors/tensor_000120.npy,/content/drive/MyDrive/SKANN_SSL/data/prototype_dataset/waveforms/clip_000120.npy
121,1,0,fishing_vessel,3,0.0,0.0,6.9205,20.7614,False,0.0,0,25.0,168.39,136.49,0.0,0.0074337457444108,0.0148322727428832,0.0165520636048811,46.68016078919896,77.42,83.42,84.38,6.0,/content/drive/MyDrive/SKANN_SSL/data/prototype_dataset/tensors/tensor_000121.npy,/content/drive/MyDrive/SKANN_SSL/data/prototype_dataset/waveforms/clip_000121.npy
122,2,0,fishing_vessel,3,0.0,0.0,7.4694,22.4083,False,0.0,0,25.0,293.24,133.55,0.0,0.0074337457444108,0.0148322727428832,0.0165697639101006,46.59729276228519,77.42,83.42,84.39,6.0,/content/drive/MyDrive/SKANN_SSL/data/prototype_dataset/tensors/tensor_000122.npy,/content/drive/MyDrive/SKANN_SSL/data/prototype_dataset/waveforms/clip_000122.npy
123,3,0,fishing_vessel,3,0.0,0.0,5.3525,16.0576,False,0.0,0,25.0,92.94,273.05,133.37,0.0074337457444108,0.0148322727428832,0.0165805305506251,46.544465259203314,77.42,83.42,84.39,6.0,/content/drive/MyDrive/SKANN_SSL/data/prototype_dataset/tensors/tensor_000123.npy,/content/drive/MyDrive/SKANN_SSL/data/prototype_dataset/waveforms/clip_000123.npy
124,4,0,fishing_vessel,3,0.0,0.0,4.8179,14.4536,False,0.0,0,25.0,123.17,440.26,0.0,0.0074337457444108,0.0148322727428832,0.0164856295797841,47.53035859881354,77.42,83.42,84.34,6.0,/content/drive/MyDrive/SKANN_SSL/data/prototype_dataset/tensors/tensor_000124.npy,/content/drive/MyDrive/SKANN_SSL/data/prototype_dataset/waveforms/clip_000124.npy
125,0,0,fishing_vessel,3,0.0,0.3333,7.9991,23.9972,True,1813.17,136,25.0,371.71,123.79,0.0,0.0074337457444108,0.0148322727428832,0.0164951688966816,46.30928646831961,77.42,83.42,84.35,6.0,/content/drive/MyDrive/SKANN_SSL/data/prototype_dataset/tensors/tensor_000125.npy,/content/drive/MyDrive/SKANN_SSL/data/prototype_dataset/waveforms/clip_000125.npy
126,1,0,fishing_vessel,3,0.0,0.3333,5.0448,15.1345,True,1969.79,95,25.0,252.11,80.6,0.0,0.0074337457444108,0.0148322727428832,0.0165235335926315,46.2523917954343,77.42,83.42,84.36,6.0,/content/drive/MyDrive/SKANN_SSL/data/prototype_dataset/tensors/tensor_000126.npy,/content/drive/MyDrive/SKANN_SSL/data/prototype_dataset/waveforms/clip_000126.npy
127,2,0,fishing_vessel,3,0.0,0.3333,5.6951,17.0854,True,1796.04,114,25.0,262.79,111.35,247.91,0.0074337457444108,0.0148322727428832,0.0164697409305624,46.40592978753693,77.42,83.42,84.33,6.0,/content/drive/MyDrive/SKANN_SSL/data/prototype_dataset/tensors/tensor_000127.npy,/content/drive/MyDrive/SKANN_SSL/data/prototype_dataset/waveforms/clip_000127.npy
128,3,0,fishing_vessel,3,0.0,0.3333,5.2332,15.6995,True,1755.31,98,25.0,85.72,231.74,131.97,0.0074337457444108,0.0148322727428832,0.0166196414541724,45.93202192333573,77.42,83.42,84.41,6.0,/content/drive/MyDrive/SKANN_SSL/data/prototype_dataset/tensors/tensor_000128.npy,/content/drive/MyDrive/SKANN_SSL/data/prototype_dataset/waveforms/clip_000128.npy
129,4,0,fishing_vessel,3,0.0,0.3333,6.4735,19.4205,True,1810.98,132,25.0,217.78,250.13,125.74,0.0074337457444108,0.0148322727428832,0.0165648282326685,46.32501521986825,77.42,83.42,84.38,6.0,/content/drive/MyDrive/SKANN_SSL/data/prototype_dataset/tensors/tensor_000129.npy,/content/drive/MyDrive/SKANN_SSL/data/prototype_dataset/waveforms/clip_000129.npy
130,0,0,fishing_vessel,3,0.0,0.6667,6.4445,19.3335,True,1717.33,207,25.0,116.03,277.52,0.0,0.0074337457444108,0.0148322727428832,0.0165442326415171,42.65695707861651,77.42,83.42,84.37,6.0,/content/drive/MyDrive/SKANN_SSL/data/prototype_dataset/tensors/tensor_000130.npy,/content/drive/MyDrive/SKANN_SSL/data/prototype_dataset/waveforms/clip_000130.npy
131,1,0,fishing_vessel,3,0.0,0.6667,6.1326,18.3977,True,1855.15,182,25.0,81.49,262.43,200.49,0.0074337457444108,0.0148322727428832,0.0164907151017845,45.129382911609774,77.42,83.42,84.34,6.0,/content/drive/MyDrive/SKANN_SSL/data/prototype_dataset/tensors/tensor_000131.npy,/content/drive/MyDrive/SKANN_SSL/data/prototype_dataset/waveforms/clip_000131.npy
132,2,0,fishing_vessel,3,0.0,0.6667,5.0441,15.1322,True,1801.73,163,25.0,129.38,231.6,0.0,0.0074337457444108,0.0148322727428832,0.0165635137339583,44.409500896310746,77.42,83.42,84.38,6.0,/content/drive/MyDrive/SKANN_SSL/data/prototype_dataset/tensors/tensor_000132.npy,/content/drive/MyDrive/SKANN_SSL/data/prototype_dataset/waveforms/clip_000132.npy
133,3,0,fishing_vessel,3,0.0,0.6667,7.2825,21.8474,True,1805.94,275,25.0,164.82,430.31,0.0,0.0074337457444108,0.0148322727428832,0.0165211645406639,42.31237778232174,77.42,83.42,84.36,6.0,/content/drive/MyDrive/SKANN_SSL/data/prototype_dataset/tensors/tensor_000133.npy,/content/drive/MyDrive/SKANN_SSL/data/prototype_dataset/waveforms/clip_000133.npy
134,4,0,fishing_vessel,3,0.0,0.6667,5.1802,15.5405,True,1812.37,185,25.0,129.58,352.63,0.0,0.0074337457444108,0.0148322727428832,0.016532920422188,45.17134279972105,77.42,83.42,84.37,6.0,/content/drive/MyDrive/SKANN_SSL/data/prototype_dataset/tensors/tensor_000134.npy,/content/drive/MyDrive/SKANN_SSL/data/prototype_dataset/waveforms/clip_000134.npy
135,0,0,fishing_vessel,3,0.0,1.0,5.4797,16.439,True,1854.6,275,25.0,86.09,289.19,0.0,0.0074337457444108,0.0148322727428832,0.0165593506088747,37.94518530803916,77.42,83.42,84.38,6.0,/content/drive/MyDrive/SKANN_SSL/data/prototype_dataset/tensors/tensor_000135.npy,/content/drive/MyDrive/SKANN_SSL/data/prototype_dataset/waveforms/clip_000135.npy
136,1,0,fishing_vessel,3,0.0,1.0,4.2881,12.8644,True,1800.98,184,25.0,110.44,121.92,0.0,0.0074337457444108,0.0148322727428832,0.0165094062694701,38.73460545682534,77.42,83.42,84.35,6.0,/content/drive/MyDrive/SKANN_SSL/data/prototype_dataset/tensors/tensor_000136.npy,/content/drive/MyDrive/SKANN_SSL/data/prototype_dataset/waveforms/clip_000136.npy
137,2,0,fishing_vessel,3,0.0,1.0,5.8956,17.6869,True,1767.48,263,25.0,420.6,206.31,0.0,0.0074337457444108,0.0148322727428832,0.0166176084169974,36.09740677957018,77.42,83.42,84.41,6.0,/content/drive/MyDrive/SKANN_SSL/data/prototype_dataset/tensors/tensor_000137.npy,/content/drive/MyDrive/SKANN_SSL/data/prototype_dataset/waveforms/clip_000137.npy
138,3,0,fishing_vessel,3,0.0,1.0,5.4725,16.4176,True,1877.61,244,25.0,111.41,134.52,0.0,0.0074337457444108,0.0148322727428832,0.0165197565733787,35.59572417315895,77.42,83.42,84.36,6.0,/content/drive/MyDrive/SKANN_SSL/data/prototype_dataset/tensors/tensor_000138.npy,/content/drive/MyDrive/SKANN_SSL/data/prototype_dataset/waveforms/clip_000138.npy
139,4,0,fishing_vessel,3,0.0,1.0,4.7225,14.1675,True,1792.93,224,25.0,228.77,263.93,106.89,0.0074337457444108,0.0148322727428832,0.0165717733405375,40.45203905183763,77.42,83.42,84.39,6.0,/content/drive/MyDrive/SKANN_SSL/data/prototype_dataset/tensors/tensor_000139.npy,/content/drive/MyDrive/SKANN_SSL/data/prototype_dataset/waveforms/clip_000139.npy
140,0,0,fishing_vessel,3,50.0,0.0,5.2509,15.7526,False,0.0,0,25.0,229.33,62.76,260.97,0.0074337457444108,0.0148322727428832,0.0166523055609346,45.61536127638382,77.42,83.42,84.43,6.0,/content/drive/MyDrive/SKANN_SSL/data/prototype_dataset/tensors/tensor_000140.npy,/content/drive/MyDrive/SKANN_SSL/data/prototype_dataset/waveforms/clip_000140.npy
141,1,0,fishing_vessel,3,50.0,0.0,7.6388,22.9164,False,0.0,0,25.0,244.37,474.22,0.0,0.0074337457444108,0.0148322727428832,0.0165384554430291,45.64410808510901,77.42,83.42,84.37,6.0,/content/drive/MyDrive/SKANN_SSL/data/prototype_dataset/tensors/tensor_000141.npy,/content/drive/MyDrive/SKANN_SSL/data/prototype_dataset/waveforms/clip_000141.npy
142,2,0,fishing_vessel,3,50.0,0.0,7.7031,23.1094,False,0.0,0,25.0,94.34,393.39,0.0,0.0074337457444108,0.0148322727428832,0.0166604935768062,45.55605415745395,77.42,83.42,84.43,6.0,/content/drive/MyDrive/SKANN_SSL/data/prototype_dataset/tensors/tensor_000142.npy,/content/drive/MyDrive/SKANN_SSL/data/prototype_dataset/waveforms/clip_000142.npy
143,3,0,fishing_vessel,3,50.0,0.0,5.1214,15.3642,False,0.0,0,25.0,73.27,440.13,137.98,0.0074337457444108,0.0148322727428832,0.0167271849374698,45.704678718892325,77.42,83.42,84.47,6.0,/content/drive/MyDrive/SKANN_SSL/data/prototype_dataset/tensors/tensor_000143.npy,/content/drive/MyDrive/SKANN_SSL/data/prototype_dataset/waveforms/clip_000143.npy
144,4,0,fishing_vessel,3,50.0,0.0,4.9992,14.9976,False,0.0,0,25.0,75.12,203.84,389.42,0.0074337457444108,0.0148322727428832,0.0165363598206837,46.2839336179869,77.42,83.42,84.37,6.0,/content/drive/MyDrive/SKANN_SSL/data/prototype_dataset/tensors/tensor_000144.npy,/content/drive/MyDrive/SKANN_SSL/data/prototype_dataset/waveforms/clip_000144.npy
145,0,0,fishing_vessel,3,50.0,0.3333,7.9765,23.9294,True,1763.1,150,25.0,87.36,156.43,0.0,0.0074337457444108,0.0148322727428832,0.0165963701061264,45.71059052291043,77.42,83.42,84.4,6.0,/content/drive/MyDrive/SKANN_SSL/data/prototype_dataset/tensors/tensor_000145.npy,/content/drive/MyDrive/SKANN_SSL/data/prototype_dataset/waveforms/clip_000145.npy
146,1,0,fishing_vessel,3,50.0,0.3333,7.8035,23.4104,True,1873.1,110,25.0,145.67,281.48,0.0,0.0074337457444108,0.0148322727428832,0.0165044185606355,45.55370823248646,77.42,83.42,84.35,6.0,/content/drive/MyDrive/SKANN_SSL/data/prototype_dataset/tensors/tensor_000146.npy,/content/drive/MyDrive/SKANN_SSL/data/prototype_dataset/waveforms/clip_000146.npy
147,2,0,fishing_vessel,3,50.0,0.3333,5.1869,15.5608,True,1727.34,74,25.0,332.97,147.83,185.08,0.0074337457444108,0.0148322727428832,0.0167172553182265,45.47151743103234,77.42,83.42,84.46,6.0,/content/drive/MyDrive/SKANN_SSL/data/prototype_dataset/tensors/tensor_000147.npy,/content/drive/MyDrive/SKANN_SSL/data/prototype_dataset/waveforms/clip_000147.npy
148,3,0,fishing_vessel,3,50.0,0.3333,5.8522,17.5567,True,1780.1,108,25.0,193.18,81.32,0.0,0.0074337457444108,0.0148322727428832,0.0164645540505905,45.647375692558974,77.42,83.42,84.33,6.0,/content/drive/MyDrive/SKANN_SSL/data/prototype_dataset/tensors/tensor_000148.npy,/content/drive/MyDrive/SKANN_SSL/data/prototype_dataset/waveforms/clip_000148.npy
149,4,0,fishing_vessel,3,50.0,0.3333,7.9224,23.7673,True,1817.76,162,25.0,101.66,407.72,0.0,0.0074337457444108,0.0148322727428832,0.0164563924358359,45.59535285455696,77.42,83.42,84.33,6.0,/content/drive/MyDrive/SKANN_SSL/data/prototype_dataset/tensors/tensor_000149.npy,/content/drive/MyDrive/SKANN_SSL/data/prototype_dataset/waveforms/clip_000149.npy
150,0,0,fishing_vessel,3,50.0,0.6667,5.1777,15.5332,True,1676.24,179,25.0,109.0,417.97,0.0,0.0074337457444108,0.0148322727428832,0.0165606155964402,43.00795743140688,77.42,83.42,84.38,6.0,/content/drive/MyDrive/SKANN_SSL/data/prototype_dataset/tensors/tensor_000150.npy,/content/drive/MyDrive/SKANN_SSL/data/prototype_dataset/waveforms/clip_000150.npy
151,1,0,fishing_vessel,3,50.0,0.6667,5.8391,17.5173,True,1877.22,189,25.0,195.27,334.84,132.8,0.0074337457444108,0.0148322727428832,0.0165989218783764,43.75059859261451,77.42,83.42,84.4,6.0,/content/drive/MyDrive/SKANN_SSL/data/prototype_dataset/tensors/tensor_000151.npy,/content/drive/MyDrive/SKANN_SSL/data/prototype_dataset/waveforms/clip_000151.npy
152,2,0,fishing_vessel,3,50.0,0.6667,5.3917,16.1751,True,1855.58,191,25.0,391.4,192.03,102.63,0.0074337457444108,0.0148322727428832,0.0165182855441299,43.65824197091507,77.42,83.42,84.36,6.0,/content/drive/MyDrive/SKANN_SSL/data/prototype_dataset/tensors/tensor_000152.npy,/content/drive/MyDrive/SKANN_SSL/data/prototype_dataset/waveforms/clip_000152.npy
153,3,0,fishing_vessel,3,50.0,0.6667,7.0793,21.2378,True,1827.59,228,25.0,84.97,223.73,0.0,0.0074337457444108,0.0148322727428832,0.0165444146046568,42.75241054809632,77.42,83.42,84.37,6.0,/content/drive/MyDrive/SKANN_SSL/data/prototype_dataset/tensors/tensor_000153.npy,/content/drive/MyDrive/SKANN_SSL/data/prototype_dataset/waveforms/clip_000153.npy
154,4,0,fishing_vessel,3,50.0,0.6667,7.9303,23.791,True,1749.94,274,25.0,252.5,296.43,0.0,0.0074337457444108,0.0148322727428832,0.0167212420425977,43.35049958159375,77.42,83.42,84.47,6.0,/content/drive/MyDrive/SKANN_SSL/data/prototype_dataset/tensors/tensor_000154.npy,/content/drive/MyDrive/SKANN_SSL/data/prototype_dataset/waveforms/clip_000154.npy
155,0,0,fishing_vessel,3,50.0,1.0,4.9465,14.8396,True,1831.09,265,25.0,68.41,196.6,201.74,0.0074337457444108,0.0148322727428832,0.0166831598589391,37.84847975680078,77.42,83.42,84.45,6.0,/content/drive/MyDrive/SKANN_SSL/data/prototype_dataset/tensors/tensor_000155.npy,/content/drive/MyDrive/SKANN_SSL/data/prototype_dataset/waveforms/clip_000155.npy
156,1,0,fishing_vessel,3,50.0,1.0,4.0035,12.0106,True,1783.86,165,25.0,99.62,232.29,0.0,0.0074337457444108,0.0148322727428832,0.016624904779121,37.70285313555896,77.42,83.42,84.42,6.0,/content/drive/MyDrive/SKANN_SSL/data/prototype_dataset/tensors/tensor_000156.npy,/content/drive/MyDrive/SKANN_SSL/data/prototype_dataset/waveforms/clip_000156.npy
157,2,0,fishing_vessel,3,50.0,1.0,6.8335,20.5004,True,1743.09,320,25.0,113.19,216.85,0.0,0.0074337457444108,0.0148322727428832,0.0166595028949424,34.473693092473326,77.42,83.42,84.43,6.0,/content/drive/MyDrive/SKANN_SSL/data/prototype_dataset/tensors/tensor_000157.npy,/content/drive/MyDrive/SKANN_SSL/data/prototype_dataset/waveforms/clip_000157.npy
158,3,0,fishing_vessel,3,50.0,1.0,5.1401,15.4204,True,1890.2,222,25.0,63.46,364.52,0.0,0.0074337457444108,0.0148322727428832,0.0164700963672618,34.26355142853296,77.42,83.42,84.33,6.0,/content/drive/MyDrive/SKANN_SSL/data/prototype_dataset/tensors/tensor_000158.npy,/content/drive/MyDrive/SKANN_SSL/data/prototype_dataset/waveforms/clip_000158.npy
159,4,0,fishing_vessel,3,50.0,1.0,4.4043,13.2128,True,1876.07,169,25.0,391.7,148.98,263.69,0.0074337457444108,0.0148322727428832,0.0166020756250416,35.79415179452122,77.42,83.42,84.4,6.0,/content/drive/MyDrive/SKANN_SSL/data/prototype_dataset/tensors/tensor_000159.npy,/content/drive/MyDrive/SKANN_SSL/data/prototype_dataset/waveforms/clip_000159.npy
160,0,0,fishing_vessel,4,0.0,0.0,5.595,22.38,False,0.0,0,25.0,258.62,349.21,109.0,0.0074337457444108,0.0148322727428832,0.0166294029027204,46.84181667668213,77.42,83.42,84.42,6.0,/content/drive/MyDrive/SKANN_SSL/data/prototype_dataset/tensors/tensor_000160.npy,/content/drive/MyDrive/SKANN_SSL/data/prototype_dataset/waveforms/clip_000160.npy
161,1,0,fishing_vessel,4,0.0,0.0,7.5395,30.1582,False,0.0,0,25.0,248.72,94.83,224.31,0.0074337457444108,0.0148322727428832,0.0164668335667195,46.97555458454604,77.42,83.42,84.33,6.0,/content/drive/MyDrive/SKANN_SSL/data/prototype_dataset/tensors/tensor_000161.npy,/content/drive/MyDrive/SKANN_SSL/data/prototype_dataset/waveforms/clip_000161.npy
162,2,0,fishing_vessel,4,0.0,0.0,6.1776,24.7104,False,0.0,0,25.0,139.0,181.96,0.0,0.0074337457444108,0.0148322727428832,0.0165848482737468,46.44964550608479,77.42,83.42,84.39,6.0,/content/drive/MyDrive/SKANN_SSL/data/prototype_dataset/tensors/tensor_000162.npy,/content/drive/MyDrive/SKANN_SSL/data/prototype_dataset/waveforms/clip_000162.npy
163,3,0,fishing_vessel,4,0.0,0.0,6.1632,24.6527,False,0.0,0,25.0,435.35,236.64,86.91,0.0074337457444108,0.0148322727428832,0.0165720231793894,46.197812909150656,77.42,83.42,84.39,6.0,/content/drive/MyDrive/SKANN_SSL/data/prototype_dataset/tensors/tensor_000163.npy,/content/drive/MyDrive/SKANN_SSL/data/prototype_dataset/waveforms/clip_000163.npy
164,4,0,fishing_vessel,4,0.0,0.0,4.1805,16.722,False,0.0,0,25.0,213.68,330.62,63.99,0.0074337457444108,0.0148322727428832,0.0165609815426469,47.80206187569453,77.42,83.42,84.38,6.0,/content/drive/MyDrive/SKANN_SSL/data/prototype_dataset/tensors/tensor_000164.npy,/content/drive/MyDrive/SKANN_SSL/data/prototype_dataset/waveforms/clip_000164.npy
165,0,0,fishing_vessel,4,0.0,0.3333,6.2445,24.978,True,1728.06,147,25.0,102.17,375.81,70.76,0.0074337457444108,0.0148322727428832,0.0166904121623868,45.37132621965109,77.42,83.42,84.45,6.0,/content/drive/MyDrive/SKANN_SSL/data/prototype_dataset/tensors/tensor_000165.npy,/content/drive/MyDrive/SKANN_SSL/data/prototype_dataset/waveforms/clip_000165.npy
166,1,0,fishing_vessel,4,0.0,0.3333,6.568,26.2719,True,1744.51,158,25.0,279.92,126.36,0.0,0.0074337457444108,0.0148322727428832,0.0165611952990392,47.04238442300952,77.42,83.42,84.38,6.0,/content/drive/MyDrive/SKANN_SSL/data/prototype_dataset/tensors/tensor_000166.npy,/content/drive/MyDrive/SKANN_SSL/data/prototype_dataset/waveforms/clip_000166.npy
167,2,0,fishing_vessel,4,0.0,0.3333,6.2347,24.939,True,1852.11,151,25.0,290.88,143.35,0.0,0.0074337457444108,0.0148322727428832,0.0166420400431329,45.91425131004445,77.42,83.42,84.42,6.0,/content/drive/MyDrive/SKANN_SSL/data/prototype_dataset/tensors/tensor_000167.npy,/content/drive/MyDrive/SKANN_SSL/data/prototype_dataset/waveforms/clip_000167.npy
168,3,0,fishing_vessel,4,0.0,0.3333,5.3936,21.5743,True,1696.52,124,25.0,138.07,238.66,199.66,0.0074337457444108,0.0148322727428832,0.0165116877718656,46.88191640493804,77.42,83.42,84.36,6.0,/content/drive/MyDrive/SKANN_SSL/data/prototype_dataset/tensors/tensor_000168.npy,/content/drive/MyDrive/SKANN_SSL/data/prototype_dataset/waveforms/clip_000168.npy
169,4,0,fishing_vessel,4,0.0,0.3333,5.4809,21.9235,True,1875.3,127,25.0,303.71,247.95,0.0,0.0074337457444108,0.0148322727428832,0.0165980522237374,47.0434380561888,77.42,83.42,84.4,6.0,/content/drive/MyDrive/SKANN_SSL/data/prototype_dataset/tensors/tensor_000169.npy,/content/drive/MyDrive/SKANN_SSL/data/prototype_dataset/waveforms/clip_000169.npy
170,0,0,fishing_vessel,4,0.0,0.6667,6.7574,27.0294,True,1843.42,315,25.0,99.61,294.13,417.45,0.0074337457444108,0.0148322727428832,0.0165259450648795,44.30564570372423,77.42,83.42,84.36,6.0,/content/drive/MyDrive/SKANN_SSL/data/prototype_dataset/tensors/tensor_000170.npy,/content/drive/MyDrive/SKANN_SSL/data/prototype_dataset/waveforms/clip_000170.npy
171,1,0,fishing_vessel,4,0.0,0.6667,4.602,18.4082,True,1805.91,210,25.0,205.51,123.15,136.03,0.0074337457444108,0.0148322727428832,0.0166376135288942,44.37256261224796,77.42,83.42,84.42,6.0,/content/drive/MyDrive/SKANN_SSL/data/prototype_dataset/tensors/tensor_000171.npy,/content/drive/MyDrive/SKANN_SSL/data/prototype_dataset/waveforms/clip_000171.npy
172,2,0,fishing_vessel,4,0.0,0.6667,7.8513,31.4053,True,1849.16,355,25.0,117.16,448.41,0.0,0.0074337457444108,0.0148322727428832,0.0164607862527612,43.29442628202533,77.42,83.42,84.33,6.0,/content/drive/MyDrive/SKANN_SSL/data/prototype_dataset/tensors/tensor_000172.npy,/content/drive/MyDrive/SKANN_SSL/data/prototype_dataset/waveforms/clip_000172.npy
173,3,0,fishing_vessel,4,0.0,0.6667,6.5625,26.25,True,1721.7,256,25.0,487.79,141.14,291.23,0.0074337457444108,0.0148322727428832,0.016745725531671,44.27189176435244,77.42,83.42,84.48,6.0,/content/drive/MyDrive/SKANN_SSL/data/prototype_dataset/tensors/tensor_000173.npy,/content/drive/MyDrive/SKANN_SSL/data/prototype_dataset/waveforms/clip_000173.npy
174,4,0,fishing_vessel,4,0.0,0.6667,5.4978,21.9912,True,1778.49,237,25.0,125.77,205.3,161.07,0.0074337457444108,0.0148322727428832,0.0167327366011271,42.13412533175854,77.42,83.42,84.47,6.0,/content/drive/MyDrive/SKANN_SSL/data/prototype_dataset/tensors/tensor_000174.npy,/content/drive/MyDrive/SKANN_SSL/data/prototype_dataset/waveforms/clip_000174.npy
175,0,0,fishing_vessel,4,0.0,1.0,7.3193,29.2772,True,1782.98,469,25.0,130.84,332.87,0.0,0.0074337457444108,0.0148322727428832,0.0166299388446665,32.428665020266834,77.42,83.42,84.42,6.0,/content/drive/MyDrive/SKANN_SSL/data/prototype_dataset/tensors/tensor_000175.npy,/content/drive/MyDrive/SKANN_SSL/data/prototype_dataset/waveforms/clip_000175.npy
176,1,0,fishing_vessel,4,0.0,1.0,7.9727,31.8909,True,1806.38,490,25.0,336.97,55.01,0.0,0.0074337457444108,0.0148322727428832,0.0164829337410609,34.14897768001055,77.42,83.42,84.34,6.0,/content/drive/MyDrive/SKANN_SSL/data/prototype_dataset/tensors/tensor_000176.npy,/content/drive/MyDrive/SKANN_SSL/data/prototype_dataset/waveforms/clip_000176.npy
177,2,0,fishing_vessel,4,0.0,1.0,4.5555,18.2219,True,1832.78,235,25.0,177.41,53.63,425.15,0.0074337457444108,0.0148322727428832,0.0167040646044435,34.85377665557489,77.42,83.42,84.46,6.0,/content/drive/MyDrive/SKANN_SSL/data/prototype_dataset/tensors/tensor_000177.npy,/content/drive/MyDrive/SKANN_SSL/data/prototype_dataset/waveforms/clip_000177.npy
178,3,0,fishing_vessel,4,0.0,1.0,4.2673,17.0694,True,1753.12,267,25.0,222.17,279.51,0.0,0.0074337457444108,0.0148322727428832,0.0166251695778553,27.651661789490326,77.42,83.42,84.42,6.0,/content/drive/MyDrive/SKANN_SSL/data/prototype_dataset/tensors/tensor_000178.npy,/content/drive/MyDrive/SKANN_SSL/data/prototype_dataset/waveforms/clip_000178.npy
179,4,0,fishing_vessel,4,0.0,1.0,6.887,27.548,True,1753.63,409,25.0,134.99,121.44,0.0,0.0074337457444108,0.0148322727428832,0.0166139381127644,34.13525360181716,77.42,83.42,84.41,6.0,/content/drive/MyDrive/SKANN_SSL/data/prototype_dataset/tensors/tensor_000179.npy,/content/drive/MyDrive/SKANN_SSL/data/prototype_dataset/waveforms/clip_000179.npy
180,0,0,fishing_vessel,4,50.0,0.0,5.8064,23.2255,False,0.0,0,25.0,484.44,251.58,146.36,0.0074337457444108,0.0148322727428832,0.0166445354038807,46.0326029844552,77.42,83.42,84.43,6.0,/content/drive/MyDrive/SKANN_SSL/data/prototype_dataset/tensors/tensor_000180.npy,/content/drive/MyDrive/SKANN_SSL/data/prototype_dataset/waveforms/clip_000180.npy
181,1,0,fishing_vessel,4,50.0,0.0,4.9931,19.9725,False,0.0,0,25.0,299.52,375.82,0.0,0.0074337457444108,0.0148322727428832,0.0165690395338137,47.13745075279987,77.42,83.42,84.39,6.0,/content/drive/MyDrive/SKANN_SSL/data/prototype_dataset/tensors/tensor_000181.npy,/content/drive/MyDrive/SKANN_SSL/data/prototype_dataset/waveforms/clip_000181.npy
182,2,0,fishing_vessel,4,50.0,0.0,7.5544,30.2174,False,0.0,0,25.0,137.32,204.72,0.0,0.0074337457444108,0.0148322727428832,0.0165626121218197,46.196645963435984,77.42,83.42,84.38,6.0,/content/drive/MyDrive/SKANN_SSL/data/prototype_dataset/tensors/tensor_000182.npy,/content/drive/MyDrive/SKANN_SSL/data/prototype_dataset/waveforms/clip_000182.npy
183,3,0,fishing_vessel,4,50.0,0.0,5.3899,21.5594,False,0.0,0,25.0,91.7,377.24,0.0,0.0074337457444108,0.0148322727428832,0.0164459007196916,46.31624136335337,77.42,83.42,84.32,6.0,/content/drive/MyDrive/SKANN_SSL/data/prototype_dataset/tensors/tensor_000183.npy,/content/drive/MyDrive/SKANN_SSL/data/prototype_dataset/waveforms/clip_000183.npy
184,4,0,fishing_vessel,4,50.0,0.0,5.3641,21.4565,False,0.0,0,25.0,62.08,191.79,0.0,0.0074337457444108,0.0148322727428832,0.0166614198523683,46.26348919929036,77.42,83.42,84.43,6.0,/content/drive/MyDrive/SKANN_SSL/data/prototype_dataset/tensors/tensor_000184.npy,/content/drive/MyDrive/SKANN_SSL/data/prototype_dataset/waveforms/clip_000184.npy
185,0,0,fishing_vessel,4,50.0,0.3333,4.3552,17.4208,True,1840.99,98,25.0,222.94,208.23,62.87,0.0074337457444108,0.0148322727428832,0.0164718646796445,47.20955895567364,77.42,83.42,84.33,6.0,/content/drive/MyDrive/SKANN_SSL/data/prototype_dataset/tensors/tensor_000185.npy,/content/drive/MyDrive/SKANN_SSL/data/prototype_dataset/waveforms/clip_000185.npy
186,1,0,fishing_vessel,4,50.0,0.3333,4.8142,19.2568,True,1799.63,122,25.0,73.72,208.56,337.41,0.0074337457444108,0.0148322727428832,0.016522819667614,47.36328147814273,77.42,83.42,84.36,6.0,/content/drive/MyDrive/SKANN_SSL/data/prototype_dataset/tensors/tensor_000186.npy,/content/drive/MyDrive/SKANN_SSL/data/prototype_dataset/waveforms/clip_000186.npy
187,2,0,fishing_vessel,4,50.0,0.3333,7.3834,29.5336,True,1843.91,193,25.0,137.33,290.35,137.93,0.0074337457444108,0.0148322727428832,0.0165840275499532,46.20020503990851,77.42,83.42,84.39,6.0,/content/drive/MyDrive/SKANN_SSL/data/prototype_dataset/tensors/tensor_000187.npy,/content/drive/MyDrive/SKANN_SSL/data/prototype_dataset/waveforms/clip_000187.npy
188,3,0,fishing_vessel,4,50.0,0.3333,7.7218,30.8872,True,1727.69,186,25.0,408.68,267.79,132.46,0.0074337457444108,0.0148322727428832,0.0165763957102809,45.83175743849106,77.42,83.42,84.39,6.0,/content/drive/MyDrive/SKANN_SSL/data/prototype_dataset/tensors/tensor_000188.npy,/content/drive/MyDrive/SKANN_SSL/data/prototype_dataset/waveforms/clip_000188.npy
189,4,0,fishing_vessel,4,50.0,0.3333,7.4721,29.8883,True,1805.93,168,25.0,147.22,284.16,98.15,0.0074337457444108,0.0148322727428832,0.0164380387877953,45.920000961800696,77.42,83.42,84.32,6.0,/content/drive/MyDrive/SKANN_SSL/data/prototype_dataset/tensors/tensor_000189.npy,/content/drive/MyDrive/SKANN_SSL/data/prototype_dataset/waveforms/clip_000189.npy
190,0,0,fishing_vessel,4,50.0,0.6667,6.8642,27.4569,True,1809.67,281,25.0,147.51,118.34,0.0,0.0074337457444108,0.0148322727428832,0.0165665548338912,43.377316875163565,77.42,83.42,84.38,6.0,/content/drive/MyDrive/SKANN_SSL/data/prototype_dataset/tensors/tensor_000190.npy,/content/drive/MyDrive/SKANN_SSL/data/prototype_dataset/waveforms/clip_000190.npy
191,1,0,fishing_vessel,4,50.0,0.6667,6.0866,24.3463,True,1771.05,277,25.0,245.44,101.6,141.99,0.0074337457444108,0.0148322727428832,0.016609654395735,41.210107235556805,77.42,83.42,84.41,6.0,/content/drive/MyDrive/SKANN_SSL/data/prototype_dataset/tensors/tensor_000191.npy,/content/drive/MyDrive/SKANN_SSL/data/prototype_dataset/waveforms/clip_000191.npy
192,2,0,fishing_vessel,4,50.0,0.6667,5.8998,23.5993,True,1817.7,271,25.0,122.93,232.21,149.41,0.0074337457444108,0.0148322727428832,0.0165990283241813,44.08157269473093,77.42,83.42,84.4,6.0,/content/drive/MyDrive/SKANN_SSL/data/prototype_dataset/tensors/tensor_000192.npy,/content/drive/MyDrive/SKANN_SSL/data/prototype_dataset/waveforms/clip_000192.npy
193,3,0,fishing_vessel,4,50.0,0.6667,7.899,31.596,True,1756.08,345,25.0,113.02,149.16,0.0,0.0074337457444108,0.0148322727428832,0.0165406292421338,43.53557303908111,77.42,83.42,84.37,6.0,/content/drive/MyDrive/SKANN_SSL/data/prototype_dataset/tensors/tensor_000193.npy,/content/drive/MyDrive/SKANN_SSL/data/prototype_dataset/waveforms/clip_000193.npy
194,4,0,fishing_vessel,4,50.0,0.6667,6.953,27.8118,True,1813.0,322,25.0,403.18,116.37,0.0,0.0074337457444108,0.0148322727428832,0.0165745376478087,39.16286034421676,77.42,83.42,84.39,6.0,/content/drive/MyDrive/SKANN_SSL/data/prototype_dataset/tensors/tensor_000194.npy,/content/drive/MyDrive/SKANN_SSL/data/prototype_dataset/waveforms/clip_000194.npy
195,0,0,fishing_vessel,4,50.0,1.0,5.219,20.8762,True,1807.36,295,25.0,101.64,170.16,0.0,0.0074337457444108,0.0148322727428832,0.0164608881373501,32.33727666769904,77.42,83.42,84.33,6.0,/content/drive/MyDrive/SKANN_SSL/data/prototype_dataset/tensors/tensor_000195.npy,/content/drive/MyDrive/SKANN_SSL/data/prototype_dataset/waveforms/clip_000195.npy
196,1,0,fishing_vessel,4,50.0,1.0,5.5523,22.209,True,1824.61,330,25.0,161.45,263.04,0.0,0.0074337457444108,0.0148322727428832,0.0166203095696162,33.797513222068055,77.42,83.42,84.41,6.0,/content/drive/MyDrive/SKANN_SSL/data/prototype_dataset/tensors/tensor_000196.npy,/content/drive/MyDrive/SKANN_SSL/data/prototype_dataset/waveforms/clip_000196.npy
197,2,0,fishing_vessel,4,50.0,1.0,5.4009,21.6035,True,1763.37,370,25.0,64.15,358.84,282.9,0.0074337457444108,0.0148322727428832,0.0166259249235917,26.265713232215365,77.42,83.42,84.42,6.0,/content/drive/MyDrive/SKANN_SSL/data/prototype_dataset/tensors/tensor_000197.npy,/content/drive/MyDrive/SKANN_SSL/data/prototype_dataset/waveforms/clip_000197.npy
198,3,0,fishing_vessel,4,50.0,1.0,4.4335,17.7339,True,1846.36,288,25.0,70.18,157.66,0.0,0.0074337457444108,0.0148322727428832,0.0167162380689974,33.97893754062838,77.42,83.42,84.46,6.0,/content/drive/MyDrive/SKANN_SSL/data/prototype_dataset/tensors/tensor_000198.npy,/content/drive/MyDrive/SKANN_SSL/data/prototype_dataset/waveforms/clip_000198.npy
199,4,0,fishing_vessel,4,50.0,1.0,7.8179,31.2715,True,1752.67,477,25.0,108.49,247.76,0.0,0.0074337457444108,0.0148322727428832,0.0165827330992129,31.680863011126547,77.42,83.42,84.39,6.0,/content/drive/MyDrive/SKANN_SSL/data/prototype_dataset/tensors/tensor_000199.npy,/content/drive/MyDrive/SKANN_SSL/data/prototype_dataset/waveforms/clip_000199.npy
200,0,0,fishing_vessel,5,0.0,0.0,5.4494,27.2471,False,0.0,0,25.0,136.78,348.26,0.0,0.0074337457444108,0.0148322727428832,0.0165486411569865,47.34963284030418,77.42,83.42,84.38,6.0,/content/drive/MyDrive/SKANN_SSL/data/prototype_dataset/tensors/tensor_000200.npy,/content/drive/MyDrive/SKANN_SSL/data/prototype_dataset/waveforms/clip_000200.npy
201,1,0,fishing_vessel,5,0.0,0.0,5.8272,29.1358,False,0.0,0,25.0,484.4,147.03,0.0,0.0074337457444108,0.0148322727428832,0.0165099774723055,47.3963377047018,77.42,83.42,84.35,6.0,/content/drive/MyDrive/SKANN_SSL/data/prototype_dataset/tensors/tensor_000201.npy,/content/drive/MyDrive/SKANN_SSL/data/prototype_dataset/waveforms/clip_000201.npy
202,2,0,fishing_vessel,5,0.0,0.0,5.1124,25.5619,False,0.0,0,25.0,96.42,301.13,112.07,0.0074337457444108,0.0148322727428832,0.0165998336482711,47.340534790825565,77.42,83.42,84.4,6.0,/content/drive/MyDrive/SKANN_SSL/data/prototype_dataset/tensors/tensor_000202.npy,/content/drive/MyDrive/SKANN_SSL/data/prototype_dataset/waveforms/clip_000202.npy
203,3,0,fishing_vessel,5,0.0,0.0,4.711,23.5548,False,0.0,0,25.0,247.64,213.22,55.86,0.0074337457444108,0.0148322727428832,0.0165693845661047,48.34686983191634,77.42,83.42,84.39,6.0,/content/drive/MyDrive/SKANN_SSL/data/prototype_dataset/tensors/tensor_000203.npy,/content/drive/MyDrive/SKANN_SSL/data/prototype_dataset/waveforms/clip_000203.npy
204,4,0,fishing_vessel,5,0.0,0.0,7.7299,38.6495,False,0.0,0,25.0,67.83,242.3,0.0,0.0074337457444108,0.0148322727428832,0.016538553744284,47.47778516747788,77.42,83.42,84.37,6.0,/content/drive/MyDrive/SKANN_SSL/data/prototype_dataset/tensors/tensor_000204.npy,/content/drive/MyDrive/SKANN_SSL/data/prototype_dataset/waveforms/clip_000204.npy
205,0,0,fishing_vessel,5,0.0,0.3333,7.831,39.155,True,1850.41,222,25.0,274.17,391.6,0.0,0.0074337457444108,0.0148322727428832,0.016463895602571,47.324965670715166,77.42,83.42,84.33,6.0,/content/drive/MyDrive/SKANN_SSL/data/prototype_dataset/tensors/tensor_000205.npy,/content/drive/MyDrive/SKANN_SSL/data/prototype_dataset/waveforms/clip_000205.npy
206,1,0,fishing_vessel,5,0.0,0.3333,4.9214,24.6069,True,1872.91,158,25.0,137.97,311.11,0.0,0.0074337457444108,0.0148322727428832,0.0166778809653016,47.40810344858243,77.42,83.42,84.44,6.0,/content/drive/MyDrive/SKANN_SSL/data/prototype_dataset/tensors/tensor_000206.npy,/content/drive/MyDrive/SKANN_SSL/data/prototype_dataset/waveforms/clip_000206.npy
207,2,0,fishing_vessel,5,0.0,0.3333,5.2989,26.4943,True,1854.15,146,25.0,106.55,422.21,144.77,0.0074337457444108,0.0148322727428832,0.0165495058349945,47.21572540130144,77.42,83.42,84.38,6.0,/content/drive/MyDrive/SKANN_SSL/data/prototype_dataset/tensors/tensor_000207.npy,/content/drive/MyDrive/SKANN_SSL/data/prototype_dataset/waveforms/clip_000207.npy
208,3,0,fishing_vessel,5,0.0,0.3333,4.0982,20.4908,True,1865.19,117,25.0,117.1,63.35,0.0,0.0074337457444108,0.0148322727428832,0.0166236814038895,48.467582747004535,77.42,83.42,84.41,6.0,/content/drive/MyDrive/SKANN_SSL/data/prototype_dataset/tensors/tensor_000208.npy,/content/drive/MyDrive/SKANN_SSL/data/prototype_dataset/waveforms/clip_000208.npy
209,4,0,fishing_vessel,5,0.0,0.3333,7.8879,39.4394,True,1748.84,226,25.0,275.76,342.6,81.17,0.0074337457444108,0.0148322727428832,0.0165528940226145,47.14067630034,77.42,83.42,84.38,6.0,/content/drive/MyDrive/SKANN_SSL/data/prototype_dataset/tensors/tensor_000209.npy,/content/drive/MyDrive/SKANN_SSL/data/prototype_dataset/waveforms/clip_000209.npy
210,0,0,fishing_vessel,5,0.0,0.6667,5.1608,25.8041,True,1807.31,300,25.0,76.38,430.56,0.0,0.0074337457444108,0.0148322727428832,0.0164862652170709,43.32881084218535,77.42,83.42,84.34,6.0,/content/drive/MyDrive/SKANN_SSL/data/prototype_dataset/tensors/tensor_000210.npy,/content/drive/MyDrive/SKANN_SSL/data/prototype_dataset/waveforms/clip_000210.npy
211,1,0,fishing_vessel,5,0.0,0.6667,7.3445,36.7226,True,1858.93,382,25.0,268.39,84.75,0.0,0.0074337457444108,0.0148322727428832,0.0166836679851204,43.02831406004989,77.42,83.42,84.45,6.0,/content/drive/MyDrive/SKANN_SSL/data/prototype_dataset/tensors/tensor_000211.npy,/content/drive/MyDrive/SKANN_SSL/data/prototype_dataset/waveforms/clip_000211.npy
212,2,0,fishing_vessel,5,0.0,0.6667,4.6597,23.2987,True,1838.68,245,25.0,252.95,202.78,0.0,0.0074337457444108,0.0148322727428832,0.0166016162342147,45.56311025295086,77.42,83.42,84.4,6.0,/content/drive/MyDrive/SKANN_SSL/data/prototype_dataset/tensors/tensor_000212.npy,/content/drive/MyDrive/SKANN_SSL/data/prototype_dataset/waveforms/clip_000212.npy
213,3,0,fishing_vessel,5,0.0,0.6667,4.3642,21.8212,True,1875.71,214,25.0,302.25,140.47,0.0,0.0074337457444108,0.0148322727428832,0.0166145246822767,45.71420620816461,77.42,83.42,84.41,6.0,/content/drive/MyDrive/SKANN_SSL/data/prototype_dataset/tensors/tensor_000213.npy,/content/drive/MyDrive/SKANN_SSL/data/prototype_dataset/waveforms/clip_000213.npy
214,4,0,fishing_vessel,5,0.0,0.6667,5.7722,28.8612,True,1778.18,317,25.0,497.24,236.36,0.0,0.0074337457444108,0.0148322727428832,0.0165529868935983,44.00121770172772,77.42,83.42,84.38,6.0,/content/drive/MyDrive/SKANN_SSL/data/prototype_dataset/tensors/tensor_000214.npy,/content/drive/MyDrive/SKANN_SSL/data/prototype_dataset/waveforms/clip_000214.npy
215,0,0,fishing_vessel,5,0.0,1.0,5.0393,25.1966,True,1786.96,400,25.0,187.9,101.93,0.0,0.0074337457444108,0.0148322727428832,0.0167133059857634,33.989200930411194,77.42,83.42,84.46,6.0,/content/drive/MyDrive/SKANN_SSL/data/prototype_dataset/tensors/tensor_000215.npy,/content/drive/MyDrive/SKANN_SSL/data/prototype_dataset/waveforms/clip_000215.npy
216,1,0,fishing_vessel,5,0.0,1.0,5.4478,27.239,True,1826.57,403,25.0,70.08,290.15,242.59,0.0074337457444108,0.0148322727428832,0.0166080154019431,31.063431081197223,77.42,83.42,84.41,6.0,/content/drive/MyDrive/SKANN_SSL/data/prototype_dataset/tensors/tensor_000216.npy,/content/drive/MyDrive/SKANN_SSL/data/prototype_dataset/waveforms/clip_000216.npy
217,2,0,fishing_vessel,5,0.0,1.0,5.3899,26.9495,True,1815.16,411,25.0,162.53,109.27,0.0,0.0074337457444108,0.0148322727428832,0.0165787991074373,27.76789029550846,77.42,83.42,84.39,6.0,/content/drive/MyDrive/SKANN_SSL/data/prototype_dataset/tensors/tensor_000217.npy,/content/drive/MyDrive/SKANN_SSL/data/prototype_dataset/waveforms/clip_000217.npy
218,3,0,fishing_vessel,5,0.0,1.0,6.8312,34.156,True,1832.37,488,25.0,272.4,431.83,0.0,0.0074337457444108,0.0148322727428832,0.0164541763173188,28.179935359254284,77.42,83.42,84.33,6.0,/content/drive/MyDrive/SKANN_SSL/data/prototype_dataset/tensors/tensor_000218.npy,/content/drive/MyDrive/SKANN_SSL/data/prototype_dataset/waveforms/clip_000218.npy
219,4,0,fishing_vessel,5,0.0,1.0,5.113,25.5651,True,1826.91,357,25.0,69.64,224.25,267.94,0.0074337457444108,0.0148322727428832,0.0166035156102619,28.488961913908167,77.42,83.42,84.4,6.0,/content/drive/MyDrive/SKANN_SSL/data/prototype_dataset/tensors/tensor_000219.npy,/content/drive/MyDrive/SKANN_SSL/data/prototype_dataset/waveforms/clip_000219.npy
220,0,0,fishing_vessel,5,50.0,0.0,5.8805,29.4023,False,0.0,0,25.0,252.19,316.66,83.69,0.0074337457444108,0.0148322727428832,0.0165843574201904,46.28087063242632,77.42,83.42,84.39,6.0,/content/drive/MyDrive/SKANN_SSL/data/prototype_dataset/tensors/tensor_000220.npy,/content/drive/MyDrive/SKANN_SSL/data/prototype_dataset/waveforms/clip_000220.npy
221,1,0,fishing_vessel,5,50.0,0.0,7.243,36.2152,False,0.0,0,25.0,197.84,464.07,0.0,0.0074337457444108,0.0148322727428832,0.0166855719708228,46.477568514467,77.42,83.42,84.45,6.0,/content/drive/MyDrive/SKANN_SSL/data/prototype_dataset/tensors/tensor_000221.npy,/content/drive/MyDrive/SKANN_SSL/data/prototype_dataset/waveforms/clip_000221.npy
222,2,0,fishing_vessel,5,50.0,0.0,7.986,39.9298,False,0.0,0,25.0,327.56,55.2,0.0,0.0074337457444108,0.0148322727428832,0.0164944692230077,46.52560653083966,77.42,83.42,84.35,6.0,/content/drive/MyDrive/SKANN_SSL/data/prototype_dataset/tensors/tensor_000222.npy,/content/drive/MyDrive/SKANN_SSL/data/prototype_dataset/waveforms/clip_000222.npy
223,3,0,fishing_vessel,5,50.0,0.0,4.661,23.3049,False,0.0,0,25.0,296.69,414.88,78.56,0.0074337457444108,0.0148322727428832,0.0166314364070289,47.49523109273436,77.42,83.42,84.42,6.0,/content/drive/MyDrive/SKANN_SSL/data/prototype_dataset/tensors/tensor_000223.npy,/content/drive/MyDrive/SKANN_SSL/data/prototype_dataset/waveforms/clip_000223.npy
224,4,0,fishing_vessel,5,50.0,0.0,4.8334,24.1672,False,0.0,0,25.0,279.94,93.34,0.0,0.0074337457444108,0.0148322727428832,0.0166870980835908,47.70966087972078,77.42,83.42,84.45,6.0,/content/drive/MyDrive/SKANN_SSL/data/prototype_dataset/tensors/tensor_000224.npy,/content/drive/MyDrive/SKANN_SSL/data/prototype_dataset/waveforms/clip_000224.npy
225,0,0,fishing_vessel,5,50.0,0.3333,6.263,31.3152,True,1754.81,183,25.0,107.84,439.75,204.14,0.0074337457444108,0.0148322727428832,0.0164634473981296,46.0400827124377,77.42,83.42,84.33,6.0,/content/drive/MyDrive/SKANN_SSL/data/prototype_dataset/tensors/tensor_000225.npy,/content/drive/MyDrive/SKANN_SSL/data/prototype_dataset/waveforms/clip_000225.npy
226,1,0,fishing_vessel,5,50.0,0.3333,4.4221,22.1107,True,1783.33,136,25.0,213.13,356.36,148.74,0.0074337457444108,0.0148322727428832,0.0165451588658187,47.586066283075965,77.42,83.42,84.37,6.0,/content/drive/MyDrive/SKANN_SSL/data/prototype_dataset/tensors/tensor_000226.npy,/content/drive/MyDrive/SKANN_SSL/data/prototype_dataset/waveforms/clip_000226.npy
227,2,0,fishing_vessel,5,50.0,0.3333,6.3027,31.5136,True,1842.23,194,25.0,86.31,275.3,0.0,0.0074337457444108,0.0148322727428832,0.0167596780968294,46.3431606186342,77.42,83.42,84.49,6.0,/content/drive/MyDrive/SKANN_SSL/data/prototype_dataset/tensors/tensor_000227.npy,/content/drive/MyDrive/SKANN_SSL/data/prototype_dataset/waveforms/clip_000227.npy
228,3,0,fishing_vessel,5,50.0,0.3333,7.9472,39.736,True,1860.58,223,25.0,102.01,284.64,0.0,0.0074337457444108,0.0148322727428832,0.0165388877911545,46.369286191056325,77.42,83.42,84.37,6.0,/content/drive/MyDrive/SKANN_SSL/data/prototype_dataset/tensors/tensor_000228.npy,/content/drive/MyDrive/SKANN_SSL/data/prototype_dataset/waveforms/clip_000228.npy
229,4,0,fishing_vessel,5,50.0,0.3333,5.3303,26.6514,True,1802.71,158,25.0,450.4,61.56,223.11,0.0074337457444108,0.0148322727428832,0.0164380004557705,46.29456796391575,77.42,83.42,84.32,6.0,/content/drive/MyDrive/SKANN_SSL/data/prototype_dataset/tensors/tensor_000229.npy,/content/drive/MyDrive/SKANN_SSL/data/prototype_dataset/waveforms/clip_000229.npy
230,0,0,fishing_vessel,5,50.0,0.6667,4.7595,23.7977,True,1872.74,263,25.0,140.94,147.09,332.95,0.0074337457444108,0.0148322727428832,0.0166481754284077,44.82157801745931,77.42,83.42,84.43,6.0,/content/drive/MyDrive/SKANN_SSL/data/prototype_dataset/tensors/tensor_000230.npy,/content/drive/MyDrive/SKANN_SSL/data/prototype_dataset/waveforms/clip_000230.npy
231,1,0,fishing_vessel,5,50.0,0.6667,7.6744,38.3722,True,1802.26,426,25.0,90.47,323.77,0.0,0.0074337457444108,0.0148322727428832,0.0166348311208908,43.18541381769893,77.42,83.42,84.42,6.0,/content/drive/MyDrive/SKANN_SSL/data/prototype_dataset/tensors/tensor_000231.npy,/content/drive/MyDrive/SKANN_SSL/data/prototype_dataset/waveforms/clip_000231.npy
232,2,0,fishing_vessel,5,50.0,0.6667,7.0361,35.1806,True,1857.01,377,25.0,216.74,278.98,0.0,0.0074337457444108,0.0148322727428832,0.0167655404456207,39.16256083792625,77.42,83.42,84.49,6.0,/content/drive/MyDrive/SKANN_SSL/data/prototype_dataset/tensors/tensor_000232.npy,/content/drive/MyDrive/SKANN_SSL/data/prototype_dataset/waveforms/clip_000232.npy
233,3,0,fishing_vessel,5,50.0,0.6667,5.5522,27.7612,True,1706.32,271,25.0,276.81,94.66,128.16,0.0074337457444108,0.0148322727428832,0.0166116226961168,41.91819683235606,77.42,83.42,84.41,6.0,/content/drive/MyDrive/SKANN_SSL/data/prototype_dataset/tensors/tensor_000233.npy,/content/drive/MyDrive/SKANN_SSL/data/prototype_dataset/waveforms/clip_000233.npy
234,4,0,fishing_vessel,5,50.0,0.6667,5.6071,28.0356,True,1771.47,315,25.0,413.36,243.23,116.18,0.0074337457444108,0.0148322727428832,0.0166315294702311,42.21662758756287,77.42,83.42,84.42,6.0,/content/drive/MyDrive/SKANN_SSL/data/prototype_dataset/tensors/tensor_000234.npy,/content/drive/MyDrive/SKANN_SSL/data/prototype_dataset/waveforms/clip_000234.npy
235,0,0,fishing_vessel,5,50.0,1.0,6.1428,30.7138,True,1801.1,407,25.0,56.06,209.49,235.74,0.0074337457444108,0.0148322727428832,0.0164984402041566,31.66307798863517,77.42,83.42,84.35,6.0,/content/drive/MyDrive/SKANN_SSL/data/prototype_dataset/tensors/tensor_000235.npy,/content/drive/MyDrive/SKANN_SSL/data/prototype_dataset/waveforms/clip_000235.npy
236,1,0,fishing_vessel,5,50.0,1.0,6.3848,31.924,True,1843.37,474,25.0,57.81,204.07,279.73,0.0074337457444108,0.0148322727428832,0.0165413069380747,32.94321298970777,77.42,83.42,84.37,6.0,/content/drive/MyDrive/SKANN_SSL/data/prototype_dataset/tensors/tensor_000236.npy,/content/drive/MyDrive/SKANN_SSL/data/prototype_dataset/waveforms/clip_000236.npy
237,2,0,fishing_vessel,5,50.0,1.0,7.8566,39.2831,True,1824.74,587,25.0,436.95,127.91,0.0,0.0074337457444108,0.0148322727428832,0.0165664567610837,24.701882306249765,77.42,83.42,84.38,6.0,/content/drive/MyDrive/SKANN_SSL/data/prototype_dataset/tensors/tensor_000237.npy,/content/drive/MyDrive/SKANN_SSL/data/prototype_dataset/waveforms/clip_000237.npy
238,3,0,fishing_vessel,5,50.0,1.0,7.57,37.8501,True,1807.85,537,25.0,127.21,174.62,492.99,0.0074337457444108,0.0148322727428832,0.0164900400207588,29.515461294108302,77.42,83.42,84.34,6.0,/content/drive/MyDrive/SKANN_SSL/data/prototype_dataset/tensors/tensor_000238.npy,/content/drive/MyDrive/SKANN_SSL/data/prototype_dataset/waveforms/clip_000238.npy
239,4,0,fishing_vessel,5,50.0,1.0,5.3673,26.8367,True,1801.25,396,25.0,98.95,302.32,286.22,0.0074337457444108,0.0148322727428832,0.016566461633686,27.618054593536836,77.42,83.42,84.38,6.0,/content/drive/MyDrive/SKANN_SSL/data/prototype_dataset/tensors/tensor_000239.npy,/content/drive/MyDrive/SKANN_SSL/data/prototype_dataset/waveforms/clip_000239.npy
240,0,0,cargo_ship,3,0.0,0.0,2.2348,6.7045,False,0.0,0,25.0,119.47,289.22,0.0,0.0074337457444108,0.0148322727428832,0.0166261571524925,47.306666000852125,77.42,83.42,84.42,6.0,/content/drive/MyDrive/SKANN_SSL/data/prototype_dataset/tensors/tensor_000240.npy,/content/drive/MyDrive/SKANN_SSL/data/prototype_dataset/waveforms/clip_000240.npy
241,1,0,cargo_ship,3,0.0,0.0,2.3636,7.0909,False,0.0,0,25.0,76.13,394.48,0.0,0.0074337457444108,0.0148322727428832,0.0164960211980806,47.52958295466408,77.42,83.42,84.35,6.0,/content/drive/MyDrive/SKANN_SSL/data/prototype_dataset/tensors/tensor_000241.npy,/content/drive/MyDrive/SKANN_SSL/data/prototype_dataset/waveforms/clip_000241.npy
242,2,0,cargo_ship,3,0.0,0.0,1.5398,4.6195,False,0.0,0,25.0,177.79,136.68,0.0,0.0074337457444108,0.0148322727428832,0.0165267068554389,48.69164628931965,77.42,83.42,84.36,6.0,/content/drive/MyDrive/SKANN_SSL/data/prototype_dataset/tensors/tensor_000242.npy,/content/drive/MyDrive/SKANN_SSL/data/prototype_dataset/waveforms/clip_000242.npy
243,3,0,cargo_ship,3,0.0,0.0,1.7505,5.2514,False,0.0,0,25.0,141.11,290.32,0.0,0.0074337457444108,0.0148322727428832,0.0165322186519424,47.54577537710334,77.42,83.42,84.37,6.0,/content/drive/MyDrive/SKANN_SSL/data/prototype_dataset/tensors/tensor_000243.npy,/content/drive/MyDrive/SKANN_SSL/data/prototype_dataset/waveforms/clip_000243.npy
244,4,0,cargo_ship,3,0.0,0.0,1.7239,5.1718,False,0.0,0,25.0,295.88,68.95,0.0,0.0074337457444108,0.0148322727428832,0.0166913900203487,47.65486023916639,77.42,83.42,84.45,6.0,/content/drive/MyDrive/SKANN_SSL/data/prototype_dataset/tensors/tensor_000244.npy,/content/drive/MyDrive/SKANN_SSL/data/prototype_dataset/waveforms/clip_000244.npy
245,0,0,cargo_ship,3,0.0,0.3333,1.7318,5.1954,True,675.64,35,25.0,124.79,137.03,0.0,0.0074337457444108,0.0148322727428832,0.0166167098648961,47.582129274124895,77.42,83.42,84.41,6.0,/content/drive/MyDrive/SKANN_SSL/data/prototype_dataset/tensors/tensor_000245.npy,/content/drive/MyDrive/SKANN_SSL/data/prototype_dataset/waveforms/clip_000245.npy
246,1,0,cargo_ship,3,0.0,0.3333,1.8529,5.5586,True,722.83,40,25.0,124.36,191.54,0.0,0.0074337457444108,0.0148322727428832,0.0164338089652079,47.46263982967076,77.42,83.42,84.31,6.0,/content/drive/MyDrive/SKANN_SSL/data/prototype_dataset/tensors/tensor_000246.npy,/content/drive/MyDrive/SKANN_SSL/data/prototype_dataset/waveforms/clip_000246.npy
247,2,0,cargo_ship,3,0.0,0.3333,1.76,5.2799,True,753.68,29,25.0,385.07,298.01,0.0,0.0074337457444108,0.0148322727428832,0.0166260717328264,47.60625138059511,77.42,83.42,84.42,6.0,/content/drive/MyDrive/SKANN_SSL/data/prototype_dataset/tensors/tensor_000247.npy,/content/drive/MyDrive/SKANN_SSL/data/prototype_dataset/waveforms/clip_000247.npy
248,3,0,cargo_ship,3,0.0,0.3333,1.6656,4.9967,True,719.02,27,25.0,107.27,227.07,215.94,0.0074337457444108,0.0148322727428832,0.0166001084350657,48.25581258885156,77.42,83.42,84.4,6.0,/content/drive/MyDrive/SKANN_SSL/data/prototype_dataset/tensors/tensor_000248.npy,/content/drive/MyDrive/SKANN_SSL/data/prototype_dataset/waveforms/clip_000248.npy
249,4,0,cargo_ship,3,0.0,0.3333,1.5507,4.6522,True,741.75,37,25.0,370.45,200.61,0.0,0.0074337457444108,0.0148322727428832,0.0167058634104565,48.48094119741206,77.42,83.42,84.46,6.0,/content/drive/MyDrive/SKANN_SSL/data/prototype_dataset/tensors/tensor_000249.npy,/content/drive/MyDrive/SKANN_SSL/data/prototype_dataset/waveforms/clip_000249.npy
250,0,0,cargo_ship,3,0.0,0.6667,2.4315,7.2946,True,691.86,89,25.0,109.45,430.28,0.0,0.0074337457444108,0.0148322727428832,0.0164081401773365,45.5029674456212,77.42,83.42,84.3,6.0,/content/drive/MyDrive/SKANN_SSL/data/prototype_dataset/tensors/tensor_000250.npy,/content/drive/MyDrive/SKANN_SSL/data/prototype_dataset/waveforms/clip_000250.npy
251,1,0,cargo_ship,3,0.0,0.6667,1.6538,4.9615,True,718.99,47,25.0,486.05,238.3,134.48,0.0074337457444108,0.0148322727428832,0.0165766661866972,47.64560759092719,77.42,83.42,84.39,6.0,/content/drive/MyDrive/SKANN_SSL/data/prototype_dataset/tensors/tensor_000251.npy,/content/drive/MyDrive/SKANN_SSL/data/prototype_dataset/waveforms/clip_000251.npy
252,2,0,cargo_ship,3,0.0,0.6667,1.8261,5.4784,True,681.56,56,25.0,188.82,284.19,98.89,0.0074337457444108,0.0148322727428832,0.0165386746071594,46.71387481647548,77.42,83.42,84.37,6.0,/content/drive/MyDrive/SKANN_SSL/data/prototype_dataset/tensors/tensor_000252.npy,/content/drive/MyDrive/SKANN_SSL/data/prototype_dataset/waveforms/clip_000252.npy
253,3,0,cargo_ship,3,0.0,0.6667,2.4663,7.399,True,768.06,83,25.0,96.48,303.16,0.0,0.0074337457444108,0.0148322727428832,0.0166032606908133,46.440426843643685,77.42,83.42,84.4,6.0,/content/drive/MyDrive/SKANN_SSL/data/prototype_dataset/tensors/tensor_000253.npy,/content/drive/MyDrive/SKANN_SSL/data/prototype_dataset/waveforms/clip_000253.npy
254,4,0,cargo_ship,3,0.0,0.6667,2.2162,6.6485,True,730.29,60,25.0,291.76,112.21,122.12,0.0074337457444108,0.0148322727428832,0.0164333527784425,45.85450924332916,77.42,83.42,84.31,6.0,/content/drive/MyDrive/SKANN_SSL/data/prototype_dataset/tensors/tensor_000254.npy,/content/drive/MyDrive/SKANN_SSL/data/prototype_dataset/waveforms/clip_000254.npy
255,0,0,cargo_ship,3,0.0,1.0,1.5181,4.5544,True,780.56,94,25.0,110.07,372.86,149.86,0.0074337457444108,0.0148322727428832,0.0166184212325793,46.253116256252845,77.42,83.42,84.41,6.0,/content/drive/MyDrive/SKANN_SSL/data/prototype_dataset/tensors/tensor_000255.npy,/content/drive/MyDrive/SKANN_SSL/data/prototype_dataset/waveforms/clip_000255.npy
256,1,0,cargo_ship,3,0.0,1.0,2.3154,6.9463,True,752.19,91,25.0,447.29,85.85,0.0,0.0074337457444108,0.0148322727428832,0.016682248046971,44.79870595602008,77.42,83.42,84.45,6.0,/content/drive/MyDrive/SKANN_SSL/data/prototype_dataset/tensors/tensor_000256.npy,/content/drive/MyDrive/SKANN_SSL/data/prototype_dataset/waveforms/clip_000256.npy
257,2,0,cargo_ship,3,0.0,1.0,2.4575,7.3724,True,743.06,141,25.0,470.79,68.17,0.0,0.0074337457444108,0.0148322727428832,0.016394093315072,39.56953856321312,77.42,83.42,84.29,6.0,/content/drive/MyDrive/SKANN_SSL/data/prototype_dataset/tensors/tensor_000257.npy,/content/drive/MyDrive/SKANN_SSL/data/prototype_dataset/waveforms/clip_000257.npy
258,3,0,cargo_ship,3,0.0,1.0,1.9933,5.9799,True,725.28,104,25.0,353.85,84.48,238.89,0.0074337457444108,0.0148322727428832,0.0166114247448375,36.274008131700334,77.42,83.42,84.41,6.0,/content/drive/MyDrive/SKANN_SSL/data/prototype_dataset/tensors/tensor_000258.npy,/content/drive/MyDrive/SKANN_SSL/data/prototype_dataset/waveforms/clip_000258.npy
259,4,0,cargo_ship,3,0.0,1.0,1.7501,5.2504,True,742.21,70,25.0,149.04,143.62,0.0,0.0074337457444108,0.0148322727428832,0.0166464104053235,41.95247920474282,77.42,83.42,84.43,6.0,/content/drive/MyDrive/SKANN_SSL/data/prototype_dataset/tensors/tensor_000259.npy,/content/drive/MyDrive/SKANN_SSL/data/prototype_dataset/waveforms/clip_000259.npy
260,0,0,cargo_ship,3,50.0,0.0,2.2044,6.6131,False,0.0,0,25.0,309.21,124.81,0.0,0.0074337457444108,0.0148322727428832,0.0166286362911266,46.64357405419793,77.42,83.42,84.42,6.0,/content/drive/MyDrive/SKANN_SSL/data/prototype_dataset/tensors/tensor_000260.npy,/content/drive/MyDrive/SKANN_SSL/data/prototype_dataset/waveforms/clip_000260.npy
261,1,0,cargo_ship,3,50.0,0.0,1.9241,5.7724,False,0.0,0,25.0,131.0,129.92,0.0,0.0074337457444108,0.0148322727428832,0.016699814266447,46.47686482307795,77.42,83.42,84.45,6.0,/content/drive/MyDrive/SKANN_SSL/data/prototype_dataset/tensors/tensor_000261.npy,/content/drive/MyDrive/SKANN_SSL/data/prototype_dataset/waveforms/clip_000261.npy
262,2,0,cargo_ship,3,50.0,0.0,1.9747,5.9242,False,0.0,0,25.0,204.66,98.24,347.08,0.0074337457444108,0.0148322727428832,0.0167047433976539,46.617405701716,77.42,83.42,84.46,6.0,/content/drive/MyDrive/SKANN_SSL/data/prototype_dataset/tensors/tensor_000262.npy,/content/drive/MyDrive/SKANN_SSL/data/prototype_dataset/waveforms/clip_000262.npy
263,3,0,cargo_ship,3,50.0,0.0,1.6697,5.0092,False,0.0,0,25.0,62.96,352.94,0.0,0.0074337457444108,0.0148322727428832,0.016640298506566,46.66233332415134,77.42,83.42,84.42,6.0,/content/drive/MyDrive/SKANN_SSL/data/prototype_dataset/tensors/tensor_000263.npy,/content/drive/MyDrive/SKANN_SSL/data/prototype_dataset/waveforms/clip_000263.npy
264,4,0,cargo_ship,3,50.0,0.0,2.1691,6.5072,False,0.0,0,25.0,263.23,99.24,0.0,0.0074337457444108,0.0148322727428832,0.016509483529706,46.45258601181079,77.42,83.42,84.35,6.0,/content/drive/MyDrive/SKANN_SSL/data/prototype_dataset/tensors/tensor_000264.npy,/content/drive/MyDrive/SKANN_SSL/data/prototype_dataset/waveforms/clip_000264.npy
265,0,0,cargo_ship,3,50.0,0.3333,1.6719,5.0157,True,778.09,39,25.0,320.38,284.08,0.0,0.0074337457444108,0.0148322727428832,0.0165520897188273,46.6804827191515,77.42,83.42,84.38,6.0,/content/drive/MyDrive/SKANN_SSL/data/prototype_dataset/tensors/tensor_000265.npy,/content/drive/MyDrive/SKANN_SSL/data/prototype_dataset/waveforms/clip_000265.npy
266,1,0,cargo_ship,3,50.0,0.3333,1.9751,5.9252,True,794.25,38,25.0,205.94,54.37,126.72,0.0074337457444108,0.0148322727428832,0.0166449444749266,46.32565585756492,77.42,83.42,84.43,6.0,/content/drive/MyDrive/SKANN_SSL/data/prototype_dataset/tensors/tensor_000266.npy,/content/drive/MyDrive/SKANN_SSL/data/prototype_dataset/waveforms/clip_000266.npy
267,2,0,cargo_ship,3,50.0,0.3333,1.6198,4.8594,True,676.47,20,25.0,142.87,149.87,448.31,0.0074337457444108,0.0148322727428832,0.0165239235439762,47.19256981847703,77.42,83.42,84.36,6.0,/content/drive/MyDrive/SKANN_SSL/data/prototype_dataset/tensors/tensor_000267.npy,/content/drive/MyDrive/SKANN_SSL/data/prototype_dataset/waveforms/clip_000267.npy
268,3,0,cargo_ship,3,50.0,0.3333,2.4484,7.3451,True,722.0,40,25.0,96.8,495.77,0.0,0.0074337457444108,0.0148322727428832,0.0166001100818071,46.44162548376903,77.42,83.42,84.4,6.0,/content/drive/MyDrive/SKANN_SSL/data/prototype_dataset/tensors/tensor_000268.npy,/content/drive/MyDrive/SKANN_SSL/data/prototype_dataset/waveforms/clip_000268.npy
269,4,0,cargo_ship,3,50.0,0.3333,2.1043,6.313,True,723.81,50,25.0,105.11,89.12,443.98,0.0074337457444108,0.0148322727428832,0.016604148796732,46.130865781281294,77.42,83.42,84.4,6.0,/content/drive/MyDrive/SKANN_SSL/data/prototype_dataset/tensors/tensor_000269.npy,/content/drive/MyDrive/SKANN_SSL/data/prototype_dataset/waveforms/clip_000269.npy
270,0,0,cargo_ship,3,50.0,0.6667,1.7758,5.3273,True,706.5,53,25.0,225.33,104.54,286.07,0.0074337457444108,0.0148322727428832,0.016607135573627,45.76709257569986,77.42,83.42,84.41,6.0,/content/drive/MyDrive/SKANN_SSL/data/prototype_dataset/tensors/tensor_000270.npy,/content/drive/MyDrive/SKANN_SSL/data/prototype_dataset/waveforms/clip_000270.npy
271,1,0,cargo_ship,3,50.0,0.6667,2.4638,7.3915,True,742.2,86,25.0,455.0,294.41,100.21,0.0074337457444108,0.0148322727428832,0.0164974619395905,44.37237344122322,77.42,83.42,84.35,6.0,/content/drive/MyDrive/SKANN_SSL/data/prototype_dataset/tensors/tensor_000271.npy,/content/drive/MyDrive/SKANN_SSL/data/prototype_dataset/waveforms/clip_000271.npy
272,2,0,cargo_ship,3,50.0,0.6667,2.3174,6.9522,True,741.86,90,25.0,492.96,106.03,201.75,0.0074337457444108,0.0148322727428832,0.0165429906576303,44.845558660460725,77.42,83.42,84.37,6.0,/content/drive/MyDrive/SKANN_SSL/data/prototype_dataset/tensors/tensor_000272.npy,/content/drive/MyDrive/SKANN_SSL/data/prototype_dataset/waveforms/clip_000272.npy
273,3,0,cargo_ship,3,50.0,0.6667,2.4715,7.4145,True,730.78,73,25.0,121.67,296.3,0.0,0.0074337457444108,0.0148322727428832,0.0165294167154956,46.03676434683929,77.42,83.42,84.37,6.0,/content/drive/MyDrive/SKANN_SSL/data/prototype_dataset/tensors/tensor_000273.npy,/content/drive/MyDrive/SKANN_SSL/data/prototype_dataset/waveforms/clip_000273.npy
274,4,0,cargo_ship,3,50.0,0.6667,2.1427,6.428,True,744.92,54,25.0,142.19,316.9,0.0,0.0074337457444108,0.0148322727428832,0.0165768896184901,46.18765312129885,77.42,83.42,84.39,6.0,/content/drive/MyDrive/SKANN_SSL/data/prototype_dataset/tensors/tensor_000274.npy,/content/drive/MyDrive/SKANN_SSL/data/prototype_dataset/waveforms/clip_000274.npy
275,0,0,cargo_ship,3,50.0,1.0,1.958,5.874,True,731.46,83,25.0,368.44,106.33,101.86,0.0074337457444108,0.0148322727428832,0.0166025904302234,43.12172006357327,77.42,83.42,84.4,6.0,/content/drive/MyDrive/SKANN_SSL/data/prototype_dataset/tensors/tensor_000275.npy,/content/drive/MyDrive/SKANN_SSL/data/prototype_dataset/waveforms/clip_000275.npy
276,1,0,cargo_ship,3,50.0,1.0,1.7886,5.3657,True,742.52,78,25.0,218.48,125.2,0.0,0.0074337457444108,0.0148322727428832,0.016499377193792,41.410059559565205,77.42,83.42,84.35,6.0,/content/drive/MyDrive/SKANN_SSL/data/prototype_dataset/tensors/tensor_000276.npy,/content/drive/MyDrive/SKANN_SSL/data/prototype_dataset/waveforms/clip_000276.npy
277,2,0,cargo_ship,3,50.0,1.0,2.2503,6.751,True,714.06,114,25.0,477.17,154.22,0.0,0.0074337457444108,0.0148322727428832,0.0166050193008673,43.48176972394362,77.42,83.42,84.4,6.0,/content/drive/MyDrive/SKANN_SSL/data/prototype_dataset/tensors/tensor_000277.npy,/content/drive/MyDrive/SKANN_SSL/data/prototype_dataset/waveforms/clip_000277.npy
278,3,0,cargo_ship,3,50.0,1.0,1.6278,4.8833,True,656.66,68,25.0,74.23,280.24,0.0,0.0074337457444108,0.0148322727428832,0.016597155426132,40.31653642734165,77.42,83.42,84.4,6.0,/content/drive/MyDrive/SKANN_SSL/data/prototype_dataset/tensors/tensor_000278.npy,/content/drive/MyDrive/SKANN_SSL/data/prototype_dataset/waveforms/clip_000278.npy
279,4,0,cargo_ship,3,50.0,1.0,1.6524,4.9571,True,758.58,71,25.0,405.17,146.23,0.0,0.0074337457444108,0.0148322727428832,0.0166978798469654,44.25515860079007,77.42,83.42,84.45,6.0,/content/drive/MyDrive/SKANN_SSL/data/prototype_dataset/tensors/tensor_000279.npy,/content/drive/MyDrive/SKANN_SSL/data/prototype_dataset/waveforms/clip_000279.npy
280,0,0,cargo_ship,4,0.0,0.0,1.8122,7.2489,False,0.0,0,25.0,207.04,65.91,0.0,0.0074337457444108,0.0148322727428832,0.0165042712483967,47.67518672256955,77.42,83.42,84.35,6.0,/content/drive/MyDrive/SKANN_SSL/data/prototype_dataset/tensors/tensor_000280.npy,/content/drive/MyDrive/SKANN_SSL/data/prototype_dataset/waveforms/clip_000280.npy
281,1,0,cargo_ship,4,0.0,0.0,1.9207,7.6827,False,0.0,0,25.0,233.43,74.39,0.0,0.0074337457444108,0.0148322727428832,0.0166787303280435,47.87555813618184,77.42,83.42,84.44,6.0,/content/drive/MyDrive/SKANN_SSL/data/prototype_dataset/tensors/tensor_000281.npy,/content/drive/MyDrive/SKANN_SSL/data/prototype_dataset/waveforms/clip_000281.npy
282,2,0,cargo_ship,4,0.0,0.0,1.5724,6.2894,False,0.0,0,25.0,160.58,359.75,124.26,0.0074337457444108,0.0148322727428832,0.0167018348951889,47.59955933854139,77.42,83.42,84.46,6.0,/content/drive/MyDrive/SKANN_SSL/data/prototype_dataset/tensors/tensor_000282.npy,/content/drive/MyDrive/SKANN_SSL/data/prototype_dataset/waveforms/clip_000282.npy
283,3,0,cargo_ship,4,0.0,0.0,1.6055,6.422,False,0.0,0,25.0,234.24,129.43,0.0,0.0074337457444108,0.0148322727428832,0.0164827533780224,48.02647940759718,77.42,83.42,84.34,6.0,/content/drive/MyDrive/SKANN_SSL/data/prototype_dataset/tensors/tensor_000283.npy,/content/drive/MyDrive/SKANN_SSL/data/prototype_dataset/waveforms/clip_000283.npy
284,4,0,cargo_ship,4,0.0,0.0,2.3364,9.3458,False,0.0,0,25.0,271.22,206.83,94.92,0.0074337457444108,0.0148322727428832,0.0166185574720223,47.38574543592844,77.42,83.42,84.41,6.0,/content/drive/MyDrive/SKANN_SSL/data/prototype_dataset/tensors/tensor_000284.npy,/content/drive/MyDrive/SKANN_SSL/data/prototype_dataset/waveforms/clip_000284.npy
285,0,0,cargo_ship,4,0.0,0.3333,1.895,7.5801,True,708.2,48,25.0,327.32,95.29,279.86,0.0074337457444108,0.0148322727428832,0.0165308422378117,47.50345638709041,77.42,83.42,84.37,6.0,/content/drive/MyDrive/SKANN_SSL/data/prototype_dataset/tensors/tensor_000285.npy,/content/drive/MyDrive/SKANN_SSL/data/prototype_dataset/waveforms/clip_000285.npy
286,1,0,cargo_ship,4,0.0,0.3333,2.4252,9.7009,True,778.37,67,25.0,105.98,495.3,237.33,0.0074337457444108,0.0148322727428832,0.0167187727558457,47.23813210967492,77.42,83.42,84.46,6.0,/content/drive/MyDrive/SKANN_SSL/data/prototype_dataset/tensors/tensor_000286.npy,/content/drive/MyDrive/SKANN_SSL/data/prototype_dataset/waveforms/clip_000286.npy
287,2,0,cargo_ship,4,0.0,0.3333,2.2627,9.0509,True,723.36,59,25.0,55.4,402.87,0.0,0.0074337457444108,0.0148322727428832,0.0166619636448234,47.4844200196593,77.42,83.42,84.43,6.0,/content/drive/MyDrive/SKANN_SSL/data/prototype_dataset/tensors/tensor_000287.npy,/content/drive/MyDrive/SKANN_SSL/data/prototype_dataset/waveforms/clip_000287.npy
288,3,0,cargo_ship,4,0.0,0.3333,2.2402,8.9609,True,731.7,54,25.0,349.07,86.75,0.0,0.0074337457444108,0.0148322727428832,0.0166011152924813,47.344838012687,77.42,83.42,84.4,6.0,/content/drive/MyDrive/SKANN_SSL/data/prototype_dataset/tensors/tensor_000288.npy,/content/drive/MyDrive/SKANN_SSL/data/prototype_dataset/waveforms/clip_000288.npy
289,4,0,cargo_ship,4,0.0,0.3333,1.7488,6.995,True,824.84,37,25.0,200.25,129.93,101.17,0.0074337457444108,0.0148322727428832,0.0165416086189487,47.420634636549856,77.42,83.42,84.37,6.0,/content/drive/MyDrive/SKANN_SSL/data/prototype_dataset/tensors/tensor_000289.npy,/content/drive/MyDrive/SKANN_SSL/data/prototype_dataset/waveforms/clip_000289.npy
290,0,0,cargo_ship,4,0.0,0.6667,1.5509,6.2038,True,660.4,69,25.0,422.44,189.05,0.0,0.0074337457444108,0.0148322727428832,0.0166401785804164,47.19416203318202,77.42,83.42,84.42,6.0,/content/drive/MyDrive/SKANN_SSL/data/prototype_dataset/tensors/tensor_000290.npy,/content/drive/MyDrive/SKANN_SSL/data/prototype_dataset/waveforms/clip_000290.npy
291,1,0,cargo_ship,4,0.0,0.6667,2.3857,9.5429,True,742.68,110,25.0,58.72,244.36,336.73,0.0074337457444108,0.0148322727428832,0.0165512912810928,46.210809460187335,77.42,83.42,84.38,6.0,/content/drive/MyDrive/SKANN_SSL/data/prototype_dataset/tensors/tensor_000291.npy,/content/drive/MyDrive/SKANN_SSL/data/prototype_dataset/waveforms/clip_000291.npy
292,2,0,cargo_ship,4,0.0,0.6667,1.9504,7.8017,True,763.07,106,25.0,241.32,148.78,497.98,0.0074337457444108,0.0148322727428832,0.0167073306418884,46.5732013585961,77.42,83.42,84.46,6.0,/content/drive/MyDrive/SKANN_SSL/data/prototype_dataset/tensors/tensor_000292.npy,/content/drive/MyDrive/SKANN_SSL/data/prototype_dataset/waveforms/clip_000292.npy
293,3,0,cargo_ship,4,0.0,0.6667,2.3747,9.4987,True,701.57,107,25.0,121.83,344.18,297.49,0.0074337457444108,0.0148322727428832,0.0166154642500746,46.21955456592465,77.42,83.42,84.41,6.0,/content/drive/MyDrive/SKANN_SSL/data/prototype_dataset/tensors/tensor_000293.npy,/content/drive/MyDrive/SKANN_SSL/data/prototype_dataset/waveforms/clip_000293.npy
294,4,0,cargo_ship,4,0.0,0.6667,2.3577,9.4306,True,702.73,105,25.0,212.94,110.28,194.28,0.0074337457444108,0.0148322727428832,0.0165903033939836,44.80936607087388,77.42,83.42,84.4,6.0,/content/drive/MyDrive/SKANN_SSL/data/prototype_dataset/tensors/tensor_000294.npy,/content/drive/MyDrive/SKANN_SSL/data/prototype_dataset/waveforms/clip_000294.npy
295,0,0,cargo_ship,4,0.0,1.0,2.1883,8.7531,True,731.23,125,25.0,195.63,479.5,108.46,0.0074337457444108,0.0148322727428832,0.0165545290221906,40.10514828574468,77.42,83.42,84.38,6.0,/content/drive/MyDrive/SKANN_SSL/data/prototype_dataset/tensors/tensor_000295.npy,/content/drive/MyDrive/SKANN_SSL/data/prototype_dataset/waveforms/clip_000295.npy
296,1,0,cargo_ship,4,0.0,1.0,2.0897,8.3586,True,798.25,129,25.0,250.12,85.0,248.02,0.0074337457444108,0.0148322727428832,0.0166022826468402,38.112849155307096,77.42,83.42,84.4,6.0,/content/drive/MyDrive/SKANN_SSL/data/prototype_dataset/tensors/tensor_000296.npy,/content/drive/MyDrive/SKANN_SSL/data/prototype_dataset/waveforms/clip_000296.npy
297,2,0,cargo_ship,4,0.0,1.0,2.0498,8.1993,True,749.96,114,25.0,244.39,85.49,0.0,0.0074337457444108,0.0148322727428832,0.0165426176431351,42.8538850651632,77.42,83.42,84.37,6.0,/content/drive/MyDrive/SKANN_SSL/data/prototype_dataset/tensors/tensor_000297.npy,/content/drive/MyDrive/SKANN_SSL/data/prototype_dataset/waveforms/clip_000297.npy
298,3,0,cargo_ship,4,0.0,1.0,2.3215,9.2862,True,715.32,133,25.0,151.28,400.48,0.0,0.0074337457444108,0.0148322727428832,0.0165713018402055,37.00421502777345,77.42,83.42,84.39,6.0,/content/drive/MyDrive/SKANN_SSL/data/prototype_dataset/tensors/tensor_000298.npy,/content/drive/MyDrive/SKANN_SSL/data/prototype_dataset/waveforms/clip_000298.npy
299,4,0,cargo_ship,4,0.0,1.0,1.9775,7.9101,True,676.84,111,25.0,333.38,175.68,129.82,0.0074337457444108,0.0148322727428832,0.0165582021599587,36.99223794372123,77.42,83.42,84.38,6.0,/content/drive/MyDrive/SKANN_SSL/data/prototype_dataset/tensors/tensor_000299.npy,/content/drive/MyDrive/SKANN_SSL/data/prototype_dataset/waveforms/clip_000299.npy
300,0,0,cargo_ship,4,50.0,0.0,1.78,7.1201,False,0.0,0,25.0,225.25,294.01,50.3,0.0074337457444108,0.0148322727428832,0.016592797038633,46.54385334022302,77.42,83.42,84.4,6.0,/content/drive/MyDrive/SKANN_SSL/data/prototype_dataset/tensors/tensor_000300.npy,/content/drive/MyDrive/SKANN_SSL/data/prototype_dataset/waveforms/clip_000300.npy
301,1,0,cargo_ship,4,50.0,0.0,2.1145,8.4579,False,0.0,0,25.0,333.2,122.91,0.0,0.0074337457444108,0.0148322727428832,0.0165261204698868,46.52395808909196,77.42,83.42,84.36,6.0,/content/drive/MyDrive/SKANN_SSL/data/prototype_dataset/tensors/tensor_000301.npy,/content/drive/MyDrive/SKANN_SSL/data/prototype_dataset/waveforms/clip_000301.npy
302,2,0,cargo_ship,4,50.0,0.0,2.0196,8.0783,False,0.0,0,25.0,72.09,445.24,189.67,0.0074337457444108,0.0148322727428832,0.0166620042407874,46.62263303513026,77.42,83.42,84.43,6.0,/content/drive/MyDrive/SKANN_SSL/data/prototype_dataset/tensors/tensor_000302.npy,/content/drive/MyDrive/SKANN_SSL/data/prototype_dataset/waveforms/clip_000302.npy
303,3,0,cargo_ship,4,50.0,0.0,1.5566,6.2263,False,0.0,0,25.0,126.37,275.74,0.0,0.0074337457444108,0.0148322727428832,0.0166022615134539,47.0813046690811,77.42,83.42,84.4,6.0,/content/drive/MyDrive/SKANN_SSL/data/prototype_dataset/tensors/tensor_000303.npy,/content/drive/MyDrive/SKANN_SSL/data/prototype_dataset/waveforms/clip_000303.npy
304,4,0,cargo_ship,4,50.0,0.0,2.4307,9.7228,False,0.0,0,25.0,245.44,105.26,0.0,0.0074337457444108,0.0148322727428832,0.0165077494149963,46.69616308115045,77.42,83.42,84.35,6.0,/content/drive/MyDrive/SKANN_SSL/data/prototype_dataset/tensors/tensor_000304.npy,/content/drive/MyDrive/SKANN_SSL/data/prototype_dataset/waveforms/clip_000304.npy
305,0,0,cargo_ship,4,50.0,0.3333,1.5472,6.1888,True,701.54,41,25.0,411.92,68.75,192.93,0.0074337457444108,0.0148322727428832,0.0165653624283867,46.711442817343965,77.42,83.42,84.38,6.0,/content/drive/MyDrive/SKANN_SSL/data/prototype_dataset/tensors/tensor_000305.npy,/content/drive/MyDrive/SKANN_SSL/data/prototype_dataset/waveforms/clip_000305.npy
306,1,0,cargo_ship,4,50.0,0.3333,1.9807,7.9227,True,634.53,36,25.0,215.49,474.83,0.0,0.0074337457444108,0.0148322727428832,0.0166175930124038,46.792449780317696,77.42,83.42,84.41,6.0,/content/drive/MyDrive/SKANN_SSL/data/prototype_dataset/tensors/tensor_000306.npy,/content/drive/MyDrive/SKANN_SSL/data/prototype_dataset/waveforms/clip_000306.npy
307,2,0,cargo_ship,4,50.0,0.3333,2.3709,9.4835,True,604.9,39,25.0,282.69,475.51,0.0,0.0074337457444108,0.0148322727428832,0.0166050200642609,46.55373873823954,77.42,83.42,84.4,6.0,/content/drive/MyDrive/SKANN_SSL/data/prototype_dataset/tensors/tensor_000307.npy,/content/drive/MyDrive/SKANN_SSL/data/prototype_dataset/waveforms/clip_000307.npy
308,3,0,cargo_ship,4,50.0,0.3333,1.6421,6.5685,True,762.16,44,25.0,282.35,133.47,333.93,0.0074337457444108,0.0148322727428832,0.0165284960173919,46.84219121744379,77.42,83.42,84.36,6.0,/content/drive/MyDrive/SKANN_SSL/data/prototype_dataset/tensors/tensor_000308.npy,/content/drive/MyDrive/SKANN_SSL/data/prototype_dataset/waveforms/clip_000308.npy
309,4,0,cargo_ship,4,50.0,0.3333,1.7817,7.1268,True,711.53,64,25.0,67.73,112.97,0.0,0.0074337457444108,0.0148322727428832,0.0166536726946187,46.89000121299057,77.42,83.42,84.43,6.0,/content/drive/MyDrive/SKANN_SSL/data/prototype_dataset/tensors/tensor_000309.npy,/content/drive/MyDrive/SKANN_SSL/data/prototype_dataset/waveforms/clip_000309.npy
310,0,0,cargo_ship,4,50.0,0.6667,2.3107,9.2426,True,677.54,106,25.0,112.27,222.55,281.7,0.0074337457444108,0.0148322727428832,0.0166649545959723,46.02422533937638,77.42,83.42,84.44,6.0,/content/drive/MyDrive/SKANN_SSL/data/prototype_dataset/tensors/tensor_000310.npy,/content/drive/MyDrive/SKANN_SSL/data/prototype_dataset/waveforms/clip_000310.npy
311,1,0,cargo_ship,4,50.0,0.6667,1.5159,6.0636,True,753.5,75,25.0,89.41,311.62,0.0,0.0074337457444108,0.0148322727428832,0.0166234381810364,46.24362555370711,77.42,83.42,84.41,6.0,/content/drive/MyDrive/SKANN_SSL/data/prototype_dataset/tensors/tensor_000311.npy,/content/drive/MyDrive/SKANN_SSL/data/prototype_dataset/waveforms/clip_000311.npy
312,2,0,cargo_ship,4,50.0,0.6667,2.4849,9.9398,True,773.14,106,25.0,244.53,84.08,108.82,0.0074337457444108,0.0148322727428832,0.0166031076361159,44.47064787472463,77.42,83.42,84.4,6.0,/content/drive/MyDrive/SKANN_SSL/data/prototype_dataset/tensors/tensor_000312.npy,/content/drive/MyDrive/SKANN_SSL/data/prototype_dataset/waveforms/clip_000312.npy
313,3,0,cargo_ship,4,50.0,0.6667,1.5643,6.2573,True,682.58,65,25.0,275.85,241.06,119.27,0.0074337457444108,0.0148322727428832,0.0166100891665869,45.62643685395194,77.42,83.42,84.41,6.0,/content/drive/MyDrive/SKANN_SSL/data/prototype_dataset/tensors/tensor_000313.npy,/content/drive/MyDrive/SKANN_SSL/data/prototype_dataset/waveforms/clip_000313.npy
314,4,0,cargo_ship,4,50.0,0.6667,2.4047,9.6187,True,716.48,113,25.0,113.52,203.58,356.01,0.0074337457444108,0.0148322727428832,0.016507573346533,45.0116831527478,77.42,83.42,84.35,6.0,/content/drive/MyDrive/SKANN_SSL/data/prototype_dataset/tensors/tensor_000314.npy,/content/drive/MyDrive/SKANN_SSL/data/prototype_dataset/waveforms/clip_000314.npy
315,0,0,cargo_ship,4,50.0,1.0,2.4394,9.7574,True,715.71,157,25.0,116.71,202.11,0.0,0.0074337457444108,0.0148322727428832,0.0166110800710439,38.42224551891723,77.42,83.42,84.41,6.0,/content/drive/MyDrive/SKANN_SSL/data/prototype_dataset/tensors/tensor_000315.npy,/content/drive/MyDrive/SKANN_SSL/data/prototype_dataset/waveforms/clip_000315.npy
316,1,0,cargo_ship,4,50.0,1.0,2.4141,9.6564,True,718.22,141,25.0,50.26,299.47,0.0,0.0074337457444108,0.0148322727428832,0.0164291639887889,39.01007867806359,77.42,83.42,84.31,6.0,/content/drive/MyDrive/SKANN_SSL/data/prototype_dataset/tensors/tensor_000316.npy,/content/drive/MyDrive/SKANN_SSL/data/prototype_dataset/waveforms/clip_000316.npy
317,2,0,cargo_ship,4,50.0,1.0,1.5303,6.1213,True,735.79,95,25.0,60.13,268.01,381.49,0.0074337457444108,0.0148322727428832,0.0166498777228402,43.616384865491554,77.42,83.42,84.43,6.0,/content/drive/MyDrive/SKANN_SSL/data/prototype_dataset/tensors/tensor_000317.npy,/content/drive/MyDrive/SKANN_SSL/data/prototype_dataset/waveforms/clip_000317.npy
318,3,0,cargo_ship,4,50.0,1.0,1.7737,7.0948,True,720.37,96,25.0,217.49,87.01,0.0,0.0074337457444108,0.0148322727428832,0.0166413332455447,38.26305853950996,77.42,83.42,84.42,6.0,/content/drive/MyDrive/SKANN_SSL/data/prototype_dataset/tensors/tensor_000318.npy,/content/drive/MyDrive/SKANN_SSL/data/prototype_dataset/waveforms/clip_000318.npy
319,4,0,cargo_ship,4,50.0,1.0,2.1127,8.4507,True,717.46,126,25.0,207.0,59.92,362.17,0.0074337457444108,0.0148322727428832,0.0166055706707303,41.31527459296164,77.42,83.42,84.41,6.0,/content/drive/MyDrive/SKANN_SSL/data/prototype_dataset/tensors/tensor_000319.npy,/content/drive/MyDrive/SKANN_SSL/data/prototype_dataset/waveforms/clip_000319.npy
320,0,0,cargo_ship,5,0.0,0.0,1.9426,9.7132,False,0.0,0,25.0,100.81,319.13,81.59,0.0074337457444108,0.0148322727428832,0.0166716388199365,47.77443266509476,77.42,83.42,84.44,6.0,/content/drive/MyDrive/SKANN_SSL/data/prototype_dataset/tensors/tensor_000320.npy,/content/drive/MyDrive/SKANN_SSL/data/prototype_dataset/waveforms/clip_000320.npy
321,1,0,cargo_ship,5,0.0,0.0,2.0141,10.0706,False,0.0,0,25.0,67.7,264.28,0.0,0.0074337457444108,0.0148322727428832,0.0166349418860933,45.841189796844674,77.42,83.42,84.42,6.0,/content/drive/MyDrive/SKANN_SSL/data/prototype_dataset/tensors/tensor_000321.npy,/content/drive/MyDrive/SKANN_SSL/data/prototype_dataset/waveforms/clip_000321.npy
322,2,0,cargo_ship,5,0.0,0.0,2.4831,12.4157,False,0.0,0,25.0,306.49,68.31,217.22,0.0074337457444108,0.0148322727428832,0.0164633676803731,45.71288184243417,77.42,83.42,84.33,6.0,/content/drive/MyDrive/SKANN_SSL/data/prototype_dataset/tensors/tensor_000322.npy,/content/drive/MyDrive/SKANN_SSL/data/prototype_dataset/waveforms/clip_000322.npy
323,3,0,cargo_ship,5,0.0,0.0,1.9023,9.5113,False,0.0,0,25.0,320.41,136.2,0.0,0.0074337457444108,0.0148322727428832,0.0166138286396007,47.98633540987166,77.42,83.42,84.41,6.0,/content/drive/MyDrive/SKANN_SSL/data/prototype_dataset/tensors/tensor_000323.npy,/content/drive/MyDrive/SKANN_SSL/data/prototype_dataset/waveforms/clip_000323.npy
324,4,0,cargo_ship,5,0.0,0.0,2.036,10.1801,False,0.0,0,25.0,76.96,406.62,253.52,0.0074337457444108,0.0148322727428832,0.0164700785126179,45.61989983832741,77.42,83.42,84.33,6.0,/content/drive/MyDrive/SKANN_SSL/data/prototype_dataset/tensors/tensor_000324.npy,/content/drive/MyDrive/SKANN_SSL/data/prototype_dataset/waveforms/clip_000324.npy
325,0,0,cargo_ship,5,0.0,0.3333,1.7255,8.6275,True,729.75,58,25.0,150.5,495.03,0.0,0.0074337457444108,0.0148322727428832,0.0166244985283467,47.59379897969105,77.42,83.42,84.41,6.0,/content/drive/MyDrive/SKANN_SSL/data/prototype_dataset/tensors/tensor_000325.npy,/content/drive/MyDrive/SKANN_SSL/data/prototype_dataset/waveforms/clip_000325.npy
326,1,0,cargo_ship,5,0.0,0.3333,2.0417,10.2086,True,757.2,70,25.0,312.06,62.26,0.0,0.0074337457444108,0.0148322727428832,0.0166744189872282,45.85277526363555,77.42,83.42,84.44,6.0,/content/drive/MyDrive/SKANN_SSL/data/prototype_dataset/tensors/tensor_000326.npy,/content/drive/MyDrive/SKANN_SSL/data/prototype_dataset/waveforms/clip_000326.npy
327,2,0,cargo_ship,5,0.0,0.3333,1.7477,8.7383,True,718.37,55,25.0,210.85,77.99,0.0,0.0074337457444108,0.0148322727428832,0.0165060174196452,47.767860484181234,77.42,83.42,84.35,6.0,/content/drive/MyDrive/SKANN_SSL/data/prototype_dataset/tensors/tensor_000327.npy,/content/drive/MyDrive/SKANN_SSL/data/prototype_dataset/waveforms/clip_000327.npy
328,3,0,cargo_ship,5,0.0,0.3333,1.6571,8.2857,True,667.31,49,25.0,432.39,164.47,0.0,0.0074337457444108,0.0148322727428832,0.0165345541551298,47.78541596775968,77.42,83.42,84.37,6.0,/content/drive/MyDrive/SKANN_SSL/data/prototype_dataset/tensors/tensor_000328.npy,/content/drive/MyDrive/SKANN_SSL/data/prototype_dataset/waveforms/clip_000328.npy
329,4,0,cargo_ship,5,0.0,0.3333,1.8018,9.009,True,675.96,53,25.0,291.65,239.55,0.0,0.0074337457444108,0.0148322727428832,0.0166466283372563,47.83218174029668,77.42,83.42,84.43,6.0,/content/drive/MyDrive/SKANN_SSL/data/prototype_dataset/tensors/tensor_000329.npy,/content/drive/MyDrive/SKANN_SSL/data/prototype_dataset/waveforms/clip_000329.npy
330,0,0,cargo_ship,5,0.0,0.6667,1.7893,8.9466,True,692.91,96,25.0,277.88,495.04,0.0,0.0074337457444108,0.0148322727428832,0.0165420734841191,45.60141506387157,77.42,83.42,84.37,6.0,/content/drive/MyDrive/SKANN_SSL/data/prototype_dataset/tensors/tensor_000330.npy,/content/drive/MyDrive/SKANN_SSL/data/prototype_dataset/waveforms/clip_000330.npy
331,1,0,cargo_ship,5,0.0,0.6667,1.9497,9.7484,True,725.68,96,25.0,132.73,250.73,0.0,0.0074337457444108,0.0148322727428832,0.0166247781475553,46.18419751289237,77.42,83.42,84.42,6.0,/content/drive/MyDrive/SKANN_SSL/data/prototype_dataset/tensors/tensor_000331.npy,/content/drive/MyDrive/SKANN_SSL/data/prototype_dataset/waveforms/clip_000331.npy
332,2,0,cargo_ship,5,0.0,0.6667,1.7219,8.6093,True,697.69,116,25.0,455.1,177.9,138.13,0.0074337457444108,0.0148322727428832,0.0166370355850206,46.71548009576769,77.42,83.42,84.42,6.0,/content/drive/MyDrive/SKANN_SSL/data/prototype_dataset/tensors/tensor_000332.npy,/content/drive/MyDrive/SKANN_SSL/data/prototype_dataset/waveforms/clip_000332.npy
333,3,0,cargo_ship,5,0.0,0.6667,1.7418,8.7088,True,697.28,115,25.0,283.26,89.74,235.9,0.0074337457444108,0.0148322727428832,0.0166466016141361,45.60275595649701,77.42,83.42,84.43,6.0,/content/drive/MyDrive/SKANN_SSL/data/prototype_dataset/tensors/tensor_000333.npy,/content/drive/MyDrive/SKANN_SSL/data/prototype_dataset/waveforms/clip_000333.npy
334,4,0,cargo_ship,5,0.0,0.6667,2.1272,10.6362,True,697.1,126,25.0,105.91,432.78,0.0,0.0074337457444108,0.0148322727428832,0.0165678106670667,44.0175313899491,77.42,83.42,84.39,6.0,/content/drive/MyDrive/SKANN_SSL/data/prototype_dataset/tensors/tensor_000334.npy,/content/drive/MyDrive/SKANN_SSL/data/prototype_dataset/waveforms/clip_000334.npy
335,0,0,cargo_ship,5,0.0,1.0,2.4704,12.3521,True,693.66,151,25.0,54.77,317.94,0.0,0.0074337457444108,0.0148322727428832,0.0166539544706155,35.0135163042106,77.42,83.42,84.43,6.0,/content/drive/MyDrive/SKANN_SSL/data/prototype_dataset/tensors/tensor_000335.npy,/content/drive/MyDrive/SKANN_SSL/data/prototype_dataset/waveforms/clip_000335.npy
336,1,0,cargo_ship,5,0.0,1.0,1.6552,8.2758,True,746.72,134,25.0,470.5,117.91,0.0,0.0074337457444108,0.0148322727428832,0.01657123245692,41.02532525273558,77.42,83.42,84.39,6.0,/content/drive/MyDrive/SKANN_SSL/data/prototype_dataset/tensors/tensor_000336.npy,/content/drive/MyDrive/SKANN_SSL/data/prototype_dataset/waveforms/clip_000336.npy
337,2,0,cargo_ship,5,0.0,1.0,1.8134,9.0672,True,745.36,145,25.0,233.23,321.24,0.0,0.0074337457444108,0.0148322727428832,0.0166297772183923,43.3814801731655,77.42,83.42,84.42,6.0,/content/drive/MyDrive/SKANN_SSL/data/prototype_dataset/tensors/tensor_000337.npy,/content/drive/MyDrive/SKANN_SSL/data/prototype_dataset/waveforms/clip_000337.npy
338,3,0,cargo_ship,5,0.0,1.0,1.6503,8.2516,True,700.07,120,25.0,243.24,83.44,296.66,0.0074337457444108,0.0148322727428832,0.0164782567153026,40.17381469011915,77.42,83.42,84.34,6.0,/content/drive/MyDrive/SKANN_SSL/data/prototype_dataset/tensors/tensor_000338.npy,/content/drive/MyDrive/SKANN_SSL/data/prototype_dataset/waveforms/clip_000338.npy
339,4,0,cargo_ship,5,0.0,1.0,1.7836,8.9179,True,722.39,142,25.0,425.74,206.15,0.0,0.0074337457444108,0.0148322727428832,0.0163925004093555,42.31036696659215,77.42,83.42,84.29,6.0,/content/drive/MyDrive/SKANN_SSL/data/prototype_dataset/tensors/tensor_000339.npy,/content/drive/MyDrive/SKANN_SSL/data/prototype_dataset/waveforms/clip_000339.npy
340,0,0,cargo_ship,5,50.0,0.0,2.0023,10.0117,False,0.0,0,25.0,143.7,339.25,0.0,0.0074337457444108,0.0148322727428832,0.0165314104150203,44.92197044774139,77.42,83.42,84.37,6.0,/content/drive/MyDrive/SKANN_SSL/data/prototype_dataset/tensors/tensor_000340.npy,/content/drive/MyDrive/SKANN_SSL/data/prototype_dataset/waveforms/clip_000340.npy
341,1,0,cargo_ship,5,50.0,0.0,1.9186,9.5928,False,0.0,0,25.0,103.83,487.76,142.06,0.0074337457444108,0.0148322727428832,0.016613159296613,46.9330146117392,77.42,83.42,84.41,6.0,/content/drive/MyDrive/SKANN_SSL/data/prototype_dataset/tensors/tensor_000341.npy,/content/drive/MyDrive/SKANN_SSL/data/prototype_dataset/waveforms/clip_000341.npy
342,2,0,cargo_ship,5,50.0,0.0,1.8252,9.1258,False,0.0,0,25.0,72.9,208.4,463.2,0.0074337457444108,0.0148322727428832,0.0164142094631009,46.97660149452074,77.42,83.42,84.3,6.0,/content/drive/MyDrive/SKANN_SSL/data/prototype_dataset/tensors/tensor_000342.npy,/content/drive/MyDrive/SKANN_SSL/data/prototype_dataset/waveforms/clip_000342.npy
343,3,0,cargo_ship,5,50.0,0.0,2.1218,10.6088,False,0.0,0,25.0,68.39,232.39,141.36,0.0074337457444108,0.0148322727428832,0.0165836192037601,45.0706732749583,77.42,83.42,84.39,6.0,/content/drive/MyDrive/SKANN_SSL/data/prototype_dataset/tensors/tensor_000343.npy,/content/drive/MyDrive/SKANN_SSL/data/prototype_dataset/waveforms/clip_000343.npy
344,4,0,cargo_ship,5,50.0,0.0,2.0169,10.0847,False,0.0,0,25.0,369.55,171.04,55.06,0.0074337457444108,0.0148322727428832,0.0164921492475768,44.60589838198705,77.42,83.42,84.35,6.0,/content/drive/MyDrive/SKANN_SSL/data/prototype_dataset/tensors/tensor_000344.npy,/content/drive/MyDrive/SKANN_SSL/data/prototype_dataset/waveforms/clip_000344.npy
345,0,0,cargo_ship,5,50.0,0.3333,2.3478,11.7389,True,665.31,83,25.0,115.88,264.34,432.44,0.0074337457444108,0.0148322727428832,0.0165062558962518,44.92974052569127,77.42,83.42,84.35,6.0,/content/drive/MyDrive/SKANN_SSL/data/prototype_dataset/tensors/tensor_000345.npy,/content/drive/MyDrive/SKANN_SSL/data/prototype_dataset/waveforms/clip_000345.npy
346,1,0,cargo_ship,5,50.0,0.3333,2.1295,10.6473,True,742.47,72,25.0,142.72,477.59,149.32,0.0074337457444108,0.0148322727428832,0.0167988120734393,44.86012264186382,77.42,83.42,84.51,6.0,/content/drive/MyDrive/SKANN_SSL/data/prototype_dataset/tensors/tensor_000346.npy,/content/drive/MyDrive/SKANN_SSL/data/prototype_dataset/waveforms/clip_000346.npy
347,2,0,cargo_ship,5,50.0,0.3333,2.0545,10.2724,True,752.91,60,25.0,210.88,150.0,0.0,0.0074337457444108,0.0148322727428832,0.0165835553777637,44.99163625416684,77.42,83.42,84.39,6.0,/content/drive/MyDrive/SKANN_SSL/data/prototype_dataset/tensors/tensor_000347.npy,/content/drive/MyDrive/SKANN_SSL/data/prototype_dataset/waveforms/clip_000347.npy
348,3,0,cargo_ship,5,50.0,0.3333,2.1318,10.6592,True,750.08,73,25.0,271.38,121.08,0.0,0.0074337457444108,0.0148322727428832,0.0166605725243581,45.05704742030135,77.42,83.42,84.43,6.0,/content/drive/MyDrive/SKANN_SSL/data/prototype_dataset/tensors/tensor_000348.npy,/content/drive/MyDrive/SKANN_SSL/data/prototype_dataset/waveforms/clip_000348.npy
349,4,0,cargo_ship,5,50.0,0.3333,1.6198,8.0989,True,758.26,39,25.0,86.98,340.45,0.0,0.0074337457444108,0.0148322727428832,0.0166512836464439,47.22250293355083,77.42,83.42,84.43,6.0,/content/drive/MyDrive/SKANN_SSL/data/prototype_dataset/tensors/tensor_000349.npy,/content/drive/MyDrive/SKANN_SSL/data/prototype_dataset/waveforms/clip_000349.npy
350,0,0,cargo_ship,5,50.0,0.6667,1.7169,8.5847,True,727.24,109,25.0,453.59,62.19,0.0,0.0074337457444108,0.0148322727428832,0.0165991300380135,45.95672220360791,77.42,83.42,84.4,6.0,/content/drive/MyDrive/SKANN_SSL/data/prototype_dataset/tensors/tensor_000350.npy,/content/drive/MyDrive/SKANN_SSL/data/prototype_dataset/waveforms/clip_000350.npy
351,1,0,cargo_ship,5,50.0,0.6667,1.5443,7.7217,True,727.23,98,25.0,362.78,121.49,0.0,0.0074337457444108,0.0148322727428832,0.0164591976332157,45.288920039094,77.42,83.42,84.33,6.0,/content/drive/MyDrive/SKANN_SSL/data/prototype_dataset/tensors/tensor_000351.npy,/content/drive/MyDrive/SKANN_SSL/data/prototype_dataset/waveforms/clip_000351.npy
352,2,0,cargo_ship,5,50.0,0.6667,1.6686,8.3428,True,636.0,86,25.0,222.07,282.5,111.49,0.0074337457444108,0.0148322727428832,0.0164896237307672,44.9940572011972,77.42,83.42,84.34,6.0,/content/drive/MyDrive/SKANN_SSL/data/prototype_dataset/tensors/tensor_000352.npy,/content/drive/MyDrive/SKANN_SSL/data/prototype_dataset/waveforms/clip_000352.npy
353,3,0,cargo_ship,5,50.0,0.6667,1.9456,9.7279,True,753.91,107,25.0,498.22,213.94,81.53,0.0074337457444108,0.0148322727428832,0.016593739209413,45.19090543359507,77.42,83.42,84.4,6.0,/content/drive/MyDrive/SKANN_SSL/data/prototype_dataset/tensors/tensor_000353.npy,/content/drive/MyDrive/SKANN_SSL/data/prototype_dataset/waveforms/clip_000353.npy
354,4,0,cargo_ship,5,50.0,0.6667,2.1761,10.8803,True,748.83,113,25.0,77.75,245.74,0.0,0.0074337457444108,0.0148322727428832,0.0164351365282723,43.9311661357146,77.42,83.42,84.32,6.0,/content/drive/MyDrive/SKANN_SSL/data/prototype_dataset/tensors/tensor_000354.npy,/content/drive/MyDrive/SKANN_SSL/data/prototype_dataset/waveforms/clip_000354.npy
355,0,0,cargo_ship,5,50.0,1.0,2.106,10.53,True,726.77,156,25.0,100.62,376.76,299.55,0.0074337457444108,0.0148322727428832,0.0165925039253242,35.51606132313863,77.42,83.42,84.4,6.0,/content/drive/MyDrive/SKANN_SSL/data/prototype_dataset/tensors/tensor_000355.npy,/content/drive/MyDrive/SKANN_SSL/data/prototype_dataset/waveforms/clip_000355.npy
356,1,0,cargo_ship,5,50.0,1.0,1.7196,8.5978,True,723.65,125,25.0,148.81,363.3,126.09,0.0074337457444108,0.0148322727428832,0.0166208396503773,42.48447929426434,77.42,83.42,84.41,6.0,/content/drive/MyDrive/SKANN_SSL/data/prototype_dataset/tensors/tensor_000356.npy,/content/drive/MyDrive/SKANN_SSL/data/prototype_dataset/waveforms/clip_000356.npy
357,2,0,cargo_ship,5,50.0,1.0,2.0072,10.036,True,693.12,153,25.0,92.49,278.89,353.79,0.0074337457444108,0.0148322727428832,0.0165431932971561,31.998015198111837,77.42,83.42,84.37,6.0,/content/drive/MyDrive/SKANN_SSL/data/prototype_dataset/tensors/tensor_000357.npy,/content/drive/MyDrive/SKANN_SSL/data/prototype_dataset/waveforms/clip_000357.npy
358,3,0,cargo_ship,5,50.0,1.0,2.4886,12.4429,True,715.93,179,25.0,140.82,268.97,0.0,0.0074337457444108,0.0148322727428832,0.016475897812983,39.83063990771891,77.42,83.42,84.34,6.0,/content/drive/MyDrive/SKANN_SSL/data/prototype_dataset/tensors/tensor_000358.npy,/content/drive/MyDrive/SKANN_SSL/data/prototype_dataset/waveforms/clip_000358.npy
359,4,0,cargo_ship,5,50.0,1.0,2.4439,12.2197,True,719.2,164,25.0,110.63,389.44,232.31,0.0074337457444108,0.0148322727428832,0.0165764381115276,36.7753622031432,77.42,83.42,84.39,6.0,/content/drive/MyDrive/SKANN_SSL/data/prototype_dataset/tensors/tensor_000359.npy,/content/drive/MyDrive/SKANN_SSL/data/prototype_dataset/waveforms/clip_000359.npy
360,0,0,tanker,3,0.0,0.0,1.2428,3.7284,False,0.0,0,25.0,267.18,112.15,281.99,0.0074337457444108,0.0148322727428832,0.0165540102414747,45.11418500362281,77.42,83.42,84.38,6.0,/content/drive/MyDrive/SKANN_SSL/data/prototype_dataset/tensors/tensor_000360.npy,/content/drive/MyDrive/SKANN_SSL/data/prototype_dataset/waveforms/clip_000360.npy
361,1,0,tanker,3,0.0,0.0,1.4482,4.3446,False,0.0,0,25.0,144.44,364.84,0.0,0.0074337457444108,0.0148322727428832,0.0165354089584835,44.97093012569133,77.42,83.42,84.37,6.0,/content/drive/MyDrive/SKANN_SSL/data/prototype_dataset/tensors/tensor_000361.npy,/content/drive/MyDrive/SKANN_SSL/data/prototype_dataset/waveforms/clip_000361.npy
362,2,0,tanker,3,0.0,0.0,1.3008,3.9024,False,0.0,0,25.0,477.97,126.72,137.5,0.0074337457444108,0.0148322727428832,0.0164822204927352,44.93418207830904,77.42,83.42,84.34,6.0,/content/drive/MyDrive/SKANN_SSL/data/prototype_dataset/tensors/tensor_000362.npy,/content/drive/MyDrive/SKANN_SSL/data/prototype_dataset/waveforms/clip_000362.npy
363,3,0,tanker,3,0.0,0.0,1.1639,3.4918,False,0.0,0,25.0,163.23,266.04,128.52,0.0074337457444108,0.0148322727428832,0.0165559083762521,44.997855038785005,77.42,83.42,84.38,6.0,/content/drive/MyDrive/SKANN_SSL/data/prototype_dataset/tensors/tensor_000363.npy,/content/drive/MyDrive/SKANN_SSL/data/prototype_dataset/waveforms/clip_000363.npy
364,4,0,tanker,3,0.0,0.0,1.4493,4.3479,False,0.0,0,25.0,130.89,246.6,0.0,0.0074337457444108,0.0148322727428832,0.0167169411219541,44.981546755767496,77.42,83.42,84.46,6.0,/content/drive/MyDrive/SKANN_SSL/data/prototype_dataset/tensors/tensor_000364.npy,/content/drive/MyDrive/SKANN_SSL/data/prototype_dataset/waveforms/clip_000364.npy
365,0,0,tanker,3,0.0,0.3333,1.4709,4.4127,True,552.14,23,25.0,467.88,119.6,0.0,0.0074337457444108,0.0148322727428832,0.0165639105460334,45.01224025834978,77.42,83.42,84.38,6.0,/content/drive/MyDrive/SKANN_SSL/data/prototype_dataset/tensors/tensor_000365.npy,/content/drive/MyDrive/SKANN_SSL/data/prototype_dataset/waveforms/clip_000365.npy
366,1,0,tanker,3,0.0,0.3333,1.0999,3.2997,True,404.47,12,25.0,109.97,215.84,230.39,0.0074337457444108,0.0148322727428832,0.0165508482571493,45.13540935863218,77.42,83.42,84.38,6.0,/content/drive/MyDrive/SKANN_SSL/data/prototype_dataset/tensors/tensor_000366.npy,/content/drive/MyDrive/SKANN_SSL/data/prototype_dataset/waveforms/clip_000366.npy
367,2,0,tanker,3,0.0,0.3333,1.1767,3.5301,True,481.11,27,25.0,440.0,117.69,86.88,0.0074337457444108,0.0148322727428832,0.0165516509310225,44.97393096225105,77.42,83.42,84.38,6.0,/content/drive/MyDrive/SKANN_SSL/data/prototype_dataset/tensors/tensor_000367.npy,/content/drive/MyDrive/SKANN_SSL/data/prototype_dataset/waveforms/clip_000367.npy
368,3,0,tanker,3,0.0,0.3333,1.3772,4.1317,True,398.62,15,25.0,301.28,203.22,130.92,0.0074337457444108,0.0148322727428832,0.0165851415521646,44.89842603792864,77.42,83.42,84.39,6.0,/content/drive/MyDrive/SKANN_SSL/data/prototype_dataset/tensors/tensor_000368.npy,/content/drive/MyDrive/SKANN_SSL/data/prototype_dataset/waveforms/clip_000368.npy
369,4,0,tanker,3,0.0,0.3333,1.3917,4.1751,True,458.98,19,25.0,205.64,90.84,241.31,0.0074337457444108,0.0148322727428832,0.0165594140173947,44.99885616418239,77.42,83.42,84.38,6.0,/content/drive/MyDrive/SKANN_SSL/data/prototype_dataset/tensors/tensor_000369.npy,/content/drive/MyDrive/SKANN_SSL/data/prototype_dataset/waveforms/clip_000369.npy
370,0,0,tanker,3,0.0,0.6667,1.4952,4.4857,True,481.82,44,25.0,218.56,107.41,308.7,0.0074337457444108,0.0148322727428832,0.0166631301283978,44.70697253076921,77.42,83.42,84.44,6.0,/content/drive/MyDrive/SKANN_SSL/data/prototype_dataset/tensors/tensor_000370.npy,/content/drive/MyDrive/SKANN_SSL/data/prototype_dataset/waveforms/clip_000370.npy
371,1,0,tanker,3,0.0,0.6667,1.3638,4.0914,True,486.23,40,25.0,328.9,55.21,0.0,0.0074337457444108,0.0148322727428832,0.0165964801356741,44.35903564165067,77.42,83.42,84.4,6.0,/content/drive/MyDrive/SKANN_SSL/data/prototype_dataset/tensors/tensor_000371.npy,/content/drive/MyDrive/SKANN_SSL/data/prototype_dataset/waveforms/clip_000371.npy
372,2,0,tanker,3,0.0,0.6667,1.3005,3.9016,True,433.06,42,25.0,211.85,142.47,230.95,0.0074337457444108,0.0148322727428832,0.0165857396170385,44.20729337543457,77.42,83.42,84.39,6.0,/content/drive/MyDrive/SKANN_SSL/data/prototype_dataset/tensors/tensor_000372.npy,/content/drive/MyDrive/SKANN_SSL/data/prototype_dataset/waveforms/clip_000372.npy
373,3,0,tanker,3,0.0,0.6667,1.0918,3.2753,True,496.89,38,25.0,461.34,237.82,0.0,0.0074337457444108,0.0148322727428832,0.0164697214755893,44.59044442438813,77.42,83.42,84.33,6.0,/content/drive/MyDrive/SKANN_SSL/data/prototype_dataset/tensors/tensor_000373.npy,/content/drive/MyDrive/SKANN_SSL/data/prototype_dataset/waveforms/clip_000373.npy
374,4,0,tanker,3,0.0,0.6667,1.3905,4.1715,True,473.47,39,25.0,364.98,230.16,0.0,0.0074337457444108,0.0148322727428832,0.0166923180353475,44.27424416784934,77.42,83.42,84.45,6.0,/content/drive/MyDrive/SKANN_SSL/data/prototype_dataset/tensors/tensor_000374.npy,/content/drive/MyDrive/SKANN_SSL/data/prototype_dataset/waveforms/clip_000374.npy
375,0,0,tanker,3,0.0,1.0,1.0484,3.1452,True,476.88,43,25.0,84.1,291.46,129.66,0.0074337457444108,0.0148322727428832,0.0164736205594393,43.28615829418887,77.42,83.42,84.34,6.0,/content/drive/MyDrive/SKANN_SSL/data/prototype_dataset/tensors/tensor_000375.npy,/content/drive/MyDrive/SKANN_SSL/data/prototype_dataset/waveforms/clip_000375.npy
376,1,0,tanker,3,0.0,1.0,1.042,3.1259,True,460.02,46,25.0,189.43,256.5,0.0,0.0074337457444108,0.0148322727428832,0.0165747688773372,39.77743429395279,77.42,83.42,84.39,6.0,/content/drive/MyDrive/SKANN_SSL/data/prototype_dataset/tensors/tensor_000376.npy,/content/drive/MyDrive/SKANN_SSL/data/prototype_dataset/waveforms/clip_000376.npy
377,2,0,tanker,3,0.0,1.0,1.3528,4.0585,True,452.63,61,25.0,63.96,242.8,0.0,0.0074337457444108,0.0148322727428832,0.0165494994161125,42.54753946893816,77.42,83.42,84.38,6.0,/content/drive/MyDrive/SKANN_SSL/data/prototype_dataset/tensors/tensor_000377.npy,/content/drive/MyDrive/SKANN_SSL/data/prototype_dataset/waveforms/clip_000377.npy
378,3,0,tanker,3,0.0,1.0,1.118,3.3539,True,478.61,40,25.0,393.03,106.0,0.0,0.0074337457444108,0.0148322727428832,0.0166025276668215,43.16016822866217,77.42,83.42,84.4,6.0,/content/drive/MyDrive/SKANN_SSL/data/prototype_dataset/tensors/tensor_000378.npy,/content/drive/MyDrive/SKANN_SSL/data/prototype_dataset/waveforms/clip_000378.npy
379,4,0,tanker,3,0.0,1.0,1.0718,3.2153,True,523.96,48,25.0,331.35,153.08,0.0,0.0074337457444108,0.0148322727428832,0.0167171768890065,42.54066738313793,77.42,83.42,84.46,6.0,/content/drive/MyDrive/SKANN_SSL/data/prototype_dataset/tensors/tensor_000379.npy,/content/drive/MyDrive/SKANN_SSL/data/prototype_dataset/waveforms/clip_000379.npy
380,0,0,tanker,3,50.0,0.0,1.1363,3.4088,False,0.0,0,25.0,73.41,295.71,0.0,0.0074337457444108,0.0148322727428832,0.0166150347629918,44.380228067420674,77.42,83.42,84.41,6.0,/content/drive/MyDrive/SKANN_SSL/data/prototype_dataset/tensors/tensor_000380.npy,/content/drive/MyDrive/SKANN_SSL/data/prototype_dataset/waveforms/clip_000380.npy
381,1,0,tanker,3,50.0,0.0,1.1603,3.4808,False,0.0,0,25.0,74.26,225.61,228.09,0.0074337457444108,0.0148322727428832,0.0167818061114399,44.07196293045617,77.42,83.42,84.5,6.0,/content/drive/MyDrive/SKANN_SSL/data/prototype_dataset/tensors/tensor_000381.npy,/content/drive/MyDrive/SKANN_SSL/data/prototype_dataset/waveforms/clip_000381.npy
382,2,0,tanker,3,50.0,0.0,1.1419,3.4258,False,0.0,0,25.0,145.25,170.52,0.0,0.0074337457444108,0.0148322727428832,0.016561747891493,44.3239837763398,77.42,83.42,84.38,6.0,/content/drive/MyDrive/SKANN_SSL/data/prototype_dataset/tensors/tensor_000382.npy,/content/drive/MyDrive/SKANN_SSL/data/prototype_dataset/waveforms/clip_000382.npy
383,3,0,tanker,3,50.0,0.0,1.3631,4.0892,False,0.0,0,25.0,141.05,202.39,0.0,0.0074337457444108,0.0148322727428832,0.0166394339715062,44.17172960410481,77.42,83.42,84.42,6.0,/content/drive/MyDrive/SKANN_SSL/data/prototype_dataset/tensors/tensor_000383.npy,/content/drive/MyDrive/SKANN_SSL/data/prototype_dataset/waveforms/clip_000383.npy
384,4,0,tanker,3,50.0,0.0,1.1394,3.4182,False,0.0,0,25.0,233.73,105.65,0.0,0.0074337457444108,0.0148322727428832,0.0165721938369313,44.398178815973786,77.42,83.42,84.39,6.0,/content/drive/MyDrive/SKANN_SSL/data/prototype_dataset/tensors/tensor_000384.npy,/content/drive/MyDrive/SKANN_SSL/data/prototype_dataset/waveforms/clip_000384.npy
385,0,0,tanker,3,50.0,0.3333,1.0067,3.0201,True,465.93,13,25.0,356.6,128.02,230.98,0.0074337457444108,0.0148322727428832,0.0165390004343065,44.58171203554228,77.42,83.42,84.37,6.0,/content/drive/MyDrive/SKANN_SSL/data/prototype_dataset/tensors/tensor_000385.npy,/content/drive/MyDrive/SKANN_SSL/data/prototype_dataset/waveforms/clip_000385.npy
386,1,0,tanker,3,50.0,0.3333,1.0061,3.0182,True,493.7,20,25.0,56.16,297.36,0.0,0.0074337457444108,0.0148322727428832,0.0166593516384093,44.55325398499284,77.42,83.42,84.43,6.0,/content/drive/MyDrive/SKANN_SSL/data/prototype_dataset/tensors/tensor_000386.npy,/content/drive/MyDrive/SKANN_SSL/data/prototype_dataset/waveforms/clip_000386.npy
387,2,0,tanker,3,50.0,0.3333,1.3995,4.1986,True,519.85,33,25.0,116.11,241.23,345.86,0.0074337457444108,0.0148322727428832,0.0164857789997519,43.93666431231217,77.42,83.42,84.34,6.0,/content/drive/MyDrive/SKANN_SSL/data/prototype_dataset/tensors/tensor_000387.npy,/content/drive/MyDrive/SKANN_SSL/data/prototype_dataset/waveforms/clip_000387.npy
388,3,0,tanker,3,50.0,0.3333,1.0849,3.2548,True,570.08,17,25.0,227.67,278.67,78.14,0.0074337457444108,0.0148322727428832,0.0165936461103429,44.366645619704514,77.42,83.42,84.4,6.0,/content/drive/MyDrive/SKANN_SSL/data/prototype_dataset/tensors/tensor_000388.npy,/content/drive/MyDrive/SKANN_SSL/data/prototype_dataset/waveforms/clip_000388.npy
389,4,0,tanker,3,50.0,0.3333,1.2848,3.8544,True,557.54,26,25.0,126.31,121.41,232.4,0.0074337457444108,0.0148322727428832,0.0165577948520086,44.19817329857543,77.42,83.42,84.38,6.0,/content/drive/MyDrive/SKANN_SSL/data/prototype_dataset/tensors/tensor_000389.npy,/content/drive/MyDrive/SKANN_SSL/data/prototype_dataset/waveforms/clip_000389.npy
390,0,0,tanker,3,50.0,0.6667,1.3098,3.9293,True,494.35,40,25.0,408.53,148.88,84.42,0.0074337457444108,0.0148322727428832,0.0165860397790005,43.58665030144199,77.42,83.42,84.39,6.0,/content/drive/MyDrive/SKANN_SSL/data/prototype_dataset/tensors/tensor_000390.npy,/content/drive/MyDrive/SKANN_SSL/data/prototype_dataset/waveforms/clip_000390.npy
391,1,0,tanker,3,50.0,0.6667,1.3063,3.9188,True,487.38,58,25.0,127.16,278.9,0.0,0.0074337457444108,0.0148322727428832,0.0163177197531336,42.19497565370209,77.42,83.42,84.25,6.0,/content/drive/MyDrive/SKANN_SSL/data/prototype_dataset/tensors/tensor_000391.npy,/content/drive/MyDrive/SKANN_SSL/data/prototype_dataset/waveforms/clip_000391.npy
392,2,0,tanker,3,50.0,0.6667,1.4256,4.2769,True,474.61,39,25.0,75.54,494.5,255.78,0.0074337457444108,0.0148322727428832,0.016631480999143,43.61321384474457,77.42,83.42,84.42,6.0,/content/drive/MyDrive/SKANN_SSL/data/prototype_dataset/tensors/tensor_000392.npy,/content/drive/MyDrive/SKANN_SSL/data/prototype_dataset/waveforms/clip_000392.npy
393,3,0,tanker,3,50.0,0.6667,1.2125,3.6375,True,505.29,34,25.0,164.78,469.19,0.0,0.0074337457444108,0.0148322727428832,0.0165072998415038,43.93881777498221,77.42,83.42,84.35,6.0,/content/drive/MyDrive/SKANN_SSL/data/prototype_dataset/tensors/tensor_000393.npy,/content/drive/MyDrive/SKANN_SSL/data/prototype_dataset/waveforms/clip_000393.npy
394,4,0,tanker,3,50.0,0.6667,1.4577,4.3732,True,530.01,37,25.0,277.42,74.23,0.0,0.0074337457444108,0.0148322727428832,0.0166630495041504,43.84777490453613,77.42,83.42,84.44,6.0,/content/drive/MyDrive/SKANN_SSL/data/prototype_dataset/tensors/tensor_000394.npy,/content/drive/MyDrive/SKANN_SSL/data/prototype_dataset/waveforms/clip_000394.npy
395,0,0,tanker,3,50.0,1.0,1.106,3.3181,True,430.77,54,25.0,117.2,183.51,0.0,0.0074337457444108,0.0148322727428832,0.016621910560953,38.38326180738883,77.42,83.42,84.41,6.0,/content/drive/MyDrive/SKANN_SSL/data/prototype_dataset/tensors/tensor_000395.npy,/content/drive/MyDrive/SKANN_SSL/data/prototype_dataset/waveforms/clip_000395.npy
396,1,0,tanker,3,50.0,1.0,1.2006,3.6019,True,498.26,47,25.0,79.23,283.3,250.95,0.0074337457444108,0.0148322727428832,0.0166634165964353,42.6808955543345,77.42,83.42,84.44,6.0,/content/drive/MyDrive/SKANN_SSL/data/prototype_dataset/tensors/tensor_000396.npy,/content/drive/MyDrive/SKANN_SSL/data/prototype_dataset/waveforms/clip_000396.npy
397,2,0,tanker,3,50.0,1.0,1.117,3.3509,True,531.27,47,25.0,369.84,164.71,88.84,0.0074337457444108,0.0148322727428832,0.0165586845943757,42.020504213131815,77.42,83.42,84.38,6.0,/content/drive/MyDrive/SKANN_SSL/data/prototype_dataset/tensors/tensor_000397.npy,/content/drive/MyDrive/SKANN_SSL/data/prototype_dataset/waveforms/clip_000397.npy
398,3,0,tanker,3,50.0,1.0,1.4045,4.2136,True,500.5,47,25.0,296.05,106.57,0.0,0.0074337457444108,0.0148322727428832,0.0164687301687747,40.82158572891383,77.42,83.42,84.33,6.0,/content/drive/MyDrive/SKANN_SSL/data/prototype_dataset/tensors/tensor_000398.npy,/content/drive/MyDrive/SKANN_SSL/data/prototype_dataset/waveforms/clip_000398.npy
399,4,0,tanker,3,50.0,1.0,1.4482,4.3447,True,438.68,63,25.0,483.4,132.94,0.0,0.0074337457444108,0.0148322727428832,0.016608236007318,38.9485292692231,77.42,83.42,84.41,6.0,/content/drive/MyDrive/SKANN_SSL/data/prototype_dataset/tensors/tensor_000399.npy,/content/drive/MyDrive/SKANN_SSL/data/prototype_dataset/waveforms/clip_000399.npy
400,0,0,tanker,4,0.0,0.0,1.2452,4.9809,False,0.0,0,25.0,102.05,446.49,0.0,0.0074337457444108,0.0148322727428832,0.0167075072361825,45.1246352731821,77.42,83.42,84.46,6.0,/content/drive/MyDrive/SKANN_SSL/data/prototype_dataset/tensors/tensor_000400.npy,/content/drive/MyDrive/SKANN_SSL/data/prototype_dataset/waveforms/clip_000400.npy
401,1,0,tanker,4,0.0,0.0,1.0161,4.0642,False,0.0,0,25.0,90.53,354.71,0.0,0.0074337457444108,0.0148322727428832,0.0165983948312416,45.172293319458255,77.42,83.42,84.4,6.0,/content/drive/MyDrive/SKANN_SSL/data/prototype_dataset/tensors/tensor_000401.npy,/content/drive/MyDrive/SKANN_SSL/data/prototype_dataset/waveforms/clip_000401.npy
402,2,0,tanker,4,0.0,0.0,1.1654,4.6617,False,0.0,0,25.0,207.46,143.97,261.5,0.0074337457444108,0.0148322727428832,0.0166746309375659,44.97238687888559,77.42,83.42,84.44,6.0,/content/drive/MyDrive/SKANN_SSL/data/prototype_dataset/tensors/tensor_000402.npy,/content/drive/MyDrive/SKANN_SSL/data/prototype_dataset/waveforms/clip_000402.npy
403,3,0,tanker,4,0.0,0.0,1.2478,4.9911,False,0.0,0,25.0,107.46,340.52,0.0,0.0074337457444108,0.0148322727428832,0.0167497976187395,45.15132447106991,77.42,83.42,84.48,6.0,/content/drive/MyDrive/SKANN_SSL/data/prototype_dataset/tensors/tensor_000403.npy,/content/drive/MyDrive/SKANN_SSL/data/prototype_dataset/waveforms/clip_000403.npy
404,4,0,tanker,4,0.0,0.0,1.3945,5.5779,False,0.0,0,25.0,102.73,489.81,0.0,0.0074337457444108,0.0148322727428832,0.0165940514297903,44.48502489380477,77.42,83.42,84.4,6.0,/content/drive/MyDrive/SKANN_SSL/data/prototype_dataset/tensors/tensor_000404.npy,/content/drive/MyDrive/SKANN_SSL/data/prototype_dataset/waveforms/clip_000404.npy
405,0,0,tanker,4,0.0,0.3333,1.0479,4.1915,True,495.78,25,25.0,456.75,164.26,99.38,0.0074337457444108,0.0148322727428832,0.0166273518897263,44.7976489874757,77.42,83.42,84.42,6.0,/content/drive/MyDrive/SKANN_SSL/data/prototype_dataset/tensors/tensor_000405.npy,/content/drive/MyDrive/SKANN_SSL/data/prototype_dataset/waveforms/clip_000405.npy
406,1,0,tanker,4,0.0,0.3333,1.1315,4.5261,True,457.32,30,25.0,195.34,123.3,0.0,0.0074337457444108,0.0148322727428832,0.0167479174056434,45.20971558257168,77.42,83.42,84.48,6.0,/content/drive/MyDrive/SKANN_SSL/data/prototype_dataset/tensors/tensor_000406.npy,/content/drive/MyDrive/SKANN_SSL/data/prototype_dataset/waveforms/clip_000406.npy
407,2,0,tanker,4,0.0,0.3333,1.4171,5.6684,True,488.16,40,25.0,230.68,302.32,100.03,0.0074337457444108,0.0148322727428832,0.0165451226366676,44.2301101240852,77.42,83.42,84.37,6.0,/content/drive/MyDrive/SKANN_SSL/data/prototype_dataset/tensors/tensor_000407.npy,/content/drive/MyDrive/SKANN_SSL/data/prototype_dataset/waveforms/clip_000407.npy
408,3,0,tanker,4,0.0,0.3333,1.0115,4.0461,True,459.16,24,25.0,268.38,167.92,0.0,0.0074337457444108,0.0148322727428832,0.0166254134242234,44.9179337669481,77.42,83.42,84.42,6.0,/content/drive/MyDrive/SKANN_SSL/data/prototype_dataset/tensors/tensor_000408.npy,/content/drive/MyDrive/SKANN_SSL/data/prototype_dataset/waveforms/clip_000408.npy
409,4,0,tanker,4,0.0,0.3333,1.3768,5.507,True,442.05,45,25.0,208.52,250.85,149.28,0.0074337457444108,0.0148322727428832,0.0165672564407161,44.19469802514091,77.42,83.42,84.39,6.0,/content/drive/MyDrive/SKANN_SSL/data/prototype_dataset/tensors/tensor_000409.npy,/content/drive/MyDrive/SKANN_SSL/data/prototype_dataset/waveforms/clip_000409.npy
410,0,0,tanker,4,0.0,0.6667,1.1446,4.5783,True,508.03,56,25.0,223.17,51.62,0.0,0.0074337457444108,0.0148322727428832,0.0165480313142401,44.37607396202944,77.42,83.42,84.37,6.0,/content/drive/MyDrive/SKANN_SSL/data/prototype_dataset/tensors/tensor_000410.npy,/content/drive/MyDrive/SKANN_SSL/data/prototype_dataset/waveforms/clip_000410.npy
411,1,0,tanker,4,0.0,0.6667,1.499,5.9961,True,489.22,68,25.0,91.97,178.17,0.0,0.0074337457444108,0.0148322727428832,0.0165344037500832,43.499416831322726,77.42,83.42,84.37,6.0,/content/drive/MyDrive/SKANN_SSL/data/prototype_dataset/tensors/tensor_000411.npy,/content/drive/MyDrive/SKANN_SSL/data/prototype_dataset/waveforms/clip_000411.npy
412,2,0,tanker,4,0.0,0.6667,1.1149,4.4594,True,512.97,50,25.0,323.68,83.72,0.0,0.0074337457444108,0.0148322727428832,0.0165385939571252,44.53658239675575,77.42,83.42,84.37,6.0,/content/drive/MyDrive/SKANN_SSL/data/prototype_dataset/tensors/tensor_000412.npy,/content/drive/MyDrive/SKANN_SSL/data/prototype_dataset/waveforms/clip_000412.npy
413,3,0,tanker,4,0.0,0.6667,1.0713,4.285,True,454.13,47,25.0,244.9,327.01,0.0,0.0074337457444108,0.0148322727428832,0.0164574036413882,44.47072900198608,77.42,83.42,84.33,6.0,/content/drive/MyDrive/SKANN_SSL/data/prototype_dataset/tensors/tensor_000413.npy,/content/drive/MyDrive/SKANN_SSL/data/prototype_dataset/waveforms/clip_000413.npy
414,4,0,tanker,4,0.0,0.6667,1.1563,4.6253,True,508.63,50,25.0,468.34,134.74,0.0,0.0074337457444108,0.0148322727428832,0.0167523936157323,44.78601661661546,77.42,83.42,84.48,6.0,/content/drive/MyDrive/SKANN_SSL/data/prototype_dataset/tensors/tensor_000414.npy,/content/drive/MyDrive/SKANN_SSL/data/prototype_dataset/waveforms/clip_000414.npy
415,0,0,tanker,4,0.0,1.0,1.0287,4.1146,True,484.93,55,25.0,400.66,110.92,279.79,0.0074337457444108,0.0148322727428832,0.0166046362865456,42.34057038438036,77.42,83.42,84.4,6.0,/content/drive/MyDrive/SKANN_SSL/data/prototype_dataset/tensors/tensor_000415.npy,/content/drive/MyDrive/SKANN_SSL/data/prototype_dataset/waveforms/clip_000415.npy
416,1,0,tanker,4,0.0,1.0,1.2296,4.9184,True,452.86,80,25.0,215.74,473.01,0.0,0.0074337457444108,0.0148322727428832,0.0166427042071058,36.50095837081443,77.42,83.42,84.42,6.0,/content/drive/MyDrive/SKANN_SSL/data/prototype_dataset/tensors/tensor_000416.npy,/content/drive/MyDrive/SKANN_SSL/data/prototype_dataset/waveforms/clip_000416.npy
417,2,0,tanker,4,0.0,1.0,1.4717,5.8867,True,477.67,76,25.0,114.63,343.27,204.98,0.0074337457444108,0.0148322727428832,0.0166441087479819,38.19466652362683,77.42,83.42,84.43,6.0,/content/drive/MyDrive/SKANN_SSL/data/prototype_dataset/tensors/tensor_000417.npy,/content/drive/MyDrive/SKANN_SSL/data/prototype_dataset/waveforms/clip_000417.npy
418,3,0,tanker,4,0.0,1.0,1.2066,4.8263,True,477.99,74,25.0,214.56,136.88,0.0,0.0074337457444108,0.0148322727428832,0.0165816204309206,41.79337434461326,77.42,83.42,84.39,6.0,/content/drive/MyDrive/SKANN_SSL/data/prototype_dataset/tensors/tensor_000418.npy,/content/drive/MyDrive/SKANN_SSL/data/prototype_dataset/waveforms/clip_000418.npy
419,4,0,tanker,4,0.0,1.0,1.3155,5.2618,True,526.04,66,25.0,255.79,144.88,0.0,0.0074337457444108,0.0148322727428832,0.0165749101853367,40.46785910154867,77.42,83.42,84.39,6.0,/content/drive/MyDrive/SKANN_SSL/data/prototype_dataset/tensors/tensor_000419.npy,/content/drive/MyDrive/SKANN_SSL/data/prototype_dataset/waveforms/clip_000419.npy
420,0,0,tanker,4,50.0,0.0,1.0669,4.2678,False,0.0,0,25.0,496.17,61.47,177.82,0.0074337457444108,0.0148322727428832,0.0166113512635178,44.17950121434259,77.42,83.42,84.41,6.0,/content/drive/MyDrive/SKANN_SSL/data/prototype_dataset/tensors/tensor_000420.npy,/content/drive/MyDrive/SKANN_SSL/data/prototype_dataset/waveforms/clip_000420.npy
421,1,0,tanker,4,50.0,0.0,1.0838,4.3353,False,0.0,0,25.0,141.17,356.09,106.18,0.0074337457444108,0.0148322727428832,0.0165517430310956,44.061190320106725,77.42,83.42,84.38,6.0,/content/drive/MyDrive/SKANN_SSL/data/prototype_dataset/tensors/tensor_000421.npy,/content/drive/MyDrive/SKANN_SSL/data/prototype_dataset/waveforms/clip_000421.npy
422,2,0,tanker,4,50.0,0.0,1.3548,5.4193,False,0.0,0,25.0,90.15,295.36,376.18,0.0074337457444108,0.0148322727428832,0.0167570501424045,43.70513821024054,77.42,83.42,84.48,6.0,/content/drive/MyDrive/SKANN_SSL/data/prototype_dataset/tensors/tensor_000422.npy,/content/drive/MyDrive/SKANN_SSL/data/prototype_dataset/waveforms/clip_000422.npy
423,3,0,tanker,4,50.0,0.0,1.4537,5.8147,False,0.0,0,25.0,85.75,278.95,0.0,0.0074337457444108,0.0148322727428832,0.0166508171944273,43.8887364913222,77.42,83.42,84.43,6.0,/content/drive/MyDrive/SKANN_SSL/data/prototype_dataset/tensors/tensor_000423.npy,/content/drive/MyDrive/SKANN_SSL/data/prototype_dataset/waveforms/clip_000423.npy
424,4,0,tanker,4,50.0,0.0,1.2539,5.0154,False,0.0,0,25.0,297.4,80.9,185.58,0.0074337457444108,0.0148322727428832,0.0166272685116019,43.59666497924616,77.42,83.42,84.42,6.0,/content/drive/MyDrive/SKANN_SSL/data/prototype_dataset/tensors/tensor_000424.npy,/content/drive/MyDrive/SKANN_SSL/data/prototype_dataset/waveforms/clip_000424.npy
425,0,0,tanker,4,50.0,0.3333,1.0661,4.2644,True,435.59,15,25.0,167.98,67.88,0.0,0.0074337457444108,0.0148322727428832,0.0166808242835407,44.32280628730984,77.42,83.42,84.44,6.0,/content/drive/MyDrive/SKANN_SSL/data/prototype_dataset/tensors/tensor_000425.npy,/content/drive/MyDrive/SKANN_SSL/data/prototype_dataset/waveforms/clip_000425.npy
426,1,0,tanker,4,50.0,0.3333,1.416,5.6642,True,433.72,33,25.0,101.05,137.24,0.0,0.0074337457444108,0.0148322727428832,0.0165294038233462,43.79087997772062,77.42,83.42,84.37,6.0,/content/drive/MyDrive/SKANN_SSL/data/prototype_dataset/tensors/tensor_000426.npy,/content/drive/MyDrive/SKANN_SSL/data/prototype_dataset/waveforms/clip_000426.npy
427,2,0,tanker,4,50.0,0.3333,1.0302,4.1209,True,561.35,26,25.0,221.82,321.02,58.6,0.0074337457444108,0.0148322727428832,0.0166516300836407,44.24225238792719,77.42,83.42,84.43,6.0,/content/drive/MyDrive/SKANN_SSL/data/prototype_dataset/tensors/tensor_000427.npy,/content/drive/MyDrive/SKANN_SSL/data/prototype_dataset/waveforms/clip_000427.npy
428,3,0,tanker,4,50.0,0.3333,1.0517,4.2069,True,408.9,24,25.0,263.84,57.33,0.0,0.0074337457444108,0.0148322727428832,0.0164344855784807,44.15633080397364,77.42,83.42,84.32,6.0,/content/drive/MyDrive/SKANN_SSL/data/prototype_dataset/tensors/tensor_000428.npy,/content/drive/MyDrive/SKANN_SSL/data/prototype_dataset/waveforms/clip_000428.npy
429,4,0,tanker,4,50.0,0.3333,1.4389,5.7556,True,511.55,24,25.0,294.14,114.68,294.59,0.0074337457444108,0.0148322727428832,0.016736335194352,43.732488463828986,77.42,83.42,84.47,6.0,/content/drive/MyDrive/SKANN_SSL/data/prototype_dataset/tensors/tensor_000429.npy,/content/drive/MyDrive/SKANN_SSL/data/prototype_dataset/waveforms/clip_000429.npy
430,0,0,tanker,4,50.0,0.6667,1.197,4.7881,True,453.58,51,25.0,190.83,361.52,113.49,0.0074337457444108,0.0148322727428832,0.0166301563434011,42.607867646545145,77.42,83.42,84.42,6.0,/content/drive/MyDrive/SKANN_SSL/data/prototype_dataset/tensors/tensor_000430.npy,/content/drive/MyDrive/SKANN_SSL/data/prototype_dataset/waveforms/clip_000430.npy
431,1,0,tanker,4,50.0,0.6667,1.4095,5.6382,True,469.37,71,25.0,480.11,277.34,58.37,0.0074337457444108,0.0148322727428832,0.0165468484388303,42.91916207824892,77.42,83.42,84.37,6.0,/content/drive/MyDrive/SKANN_SSL/data/prototype_dataset/tensors/tensor_000431.npy,/content/drive/MyDrive/SKANN_SSL/data/prototype_dataset/waveforms/clip_000431.npy
432,2,0,tanker,4,50.0,0.6667,1.3739,5.4955,True,483.9,65,25.0,147.77,55.87,0.0,0.0074337457444108,0.0148322727428832,0.0164538930575148,42.27560416070382,77.42,83.42,84.33,6.0,/content/drive/MyDrive/SKANN_SSL/data/prototype_dataset/tensors/tensor_000432.npy,/content/drive/MyDrive/SKANN_SSL/data/prototype_dataset/waveforms/clip_000432.npy
433,3,0,tanker,4,50.0,0.6667,1.4474,5.7898,True,432.52,74,25.0,293.13,215.87,0.0,0.0074337457444108,0.0148322727428832,0.0164288327495889,42.50255303290244,77.42,83.42,84.31,6.0,/content/drive/MyDrive/SKANN_SSL/data/prototype_dataset/tensors/tensor_000433.npy,/content/drive/MyDrive/SKANN_SSL/data/prototype_dataset/waveforms/clip_000433.npy
434,4,0,tanker,4,50.0,0.6667,1.0449,4.1796,True,459.77,42,25.0,132.92,254.83,111.01,0.0074337457444108,0.0148322727428832,0.0164408508308787,43.89079454487003,77.42,83.42,84.32,6.0,/content/drive/MyDrive/SKANN_SSL/data/prototype_dataset/tensors/tensor_000434.npy,/content/drive/MyDrive/SKANN_SSL/data/prototype_dataset/waveforms/clip_000434.npy
435,0,0,tanker,4,50.0,1.0,1.1104,4.4416,True,533.9,52,25.0,155.76,132.55,493.47,0.0074337457444108,0.0148322727428832,0.0165728315052277,42.92408981146077,77.42,83.42,84.39,6.0,/content/drive/MyDrive/SKANN_SSL/data/prototype_dataset/tensors/tensor_000435.npy,/content/drive/MyDrive/SKANN_SSL/data/prototype_dataset/waveforms/clip_000435.npy
436,1,0,tanker,4,50.0,1.0,1.3074,5.2296,True,494.95,77,25.0,148.48,209.37,289.14,0.0074337457444108,0.0148322727428832,0.016617874056079,39.10149402533048,77.42,83.42,84.41,6.0,/content/drive/MyDrive/SKANN_SSL/data/prototype_dataset/tensors/tensor_000436.npy,/content/drive/MyDrive/SKANN_SSL/data/prototype_dataset/waveforms/clip_000436.npy
437,2,0,tanker,4,50.0,1.0,1.3409,5.3636,True,521.13,71,25.0,83.01,148.15,0.0,0.0074337457444108,0.0148322727428832,0.0166155174374381,38.24137424120772,77.42,83.42,84.41,6.0,/content/drive/MyDrive/SKANN_SSL/data/prototype_dataset/tensors/tensor_000437.npy,/content/drive/MyDrive/SKANN_SSL/data/prototype_dataset/waveforms/clip_000437.npy
438,3,0,tanker,4,50.0,1.0,1.4485,5.794,True,475.78,102,25.0,121.8,204.81,160.28,0.0074337457444108,0.0148322727428832,0.0166425614886532,37.104414001396506,77.42,83.42,84.42,6.0,/content/drive/MyDrive/SKANN_SSL/data/prototype_dataset/tensors/tensor_000438.npy,/content/drive/MyDrive/SKANN_SSL/data/prototype_dataset/waveforms/clip_000438.npy
439,4,0,tanker,4,50.0,1.0,1.2287,4.9146,True,479.09,61,25.0,95.23,225.47,0.0,0.0074337457444108,0.0148322727428832,0.0165698083622246,40.86562725115743,77.42,83.42,84.39,6.0,/content/drive/MyDrive/SKANN_SSL/data/prototype_dataset/tensors/tensor_000439.npy,/content/drive/MyDrive/SKANN_SSL/data/prototype_dataset/waveforms/clip_000439.npy
440,0,0,tanker,5,0.0,0.0,1.2702,6.3511,False,0.0,0,25.0,380.27,113.79,121.01,0.0074337457444108,0.0148322727428832,0.0165364430866145,44.4371301193741,77.42,83.42,84.37,6.0,/content/drive/MyDrive/SKANN_SSL/data/prototype_dataset/tensors/tensor_000440.npy,/content/drive/MyDrive/SKANN_SSL/data/prototype_dataset/waveforms/clip_000440.npy
441,1,0,tanker,5,0.0,0.0,1.1285,5.6424,False,0.0,0,25.0,119.49,311.34,197.5,0.0074337457444108,0.0148322727428832,0.0165485345817639,44.60746128852077,77.42,83.42,84.38,6.0,/content/drive/MyDrive/SKANN_SSL/data/prototype_dataset/tensors/tensor_000441.npy,/content/drive/MyDrive/SKANN_SSL/data/prototype_dataset/waveforms/clip_000441.npy
442,2,0,tanker,5,0.0,0.0,1.4185,7.0923,False,0.0,0,25.0,324.26,62.42,114.47,0.0074337457444108,0.0148322727428832,0.0166602035324068,44.49583005404094,77.42,83.42,84.43,6.0,/content/drive/MyDrive/SKANN_SSL/data/prototype_dataset/tensors/tensor_000442.npy,/content/drive/MyDrive/SKANN_SSL/data/prototype_dataset/waveforms/clip_000442.npy
443,3,0,tanker,5,0.0,0.0,1.3976,6.9878,False,0.0,0,25.0,266.86,106.67,0.0,0.0074337457444108,0.0148322727428832,0.016538441593825,44.7423807253856,77.42,83.42,84.37,6.0,/content/drive/MyDrive/SKANN_SSL/data/prototype_dataset/tensors/tensor_000443.npy,/content/drive/MyDrive/SKANN_SSL/data/prototype_dataset/waveforms/clip_000443.npy
444,4,0,tanker,5,0.0,0.0,1.4535,7.2677,False,0.0,0,25.0,148.1,403.04,57.84,0.0074337457444108,0.0148322727428832,0.0164589346979378,44.40512847992881,77.42,83.42,84.33,6.0,/content/drive/MyDrive/SKANN_SSL/data/prototype_dataset/tensors/tensor_000444.npy,/content/drive/MyDrive/SKANN_SSL/data/prototype_dataset/waveforms/clip_000444.npy
445,0,0,tanker,5,0.0,0.3333,1.0338,5.1691,True,493.28,29,25.0,212.8,91.34,0.0,0.0074337457444108,0.0148322727428832,0.0166083323706878,44.66343825961253,77.42,83.42,84.41,6.0,/content/drive/MyDrive/SKANN_SSL/data/prototype_dataset/tensors/tensor_000445.npy,/content/drive/MyDrive/SKANN_SSL/data/prototype_dataset/waveforms/clip_000445.npy
446,1,0,tanker,5,0.0,0.3333,1.4041,7.0206,True,525.59,41,25.0,220.19,145.32,246.49,0.0074337457444108,0.0148322727428832,0.0163605397843008,44.440862316229385,77.42,83.42,84.28,6.0,/content/drive/MyDrive/SKANN_SSL/data/prototype_dataset/tensors/tensor_000446.npy,/content/drive/MyDrive/SKANN_SSL/data/prototype_dataset/waveforms/clip_000446.npy
447,2,0,tanker,5,0.0,0.3333,1.2136,6.0678,True,485.78,41,25.0,125.81,135.19,473.34,0.0074337457444108,0.0148322727428832,0.0166173450914433,44.47974246970033,77.42,83.42,84.41,6.0,/content/drive/MyDrive/SKANN_SSL/data/prototype_dataset/tensors/tensor_000447.npy,/content/drive/MyDrive/SKANN_SSL/data/prototype_dataset/waveforms/clip_000447.npy
448,3,0,tanker,5,0.0,0.3333,1.4154,7.0769,True,441.25,36,25.0,60.25,182.72,0.0,0.0074337457444108,0.0148322727428832,0.0166005396715779,44.545591595272064,77.42,83.42,84.4,6.0,/content/drive/MyDrive/SKANN_SSL/data/prototype_dataset/tensors/tensor_000448.npy,/content/drive/MyDrive/SKANN_SSL/data/prototype_dataset/waveforms/clip_000448.npy
449,4,0,tanker,5,0.0,0.3333,1.3145,6.5724,True,536.19,36,25.0,112.1,108.13,343.11,0.0074337457444108,0.0148322727428832,0.0166078774568891,44.46415389402157,77.42,83.42,84.41,6.0,/content/drive/MyDrive/SKANN_SSL/data/prototype_dataset/tensors/tensor_000449.npy,/content/drive/MyDrive/SKANN_SSL/data/prototype_dataset/waveforms/clip_000449.npy
450,0,0,tanker,5,0.0,0.6667,1.2105,6.0524,True,478.8,63,25.0,269.5,148.76,147.6,0.0074337457444108,0.0148322727428832,0.016570272040949,43.644799211544594,77.42,83.42,84.39,6.0,/content/drive/MyDrive/SKANN_SSL/data/prototype_dataset/tensors/tensor_000450.npy,/content/drive/MyDrive/SKANN_SSL/data/prototype_dataset/waveforms/clip_000450.npy
451,1,0,tanker,5,0.0,0.6667,1.3014,6.507,True,442.51,61,25.0,240.14,345.28,104.29,0.0074337457444108,0.0148322727428832,0.0166134062408779,42.705324456271086,77.42,83.42,84.41,6.0,/content/drive/MyDrive/SKANN_SSL/data/prototype_dataset/tensors/tensor_000451.npy,/content/drive/MyDrive/SKANN_SSL/data/prototype_dataset/waveforms/clip_000451.npy
452,2,0,tanker,5,0.0,0.6667,1.2797,6.3983,True,479.44,63,25.0,116.74,206.26,286.87,0.0074337457444108,0.0148322727428832,0.0166194257016816,44.28678792754096,77.42,83.42,84.41,6.0,/content/drive/MyDrive/SKANN_SSL/data/prototype_dataset/tensors/tensor_000452.npy,/content/drive/MyDrive/SKANN_SSL/data/prototype_dataset/waveforms/clip_000452.npy
453,3,0,tanker,5,0.0,0.6667,1.3454,6.7269,True,473.6,63,25.0,101.57,55.39,0.0,0.0074337457444108,0.0148322727428832,0.0166441609723564,43.63574984232218,77.42,83.42,84.43,6.0,/content/drive/MyDrive/SKANN_SSL/data/prototype_dataset/tensors/tensor_000453.npy,/content/drive/MyDrive/SKANN_SSL/data/prototype_dataset/waveforms/clip_000453.npy
454,4,0,tanker,5,0.0,0.6667,1.3604,6.8018,True,495.23,93,25.0,110.18,127.32,0.0,0.0074337457444108,0.0148322727428832,0.0165132675281709,43.899201959445264,77.42,83.42,84.36,6.0,/content/drive/MyDrive/SKANN_SSL/data/prototype_dataset/tensors/tensor_000454.npy,/content/drive/MyDrive/SKANN_SSL/data/prototype_dataset/waveforms/clip_000454.npy
455,0,0,tanker,5,0.0,1.0,1.2211,6.1053,True,489.74,88,25.0,415.2,132.73,148.71,0.0074337457444108,0.0148322727428832,0.0165157444784516,34.186440558031244,77.42,83.42,84.36,6.0,/content/drive/MyDrive/SKANN_SSL/data/prototype_dataset/tensors/tensor_000455.npy,/content/drive/MyDrive/SKANN_SSL/data/prototype_dataset/waveforms/clip_000455.npy
456,1,0,tanker,5,0.0,1.0,1.1903,5.9517,True,514.73,86,25.0,64.84,274.98,0.0,0.0074337457444108,0.0148322727428832,0.0164532341674358,41.660582880591285,77.42,83.42,84.33,6.0,/content/drive/MyDrive/SKANN_SSL/data/prototype_dataset/tensors/tensor_000456.npy,/content/drive/MyDrive/SKANN_SSL/data/prototype_dataset/waveforms/clip_000456.npy
457,2,0,tanker,5,0.0,1.0,1.2795,6.3977,True,499.46,97,25.0,332.94,123.93,236.34,0.0074337457444108,0.0148322727428832,0.0166409238490332,39.82880491215317,77.42,83.42,84.42,6.0,/content/drive/MyDrive/SKANN_SSL/data/prototype_dataset/tensors/tensor_000457.npy,/content/drive/MyDrive/SKANN_SSL/data/prototype_dataset/waveforms/clip_000457.npy
458,3,0,tanker,5,0.0,1.0,1.0885,5.4423,True,526.69,69,25.0,484.08,145.07,0.0,0.0074337457444108,0.0148322727428832,0.0166690302405709,42.28272121066557,77.42,83.42,84.44,6.0,/content/drive/MyDrive/SKANN_SSL/data/prototype_dataset/tensors/tensor_000458.npy,/content/drive/MyDrive/SKANN_SSL/data/prototype_dataset/waveforms/clip_000458.npy
459,4,0,tanker,5,0.0,1.0,1.3492,6.7459,True,499.98,116,25.0,250.85,133.68,242.74,0.0074337457444108,0.0148322727428832,0.0166256052969335,40.52341786206771,77.42,83.42,84.42,6.0,/content/drive/MyDrive/SKANN_SSL/data/prototype_dataset/tensors/tensor_000459.npy,/content/drive/MyDrive/SKANN_SSL/data/prototype_dataset/waveforms/clip_000459.npy
460,0,0,tanker,5,50.0,0.0,1.129,5.6448,False,0.0,0,25.0,58.84,428.72,231.36,0.0074337457444108,0.0148322727428832,0.0166835649703193,43.91136868439221,77.42,83.42,84.45,6.0,/content/drive/MyDrive/SKANN_SSL/data/prototype_dataset/tensors/tensor_000460.npy,/content/drive/MyDrive/SKANN_SSL/data/prototype_dataset/waveforms/clip_000460.npy
461,1,0,tanker,5,50.0,0.0,1.2546,6.2731,False,0.0,0,25.0,176.59,74.74,0.0,0.0074337457444108,0.0148322727428832,0.016484281740119,43.45513251663025,77.42,83.42,84.34,6.0,/content/drive/MyDrive/SKANN_SSL/data/prototype_dataset/tensors/tensor_000461.npy,/content/drive/MyDrive/SKANN_SSL/data/prototype_dataset/waveforms/clip_000461.npy
462,2,0,tanker,5,50.0,0.0,1.47,7.3499,False,0.0,0,25.0,491.75,203.14,0.0,0.0074337457444108,0.0148322727428832,0.0164867237950117,43.62845277535725,77.42,83.42,84.34,6.0,/content/drive/MyDrive/SKANN_SSL/data/prototype_dataset/tensors/tensor_000462.npy,/content/drive/MyDrive/SKANN_SSL/data/prototype_dataset/waveforms/clip_000462.npy
463,3,0,tanker,5,50.0,0.0,1.0831,5.4155,False,0.0,0,25.0,165.39,124.49,0.0,0.0074337457444108,0.0148322727428832,0.0165596204901132,44.112721859055405,77.42,83.42,84.38,6.0,/content/drive/MyDrive/SKANN_SSL/data/prototype_dataset/tensors/tensor_000463.npy,/content/drive/MyDrive/SKANN_SSL/data/prototype_dataset/waveforms/clip_000463.npy
464,4,0,tanker,5,50.0,0.0,1.123,5.6148,False,0.0,0,25.0,300.43,75.54,151.39,0.0074337457444108,0.0148322727428832,0.0164447085336844,43.63836002493481,77.42,83.42,84.32,6.0,/content/drive/MyDrive/SKANN_SSL/data/prototype_dataset/tensors/tensor_000464.npy,/content/drive/MyDrive/SKANN_SSL/data/prototype_dataset/waveforms/clip_000464.npy
465,0,0,tanker,5,50.0,0.3333,1.0631,5.3153,True,522.71,26,25.0,234.12,255.52,0.0,0.0074337457444108,0.0148322727428832,0.0165955087222517,44.01452784534735,77.42,83.42,84.4,6.0,/content/drive/MyDrive/SKANN_SSL/data/prototype_dataset/tensors/tensor_000465.npy,/content/drive/MyDrive/SKANN_SSL/data/prototype_dataset/waveforms/clip_000465.npy
466,1,0,tanker,5,50.0,0.3333,1.3315,6.6574,True,540.24,38,25.0,142.21,121.36,0.0,0.0074337457444108,0.0148322727428832,0.0165466670148569,43.74096127539948,77.42,83.42,84.37,6.0,/content/drive/MyDrive/SKANN_SSL/data/prototype_dataset/tensors/tensor_000466.npy,/content/drive/MyDrive/SKANN_SSL/data/prototype_dataset/waveforms/clip_000466.npy
467,2,0,tanker,5,50.0,0.3333,1.1438,5.7188,True,511.93,46,25.0,262.89,89.05,0.0,0.0074337457444108,0.0148322727428832,0.0167219384786018,43.82094994461129,77.42,83.42,84.47,6.0,/content/drive/MyDrive/SKANN_SSL/data/prototype_dataset/tensors/tensor_000467.npy,/content/drive/MyDrive/SKANN_SSL/data/prototype_dataset/waveforms/clip_000467.npy
468,3,0,tanker,5,50.0,0.3333,1.1834,5.9172,True,484.71,39,25.0,280.11,188.65,58.59,0.0074337457444108,0.0148322727428832,0.0165980745715275,43.71640940367908,77.42,83.42,84.4,6.0,/content/drive/MyDrive/SKANN_SSL/data/prototype_dataset/tensors/tensor_000468.npy,/content/drive/MyDrive/SKANN_SSL/data/prototype_dataset/waveforms/clip_000468.npy
469,4,0,tanker,5,50.0,0.3333,1.1544,5.772,True,497.86,36,25.0,393.29,90.55,271.1,0.0074337457444108,0.0148322727428832,0.016580863944487,43.7997621434952,77.42,83.42,84.39,6.0,/content/drive/MyDrive/SKANN_SSL/data/prototype_dataset/tensors/tensor_000469.npy,/content/drive/MyDrive/SKANN_SSL/data/prototype_dataset/waveforms/clip_000469.npy
470,0,0,tanker,5,50.0,0.6667,1.3825,6.9123,True,498.11,73,25.0,332.92,113.39,0.0,0.0074337457444108,0.0148322727428832,0.0165788684731739,43.251521882158215,77.42,83.42,84.39,6.0,/content/drive/MyDrive/SKANN_SSL/data/prototype_dataset/tensors/tensor_000470.npy,/content/drive/MyDrive/SKANN_SSL/data/prototype_dataset/waveforms/clip_000470.npy
471,1,0,tanker,5,50.0,0.6667,1.2754,6.3771,True,494.16,62,25.0,113.54,406.47,0.0,0.0074337457444108,0.0148322727428832,0.0165363008313375,42.810634746376245,77.42,83.42,84.37,6.0,/content/drive/MyDrive/SKANN_SSL/data/prototype_dataset/tensors/tensor_000471.npy,/content/drive/MyDrive/SKANN_SSL/data/prototype_dataset/waveforms/clip_000471.npy
472,2,0,tanker,5,50.0,0.6667,1.086,5.4301,True,491.06,79,25.0,111.16,102.44,372.04,0.0074337457444108,0.0148322727428832,0.0164910880701322,43.47307219858444,77.42,83.42,84.34,6.0,/content/drive/MyDrive/SKANN_SSL/data/prototype_dataset/tensors/tensor_000472.npy,/content/drive/MyDrive/SKANN_SSL/data/prototype_dataset/waveforms/clip_000472.npy
473,3,0,tanker,5,50.0,0.6667,1.0127,5.0637,True,494.74,62,25.0,249.84,423.03,0.0,0.0074337457444108,0.0148322727428832,0.0167599446371862,42.77552265008797,77.42,83.42,84.49,6.0,/content/drive/MyDrive/SKANN_SSL/data/prototype_dataset/tensors/tensor_000473.npy,/content/drive/MyDrive/SKANN_SSL/data/prototype_dataset/waveforms/clip_000473.npy
474,4,0,tanker,5,50.0,0.6667,1.3944,6.9721,True,485.7,74,25.0,240.5,338.74,104.87,0.0074337457444108,0.0148322727428832,0.0165145593412529,42.56330970005381,77.42,83.42,84.36,6.0,/content/drive/MyDrive/SKANN_SSL/data/prototype_dataset/tensors/tensor_000474.npy,/content/drive/MyDrive/SKANN_SSL/data/prototype_dataset/waveforms/clip_000474.npy
475,0,0,tanker,5,50.0,1.0,1.2449,6.2246,True,456.3,93,25.0,103.61,260.04,0.0,0.0074337457444108,0.0148322727428832,0.0164540937135955,37.6839215007171,77.42,83.42,84.33,6.0,/content/drive/MyDrive/SKANN_SSL/data/prototype_dataset/tensors/tensor_000475.npy,/content/drive/MyDrive/SKANN_SSL/data/prototype_dataset/waveforms/clip_000475.npy
476,1,0,tanker,5,50.0,1.0,1.4473,7.2365,True,491.43,110,25.0,276.31,454.0,0.0,0.0074337457444108,0.0148322727428832,0.0163530948985783,37.18782678669047,77.42,83.42,84.27,6.0,/content/drive/MyDrive/SKANN_SSL/data/prototype_dataset/tensors/tensor_000476.npy,/content/drive/MyDrive/SKANN_SSL/data/prototype_dataset/waveforms/clip_000476.npy
477,2,0,tanker,5,50.0,1.0,1.0356,5.1781,True,446.72,72,25.0,373.81,102.84,131.94,0.0074337457444108,0.0148322727428832,0.0166892749573573,39.89604128596207,77.42,83.42,84.45,6.0,/content/drive/MyDrive/SKANN_SSL/data/prototype_dataset/tensors/tensor_000477.npy,/content/drive/MyDrive/SKANN_SSL/data/prototype_dataset/waveforms/clip_000477.npy
478,3,0,tanker,5,50.0,1.0,1.0693,5.3466,True,472.4,68,25.0,295.68,130.4,0.0,0.0074337457444108,0.0148322727428832,0.0166028405355803,37.71797694040948,77.42,83.42,84.4,6.0,/content/drive/MyDrive/SKANN_SSL/data/prototype_dataset/tensors/tensor_000478.npy,/content/drive/MyDrive/SKANN_SSL/data/prototype_dataset/waveforms/clip_000478.npy
479,4,0,tanker,5,50.0,1.0,1.4671,7.3355,True,499.07,100,25.0,327.11,140.82,0.0,0.0074337457444108,0.0148322727428832,0.0164556998067731,37.70596178163168,77.42,83.42,84.33,6.0,/content/drive/MyDrive/SKANN_SSL/data/prototype_dataset/tensors/tensor_000479.npy,/content/drive/MyDrive/SKANN_SSL/data/prototype_dataset/waveforms/clip_000479.npy
480,0,1,small_craft,3,0.0,0.0,16.9811,50.9432,False,0.0,0,25.0,221.44,72.36,0.0,0.0226239212053617,0.0451406573978835,0.0503220591330448,147.25750855811893,87.09,93.09,94.04,6.0,/content/drive/MyDrive/SKANN_SSL/data/prototype_dataset/tensors/tensor_000480.npy,/content/drive/MyDrive/SKANN_SSL/data/prototype_dataset/waveforms/clip_000480.npy
481,1,1,small_craft,3,0.0,0.0,19.7002,59.1006,False,0.0,0,25.0,54.99,376.12,279.98,0.0226239212053617,0.0451406573978835,0.0505721631976288,146.93328866877164,87.09,93.09,94.08,6.0,/content/drive/MyDrive/SKANN_SSL/data/prototype_dataset/tensors/tensor_000481.npy,/content/drive/MyDrive/SKANN_SSL/data/prototype_dataset/waveforms/clip_000481.npy
482,2,1,small_craft,3,0.0,0.0,16.8929,50.6787,False,0.0,0,25.0,193.67,400.76,0.0,0.0226239212053617,0.0451406573978835,0.0508277946467919,146.8832483100202,87.09,93.09,94.12,6.0,/content/drive/MyDrive/SKANN_SSL/data/prototype_dataset/tensors/tensor_000482.npy,/content/drive/MyDrive/SKANN_SSL/data/prototype_dataset/waveforms/clip_000482.npy
483,3,1,small_craft,3,0.0,0.0,23.5218,70.5654,False,0.0,0,25.0,170.44,307.53,145.94,0.0226239212053617,0.0451406573978835,0.0504780887723454,146.58760930303382,87.09,93.09,94.06,6.0,/content/drive/MyDrive/SKANN_SSL/data/prototype_dataset/tensors/tensor_000483.npy,/content/drive/MyDrive/SKANN_SSL/data/prototype_dataset/waveforms/clip_000483.npy
484,4,1,small_craft,3,0.0,0.0,15.9676,47.9029,False,0.0,0,25.0,64.25,475.22,0.0,0.0226239212053617,0.0451406573978835,0.0506227130379585,146.55970996573657,87.09,93.09,94.09,6.0,/content/drive/MyDrive/SKANN_SSL/data/prototype_dataset/tensors/tensor_000484.npy,/content/drive/MyDrive/SKANN_SSL/data/prototype_dataset/waveforms/clip_000484.npy
485,0,1,small_craft,3,0.0,0.3333,27.6934,83.0801,True,6115.72,484,25.0,201.19,114.39,245.16,0.0226239212053617,0.0451406573978835,0.0507297172991147,145.04418105490532,87.09,93.09,94.11,6.0,/content/drive/MyDrive/SKANN_SSL/data/prototype_dataset/tensors/tensor_000485.npy,/content/drive/MyDrive/SKANN_SSL/data/prototype_dataset/waveforms/clip_000485.npy
486,1,1,small_craft,3,0.0,0.3333,15.4438,46.3314,True,6311.87,291,25.0,106.02,212.74,0.0,0.0226239212053617,0.0451406573978835,0.050559427066834,146.70024120972317,87.09,93.09,94.08,6.0,/content/drive/MyDrive/SKANN_SSL/data/prototype_dataset/tensors/tensor_000486.npy,/content/drive/MyDrive/SKANN_SSL/data/prototype_dataset/waveforms/clip_000486.npy
487,2,1,small_craft,3,0.0,0.3333,27.7399,83.2196,True,5961.1,500,25.0,282.05,116.34,110.84,0.0226239212053617,0.0451406573978835,0.0503628139038005,144.45384680359305,87.09,93.09,94.04,6.0,/content/drive/MyDrive/SKANN_SSL/data/prototype_dataset/tensors/tensor_000487.npy,/content/drive/MyDrive/SKANN_SSL/data/prototype_dataset/waveforms/clip_000487.npy
488,3,1,small_craft,3,0.0,0.3333,20.0931,60.2794,True,6134.58,366,25.0,260.52,242.97,112.31,0.0226239212053617,0.0451406573978835,0.0505196203979039,145.54750054120316,87.09,93.09,94.07,6.0,/content/drive/MyDrive/SKANN_SSL/data/prototype_dataset/tensors/tensor_000488.npy,/content/drive/MyDrive/SKANN_SSL/data/prototype_dataset/waveforms/clip_000488.npy
489,4,1,small_craft,3,0.0,0.3333,25.9188,77.7564,True,6153.21,435,25.0,262.35,52.93,0.0,0.0226239212053617,0.0451406573978835,0.0505107561058212,144.8985326012572,87.09,93.09,94.07,6.0,/content/drive/MyDrive/SKANN_SSL/data/prototype_dataset/tensors/tensor_000489.npy,/content/drive/MyDrive/SKANN_SSL/data/prototype_dataset/waveforms/clip_000489.npy
490,0,1,small_craft,3,0.0,0.6667,25.8024,77.4071,True,6108.84,870,25.0,288.06,392.39,0.0,0.0226239212053617,0.0451406573978835,0.0504600978040985,120.58112545602944,87.09,93.09,94.06,6.0,/content/drive/MyDrive/SKANN_SSL/data/prototype_dataset/tensors/tensor_000490.npy,/content/drive/MyDrive/SKANN_SSL/data/prototype_dataset/waveforms/clip_000490.npy
491,1,1,small_craft,3,0.0,0.6667,21.061,63.183,True,6041.14,660,25.0,192.98,378.23,139.31,0.0226239212053617,0.0451406573978835,0.0503636427614249,116.48183106985738,87.09,93.09,94.04,6.0,/content/drive/MyDrive/SKANN_SSL/data/prototype_dataset/tensors/tensor_000491.npy,/content/drive/MyDrive/SKANN_SSL/data/prototype_dataset/waveforms/clip_000491.npy
492,2,1,small_craft,3,0.0,0.6667,17.783,53.3491,True,6021.86,584,25.0,101.42,284.5,0.0,0.0226239212053617,0.0451406573978835,0.0504610671213636,120.12957338857731,87.09,93.09,94.06,6.0,/content/drive/MyDrive/SKANN_SSL/data/prototype_dataset/tensors/tensor_000492.npy,/content/drive/MyDrive/SKANN_SSL/data/prototype_dataset/waveforms/clip_000492.npy
493,3,1,small_craft,3,0.0,0.6667,24.4239,73.2716,True,6129.46,796,25.0,312.05,133.04,87.41,0.0226239212053617,0.0451406573978835,0.0504362760997086,131.758631362882,87.09,93.09,94.05,6.0,/content/drive/MyDrive/SKANN_SSL/data/prototype_dataset/tensors/tensor_000493.npy,/content/drive/MyDrive/SKANN_SSL/data/prototype_dataset/waveforms/clip_000493.npy
494,4,1,small_craft,3,0.0,0.6667,19.396,58.1881,True,6121.82,614,25.0,143.77,329.19,0.0,0.0226239212053617,0.0451406573978835,0.0508341927314447,123.30908775266452,87.09,93.09,94.12,6.0,/content/drive/MyDrive/SKANN_SSL/data/prototype_dataset/tensors/tensor_000494.npy,/content/drive/MyDrive/SKANN_SSL/data/prototype_dataset/waveforms/clip_000494.npy
495,0,1,small_craft,3,0.0,1.0,22.8387,68.516,True,6006.19,1002,25.0,121.55,69.62,0.0,0.0226239212053617,0.0451406573978835,0.0504954142881915,67.22595931613837,87.09,93.09,94.07,6.0,/content/drive/MyDrive/SKANN_SSL/data/prototype_dataset/tensors/tensor_000495.npy,/content/drive/MyDrive/SKANN_SSL/data/prototype_dataset/waveforms/clip_000495.npy
496,1,1,small_craft,3,0.0,1.0,16.655,49.9649,True,5895.25,729,25.0,105.0,54.46,277.18,0.0226239212053617,0.0451406573978835,0.0504763735043717,75.53568393737909,87.09,93.09,94.06,6.0,/content/drive/MyDrive/SKANN_SSL/data/prototype_dataset/tensors/tensor_000496.npy,/content/drive/MyDrive/SKANN_SSL/data/prototype_dataset/waveforms/clip_000496.npy
497,2,1,small_craft,3,0.0,1.0,19.249,57.7471,True,5892.06,888,25.0,108.5,139.25,348.48,0.0226239212053617,0.0451406573978835,0.0502909022473423,76.94125020435189,87.09,93.09,94.03,6.0,/content/drive/MyDrive/SKANN_SSL/data/prototype_dataset/tensors/tensor_000497.npy,/content/drive/MyDrive/SKANN_SSL/data/prototype_dataset/waveforms/clip_000497.npy
498,3,1,small_craft,3,0.0,1.0,27.8144,83.4433,True,5992.99,1258,25.0,64.37,260.71,258.59,0.0226239212053617,0.0451406573978835,0.0503513102120119,58.067475926036416,87.09,93.09,94.04,6.0,/content/drive/MyDrive/SKANN_SSL/data/prototype_dataset/tensors/tensor_000498.npy,/content/drive/MyDrive/SKANN_SSL/data/prototype_dataset/waveforms/clip_000498.npy
499,4,1,small_craft,3,0.0,1.0,25.7805,77.3414,True,6110.98,1172,25.0,143.74,266.54,0.0,0.0226239212053617,0.0451406573978835,0.0503982518313513,83.43574104530673,87.09,93.09,94.05,6.0,/content/drive/MyDrive/SKANN_SSL/data/prototype_dataset/tensors/tensor_000499.npy,/content/drive/MyDrive/SKANN_SSL/data/prototype_dataset/waveforms/clip_000499.npy
500,0,1,small_craft,3,50.0,0.0,26.0653,78.196,False,0.0,0,25.0,317.1,294.02,0.0,0.0226239212053617,0.0451406573978835,0.0508856555428984,144.64930043847698,87.09,93.09,94.13,6.0,/content/drive/MyDrive/SKANN_SSL/data/prototype_dataset/tensors/tensor_000500.npy,/content/drive/MyDrive/SKANN_SSL/data/prototype_dataset/waveforms/clip_000500.npy
501,1,1,small_craft,3,50.0,0.0,21.3764,64.1293,False,0.0,0,25.0,195.87,374.68,0.0,0.0226239212053617,0.0451406573978835,0.0501875207186887,143.94980778401913,87.09,93.09,94.01,6.0,/content/drive/MyDrive/SKANN_SSL/data/prototype_dataset/tensors/tensor_000501.npy,/content/drive/MyDrive/SKANN_SSL/data/prototype_dataset/waveforms/clip_000501.npy
502,2,1,small_craft,3,50.0,0.0,15.1795,45.5386,False,0.0,0,25.0,389.46,153.62,0.0,0.0226239212053617,0.0451406573978835,0.0503010051037615,144.00052342588268,87.09,93.09,94.03,6.0,/content/drive/MyDrive/SKANN_SSL/data/prototype_dataset/tensors/tensor_000502.npy,/content/drive/MyDrive/SKANN_SSL/data/prototype_dataset/waveforms/clip_000502.npy
503,3,1,small_craft,3,50.0,0.0,21.0224,63.0673,False,0.0,0,25.0,108.82,262.7,183.59,0.0226239212053617,0.0451406573978835,0.0505038754174136,144.52047938472248,87.09,93.09,94.07,6.0,/content/drive/MyDrive/SKANN_SSL/data/prototype_dataset/tensors/tensor_000503.npy,/content/drive/MyDrive/SKANN_SSL/data/prototype_dataset/waveforms/clip_000503.npy
504,4,1,small_craft,3,50.0,0.0,20.4238,61.2715,False,0.0,0,25.0,234.86,383.35,62.3,0.0226239212053617,0.0451406573978835,0.0505936263492878,143.91362751959744,87.09,93.09,94.08,6.0,/content/drive/MyDrive/SKANN_SSL/data/prototype_dataset/tensors/tensor_000504.npy,/content/drive/MyDrive/SKANN_SSL/data/prototype_dataset/waveforms/clip_000504.npy
505,0,1,small_craft,3,50.0,0.3333,28.544,85.6321,True,6003.78,526,25.0,124.43,244.09,165.59,0.0226239212053617,0.0451406573978835,0.0503857751113234,142.6833967338589,87.09,93.09,94.05,6.0,/content/drive/MyDrive/SKANN_SSL/data/prototype_dataset/tensors/tensor_000505.npy,/content/drive/MyDrive/SKANN_SSL/data/prototype_dataset/waveforms/clip_000505.npy
506,1,1,small_craft,3,50.0,0.3333,26.5315,79.5946,True,5984.16,481,25.0,68.24,323.09,0.0,0.0226239212053617,0.0451406573978835,0.0506932173137089,142.549491522618,87.09,93.09,94.1,6.0,/content/drive/MyDrive/SKANN_SSL/data/prototype_dataset/tensors/tensor_000506.npy,/content/drive/MyDrive/SKANN_SSL/data/prototype_dataset/waveforms/clip_000506.npy
507,2,1,small_craft,3,50.0,0.3333,25.8073,77.422,True,5900.55,430,25.0,58.81,106.49,324.07,0.0226239212053617,0.0451406573978835,0.0509064902283264,142.06280108126083,87.09,93.09,94.14,6.0,/content/drive/MyDrive/SKANN_SSL/data/prototype_dataset/tensors/tensor_000507.npy,/content/drive/MyDrive/SKANN_SSL/data/prototype_dataset/waveforms/clip_000507.npy
508,3,1,small_craft,3,50.0,0.3333,17.1502,51.4507,True,5911.88,289,25.0,408.96,180.41,0.0,0.0226239212053617,0.0451406573978835,0.050515536772572,143.83140867239408,87.09,93.09,94.07,6.0,/content/drive/MyDrive/SKANN_SSL/data/prototype_dataset/tensors/tensor_000508.npy,/content/drive/MyDrive/SKANN_SSL/data/prototype_dataset/waveforms/clip_000508.npy
509,4,1,small_craft,3,50.0,0.3333,23.2503,69.7509,True,5964.21,388,25.0,138.97,382.24,175.5,0.0226239212053617,0.0451406573978835,0.0505909971176395,143.00328864322466,87.09,93.09,94.08,6.0,/content/drive/MyDrive/SKANN_SSL/data/prototype_dataset/tensors/tensor_000509.npy,/content/drive/MyDrive/SKANN_SSL/data/prototype_dataset/waveforms/clip_000509.npy
510,0,1,small_craft,3,50.0,0.6667,20.8786,62.6357,True,5962.93,734,25.0,78.82,422.25,219.13,0.0226239212053617,0.0451406573978835,0.0502318917056974,122.43655113791024,87.09,93.09,94.02,6.0,/content/drive/MyDrive/SKANN_SSL/data/prototype_dataset/tensors/tensor_000510.npy,/content/drive/MyDrive/SKANN_SSL/data/prototype_dataset/waveforms/clip_000510.npy
511,1,1,small_craft,3,50.0,0.6667,26.7263,80.1789,True,5976.08,869,25.0,213.06,233.52,128.37,0.0226239212053617,0.0451406573978835,0.0500799472132258,124.86416449886272,87.09,93.09,93.99,6.0,/content/drive/MyDrive/SKANN_SSL/data/prototype_dataset/tensors/tensor_000511.npy,/content/drive/MyDrive/SKANN_SSL/data/prototype_dataset/waveforms/clip_000511.npy
512,2,1,small_craft,3,50.0,0.6667,28.7032,86.1097,True,6087.69,905,25.0,227.41,358.23,0.0,0.0226239212053617,0.0451406573978835,0.0509508160075283,118.59255022891156,87.09,93.09,94.14,6.0,/content/drive/MyDrive/SKANN_SSL/data/prototype_dataset/tensors/tensor_000512.npy,/content/drive/MyDrive/SKANN_SSL/data/prototype_dataset/waveforms/clip_000512.npy
513,3,1,small_craft,3,50.0,0.6667,25.974,77.922,True,5919.19,861,25.0,115.04,202.79,0.0,0.0226239212053617,0.0451406573978835,0.0502404847639776,117.83511411520834,87.09,93.09,94.02,6.0,/content/drive/MyDrive/SKANN_SSL/data/prototype_dataset/tensors/tensor_000513.npy,/content/drive/MyDrive/SKANN_SSL/data/prototype_dataset/waveforms/clip_000513.npy
514,4,1,small_craft,3,50.0,0.6667,20.5355,61.6064,True,6022.91,643,25.0,430.32,115.62,0.0,0.0226239212053617,0.0451406573978835,0.0508107802691653,122.88101552570872,87.09,93.09,94.12,6.0,/content/drive/MyDrive/SKANN_SSL/data/prototype_dataset/tensors/tensor_000514.npy,/content/drive/MyDrive/SKANN_SSL/data/prototype_dataset/waveforms/clip_000514.npy
515,0,1,small_craft,3,50.0,1.0,18.2171,54.6514,True,6098.53,830,25.0,109.08,377.17,0.0,0.0226239212053617,0.0451406573978835,0.0502578068336649,66.83668168827941,87.09,93.09,94.02,6.0,/content/drive/MyDrive/SKANN_SSL/data/prototype_dataset/tensors/tensor_000515.npy,/content/drive/MyDrive/SKANN_SSL/data/prototype_dataset/waveforms/clip_000515.npy
516,1,1,small_craft,3,50.0,1.0,22.0358,66.1075,True,5957.53,992,25.0,285.03,82.62,0.0,0.0226239212053617,0.0451406573978835,0.0504928248073613,70.2413089054122,87.09,93.09,94.06,6.0,/content/drive/MyDrive/SKANN_SSL/data/prototype_dataset/tensors/tensor_000516.npy,/content/drive/MyDrive/SKANN_SSL/data/prototype_dataset/waveforms/clip_000516.npy
517,2,1,small_craft,3,50.0,1.0,19.7745,59.3235,True,6006.32,878,25.0,489.26,114.79,0.0,0.0226239212053617,0.0451406573978835,0.0503816122810082,60.84859709162094,87.09,93.09,94.05,6.0,/content/drive/MyDrive/SKANN_SSL/data/prototype_dataset/tensors/tensor_000517.npy,/content/drive/MyDrive/SKANN_SSL/data/prototype_dataset/waveforms/clip_000517.npy
518,3,1,small_craft,3,50.0,1.0,21.7351,65.2052,True,5818.72,965,25.0,428.66,211.41,0.0,0.0226239212053617,0.0451406573978835,0.0505327161957709,61.46083864835619,87.09,93.09,94.07,6.0,/content/drive/MyDrive/SKANN_SSL/data/prototype_dataset/tensors/tensor_000518.npy,/content/drive/MyDrive/SKANN_SSL/data/prototype_dataset/waveforms/clip_000518.npy
519,4,1,small_craft,3,50.0,1.0,17.6456,52.9369,True,6064.36,786,25.0,227.71,82.59,401.87,0.0226239212053617,0.0451406573978835,0.0506629582301464,96.27034295029442,87.09,93.09,94.09,6.0,/content/drive/MyDrive/SKANN_SSL/data/prototype_dataset/tensors/tensor_000519.npy,/content/drive/MyDrive/SKANN_SSL/data/prototype_dataset/waveforms/clip_000519.npy
520,0,1,small_craft,4,0.0,0.0,15.2827,61.1306,False,0.0,0,25.0,432.79,123.8,286.07,0.0226239212053617,0.0451406573978835,0.0504724094007478,148.21319664738286,87.09,93.09,94.06,6.0,/content/drive/MyDrive/SKANN_SSL/data/prototype_dataset/tensors/tensor_000520.npy,/content/drive/MyDrive/SKANN_SSL/data/prototype_dataset/waveforms/clip_000520.npy
521,1,1,small_craft,4,0.0,0.0,27.874,111.4962,False,0.0,0,25.0,71.37,148.55,0.0,0.0226239212053617,0.0451406573978835,0.0501974721574307,148.68446494076676,87.09,93.09,94.01,6.0,/content/drive/MyDrive/SKANN_SSL/data/prototype_dataset/tensors/tensor_000521.npy,/content/drive/MyDrive/SKANN_SSL/data/prototype_dataset/waveforms/clip_000521.npy
522,2,1,small_craft,4,0.0,0.0,23.2904,93.1617,False,0.0,0,25.0,240.19,71.93,461.82,0.0226239212053617,0.0451406573978835,0.0507798693747908,147.65587838058565,87.09,93.09,94.11,6.0,/content/drive/MyDrive/SKANN_SSL/data/prototype_dataset/tensors/tensor_000522.npy,/content/drive/MyDrive/SKANN_SSL/data/prototype_dataset/waveforms/clip_000522.npy
523,3,1,small_craft,4,0.0,0.0,15.7509,63.0036,False,0.0,0,25.0,52.16,392.61,0.0,0.0226239212053617,0.0451406573978835,0.0504228989925543,148.86280544527202,87.09,93.09,94.05,6.0,/content/drive/MyDrive/SKANN_SSL/data/prototype_dataset/tensors/tensor_000523.npy,/content/drive/MyDrive/SKANN_SSL/data/prototype_dataset/waveforms/clip_000523.npy
524,4,1,small_craft,4,0.0,0.0,22.9338,91.735,False,0.0,0,25.0,197.98,480.82,0.0,0.0226239212053617,0.0451406573978835,0.0506810803324912,148.97045673136915,87.09,93.09,94.1,6.0,/content/drive/MyDrive/SKANN_SSL/data/prototype_dataset/tensors/tensor_000524.npy,/content/drive/MyDrive/SKANN_SSL/data/prototype_dataset/waveforms/clip_000524.npy
525,0,1,small_craft,4,0.0,0.3333,18.9656,75.8623,True,6099.13,463,25.0,398.75,51.16,0.0,0.0226239212053617,0.0451406573978835,0.0507785960736149,147.16742129394382,87.09,93.09,94.11,6.0,/content/drive/MyDrive/SKANN_SSL/data/prototype_dataset/tensors/tensor_000525.npy,/content/drive/MyDrive/SKANN_SSL/data/prototype_dataset/waveforms/clip_000525.npy
526,1,1,small_craft,4,0.0,0.3333,17.3315,69.3262,True,5921.06,441,25.0,145.1,302.63,0.0,0.0226239212053617,0.0451406573978835,0.0502615400256589,147.4440939548641,87.09,93.09,94.02,6.0,/content/drive/MyDrive/SKANN_SSL/data/prototype_dataset/tensors/tensor_000526.npy,/content/drive/MyDrive/SKANN_SSL/data/prototype_dataset/waveforms/clip_000526.npy
527,2,1,small_craft,4,0.0,0.3333,20.6966,82.7866,True,6159.53,467,25.0,236.01,199.58,0.0,0.0226239212053617,0.0451406573978835,0.0509164931005664,147.90681680219282,87.09,93.09,94.14,6.0,/content/drive/MyDrive/SKANN_SSL/data/prototype_dataset/tensors/tensor_000527.npy,/content/drive/MyDrive/SKANN_SSL/data/prototype_dataset/waveforms/clip_000527.npy
528,3,1,small_craft,4,0.0,0.3333,22.4997,89.9988,True,5861.79,514,25.0,133.68,395.97,183.51,0.0226239212053617,0.0451406573978835,0.0508579057569203,147.67006525313062,87.09,93.09,94.13,6.0,/content/drive/MyDrive/SKANN_SSL/data/prototype_dataset/tensors/tensor_000528.npy,/content/drive/MyDrive/SKANN_SSL/data/prototype_dataset/waveforms/clip_000528.npy
529,4,1,small_craft,4,0.0,0.3333,17.0558,68.2233,True,5896.85,387,25.0,209.51,51.14,262.38,0.0226239212053617,0.0451406573978835,0.0508969883177713,145.2026173109016,87.09,93.09,94.13,6.0,/content/drive/MyDrive/SKANN_SSL/data/prototype_dataset/tensors/tensor_000529.npy,/content/drive/MyDrive/SKANN_SSL/data/prototype_dataset/waveforms/clip_000529.npy
530,0,1,small_craft,4,0.0,0.6667,26.6478,106.5913,True,6113.81,1162,25.0,288.44,245.37,71.24,0.0226239212053617,0.0451406573978835,0.05040789514226,114.3438488280287,87.09,93.09,94.05,6.0,/content/drive/MyDrive/SKANN_SSL/data/prototype_dataset/tensors/tensor_000530.npy,/content/drive/MyDrive/SKANN_SSL/data/prototype_dataset/waveforms/clip_000530.npy
531,1,1,small_craft,4,0.0,0.6667,28.1242,112.4966,True,6051.32,1249,25.0,429.46,295.48,121.38,0.0226239212053617,0.0451406573978835,0.0505205470184094,107.81810180931204,87.09,93.09,94.07,6.0,/content/drive/MyDrive/SKANN_SSL/data/prototype_dataset/tensors/tensor_000531.npy,/content/drive/MyDrive/SKANN_SSL/data/prototype_dataset/waveforms/clip_000531.npy
532,2,1,small_craft,4,0.0,0.6667,29.4037,117.6147,True,6060.49,1281,25.0,269.71,359.86,93.02,0.0226239212053617,0.0451406573978835,0.0506600974326345,105.23852999783652,87.09,93.09,94.09,6.0,/content/drive/MyDrive/SKANN_SSL/data/prototype_dataset/tensors/tensor_000532.npy,/content/drive/MyDrive/SKANN_SSL/data/prototype_dataset/waveforms/clip_000532.npy
533,3,1,small_craft,4,0.0,0.6667,28.9191,115.6766,True,5965.68,1292,25.0,333.16,133.86,0.0,0.0226239212053617,0.0451406573978835,0.0504482212577661,118.36651609268408,87.09,93.09,94.06,6.0,/content/drive/MyDrive/SKANN_SSL/data/prototype_dataset/tensors/tensor_000533.npy,/content/drive/MyDrive/SKANN_SSL/data/prototype_dataset/waveforms/clip_000533.npy
534,4,1,small_craft,4,0.0,0.6667,27.9413,111.7652,True,5992.84,1229,25.0,149.23,444.24,0.0,0.0226239212053617,0.0451406573978835,0.0505297264700647,114.6896141302153,87.09,93.09,94.07,6.0,/content/drive/MyDrive/SKANN_SSL/data/prototype_dataset/tensors/tensor_000534.npy,/content/drive/MyDrive/SKANN_SSL/data/prototype_dataset/waveforms/clip_000534.npy
535,0,1,small_craft,4,0.0,1.0,19.679,78.7161,True,6039.53,1142,25.0,465.61,50.37,158.36,0.0226239212053617,0.0451406573978835,0.0504341650836791,77.1904450694001,87.09,93.09,94.05,6.0,/content/drive/MyDrive/SKANN_SSL/data/prototype_dataset/tensors/tensor_000535.npy,/content/drive/MyDrive/SKANN_SSL/data/prototype_dataset/waveforms/clip_000535.npy
536,1,1,small_craft,4,0.0,1.0,17.8254,71.3017,True,5950.8,1113,25.0,202.92,247.63,54.46,0.0226239212053617,0.0451406573978835,0.0505150801455521,82.55206249301442,87.09,93.09,94.07,6.0,/content/drive/MyDrive/SKANN_SSL/data/prototype_dataset/tensors/tensor_000536.npy,/content/drive/MyDrive/SKANN_SSL/data/prototype_dataset/waveforms/clip_000536.npy
537,2,1,small_craft,4,0.0,1.0,29.676,118.7039,True,6142.24,1758,25.0,498.58,69.45,125.1,0.0226239212053617,0.0451406573978835,0.050605619579713,69.93855740938513,87.09,93.09,94.08,6.0,/content/drive/MyDrive/SKANN_SSL/data/prototype_dataset/tensors/tensor_000537.npy,/content/drive/MyDrive/SKANN_SSL/data/prototype_dataset/waveforms/clip_000537.npy
538,3,1,small_craft,4,0.0,1.0,27.1907,108.7628,True,6092.7,1704,25.0,149.58,133.72,0.0,0.0226239212053617,0.0451406573978835,0.0506501563696249,68.63032368488024,87.09,93.09,94.09,6.0,/content/drive/MyDrive/SKANN_SSL/data/prototype_dataset/tensors/tensor_000538.npy,/content/drive/MyDrive/SKANN_SSL/data/prototype_dataset/waveforms/clip_000538.npy
539,4,1,small_craft,4,0.0,1.0,22.6335,90.5341,True,5908.31,1393,25.0,127.57,294.55,202.26,0.0226239212053617,0.0451406573978835,0.0506539815406079,56.30915215421144,87.09,93.09,94.09,6.0,/content/drive/MyDrive/SKANN_SSL/data/prototype_dataset/tensors/tensor_000539.npy,/content/drive/MyDrive/SKANN_SSL/data/prototype_dataset/waveforms/clip_000539.npy
540,0,1,small_craft,4,50.0,0.0,21.6153,86.4611,False,0.0,0,25.0,319.5,229.41,0.0,0.0226239212053617,0.0451406573978835,0.0502320545310156,145.81223358336342,87.09,93.09,94.02,6.0,/content/drive/MyDrive/SKANN_SSL/data/prototype_dataset/tensors/tensor_000540.npy,/content/drive/MyDrive/SKANN_SSL/data/prototype_dataset/waveforms/clip_000540.npy
541,1,1,small_craft,4,50.0,0.0,25.6798,102.7193,False,0.0,0,25.0,120.51,68.94,0.0,0.0226239212053617,0.0451406573978835,0.0504275923989068,146.07072114663845,87.09,93.09,94.05,6.0,/content/drive/MyDrive/SKANN_SSL/data/prototype_dataset/tensors/tensor_000541.npy,/content/drive/MyDrive/SKANN_SSL/data/prototype_dataset/waveforms/clip_000541.npy
542,2,1,small_craft,4,50.0,0.0,16.2639,65.0557,False,0.0,0,25.0,247.01,163.51,75.12,0.0226239212053617,0.0451406573978835,0.0502321635668944,145.1710066296663,87.09,93.09,94.02,6.0,/content/drive/MyDrive/SKANN_SSL/data/prototype_dataset/tensors/tensor_000542.npy,/content/drive/MyDrive/SKANN_SSL/data/prototype_dataset/waveforms/clip_000542.npy
543,3,1,small_craft,4,50.0,0.0,21.729,86.9161,False,0.0,0,25.0,436.2,121.55,166.59,0.0226239212053617,0.0451406573978835,0.0502510853179272,146.01541792351043,87.09,93.09,94.02,6.0,/content/drive/MyDrive/SKANN_SSL/data/prototype_dataset/tensors/tensor_000543.npy,/content/drive/MyDrive/SKANN_SSL/data/prototype_dataset/waveforms/clip_000543.npy
544,4,1,small_craft,4,50.0,0.0,25.4369,101.7477,False,0.0,0,25.0,120.34,123.45,380.08,0.0226239212053617,0.0451406573978835,0.0510027090121716,142.3523908162168,87.09,93.09,94.15,6.0,/content/drive/MyDrive/SKANN_SSL/data/prototype_dataset/tensors/tensor_000544.npy,/content/drive/MyDrive/SKANN_SSL/data/prototype_dataset/waveforms/clip_000544.npy
545,0,1,small_craft,4,50.0,0.3333,26.6691,106.6762,True,5879.03,620,25.0,235.68,324.74,91.02,0.0226239212053617,0.0451406573978835,0.0505248423578149,143.04622110499793,87.09,93.09,94.07,6.0,/content/drive/MyDrive/SKANN_SSL/data/prototype_dataset/tensors/tensor_000545.npy,/content/drive/MyDrive/SKANN_SSL/data/prototype_dataset/waveforms/clip_000545.npy
546,1,1,small_craft,4,50.0,0.3333,27.8537,111.4147,True,5942.86,674,25.0,228.36,79.84,164.45,0.0226239212053617,0.0451406573978835,0.050878947776321,144.08594752103713,87.09,93.09,94.13,6.0,/content/drive/MyDrive/SKANN_SSL/data/prototype_dataset/tensors/tensor_000546.npy,/content/drive/MyDrive/SKANN_SSL/data/prototype_dataset/waveforms/clip_000546.npy
547,2,1,small_craft,4,50.0,0.3333,24.5364,98.1455,True,5909.06,582,25.0,116.54,331.06,0.0,0.0226239212053617,0.0451406573978835,0.0507294854222734,141.54781706716008,87.09,93.09,94.11,6.0,/content/drive/MyDrive/SKANN_SSL/data/prototype_dataset/tensors/tensor_000547.npy,/content/drive/MyDrive/SKANN_SSL/data/prototype_dataset/waveforms/clip_000547.npy
548,3,1,small_craft,4,50.0,0.3333,25.1611,100.6444,True,5833.8,628,25.0,120.33,216.24,290.15,0.0226239212053617,0.0451406573978835,0.0501120090531401,137.89977349154157,87.09,93.09,94.0,6.0,/content/drive/MyDrive/SKANN_SSL/data/prototype_dataset/tensors/tensor_000548.npy,/content/drive/MyDrive/SKANN_SSL/data/prototype_dataset/waveforms/clip_000548.npy
549,4,1,small_craft,4,50.0,0.3333,19.6885,78.7539,True,6168.78,478,25.0,82.03,235.33,0.0,0.0226239212053617,0.0451406573978835,0.0501184419336571,143.90593696963617,87.09,93.09,94.0,6.0,/content/drive/MyDrive/SKANN_SSL/data/prototype_dataset/tensors/tensor_000549.npy,/content/drive/MyDrive/SKANN_SSL/data/prototype_dataset/waveforms/clip_000549.npy
550,0,1,small_craft,4,50.0,0.6667,28.5656,114.2626,True,6003.55,1206,25.0,138.59,451.41,0.0,0.0226239212053617,0.0451406573978835,0.0505225640304587,111.433144768912,87.09,93.09,94.07,6.0,/content/drive/MyDrive/SKANN_SSL/data/prototype_dataset/tensors/tensor_000550.npy,/content/drive/MyDrive/SKANN_SSL/data/prototype_dataset/waveforms/clip_000550.npy
551,1,1,small_craft,4,50.0,0.6667,19.2847,77.1389,True,6199.4,950,25.0,236.56,91.05,407.77,0.0226239212053617,0.0451406573978835,0.0504361445223982,123.8444053839401,87.09,93.09,94.05,6.0,/content/drive/MyDrive/SKANN_SSL/data/prototype_dataset/tensors/tensor_000551.npy,/content/drive/MyDrive/SKANN_SSL/data/prototype_dataset/waveforms/clip_000551.npy
552,2,1,small_craft,4,50.0,0.6667,22.0684,88.2736,True,6014.51,1056,25.0,194.44,56.96,212.56,0.0226239212053617,0.0451406573978835,0.0502956943559893,108.19786510687952,87.09,93.09,94.03,6.0,/content/drive/MyDrive/SKANN_SSL/data/prototype_dataset/tensors/tensor_000552.npy,/content/drive/MyDrive/SKANN_SSL/data/prototype_dataset/waveforms/clip_000552.npy
553,3,1,small_craft,4,50.0,0.6667,28.5307,114.1229,True,6084.64,1317,25.0,61.97,130.71,427.29,0.0226239212053617,0.0451406573978835,0.0504344885239678,112.70902416555994,87.09,93.09,94.05,6.0,/content/drive/MyDrive/SKANN_SSL/data/prototype_dataset/tensors/tensor_000553.npy,/content/drive/MyDrive/SKANN_SSL/data/prototype_dataset/waveforms/clip_000553.npy
554,4,1,small_craft,4,50.0,0.6667,23.8251,95.3006,True,6041.15,1032,25.0,133.47,166.3,0.0,0.0226239212053617,0.0451406573978835,0.0504447990921866,116.7340651670802,87.09,93.09,94.06,6.0,/content/drive/MyDrive/SKANN_SSL/data/prototype_dataset/tensors/tensor_000554.npy,/content/drive/MyDrive/SKANN_SSL/data/prototype_dataset/waveforms/clip_000554.npy
555,0,1,small_craft,4,50.0,1.0,29.4733,117.8932,True,6070.1,1762,25.0,434.56,74.15,234.36,0.0226239212053617,0.0451406573978835,0.0504821928530631,72.9248309759232,87.09,93.09,94.06,6.0,/content/drive/MyDrive/SKANN_SSL/data/prototype_dataset/tensors/tensor_000555.npy,/content/drive/MyDrive/SKANN_SSL/data/prototype_dataset/waveforms/clip_000555.npy
556,1,1,small_craft,4,50.0,1.0,17.6564,70.6255,True,5984.86,1052,25.0,142.66,285.77,116.18,0.0226239212053617,0.0451406573978835,0.0505710470813021,72.2846981301714,87.09,93.09,94.08,6.0,/content/drive/MyDrive/SKANN_SSL/data/prototype_dataset/tensors/tensor_000556.npy,/content/drive/MyDrive/SKANN_SSL/data/prototype_dataset/waveforms/clip_000556.npy
557,2,1,small_craft,4,50.0,1.0,26.2051,104.8205,True,6053.95,1575,25.0,243.9,136.34,0.0,0.0226239212053617,0.0451406573978835,0.0503240675051069,71.81361845510575,87.09,93.09,94.04,6.0,/content/drive/MyDrive/SKANN_SSL/data/prototype_dataset/tensors/tensor_000557.npy,/content/drive/MyDrive/SKANN_SSL/data/prototype_dataset/waveforms/clip_000557.npy
558,3,1,small_craft,4,50.0,1.0,29.6279,118.5115,True,6007.94,1804,25.0,320.33,294.31,125.57,0.0226239212053617,0.0451406573978835,0.0506631667519803,53.92965631639604,87.09,93.09,94.09,6.0,/content/drive/MyDrive/SKANN_SSL/data/prototype_dataset/tensors/tensor_000558.npy,/content/drive/MyDrive/SKANN_SSL/data/prototype_dataset/waveforms/clip_000558.npy
559,4,1,small_craft,4,50.0,1.0,21.06,84.2398,True,5938.22,1251,25.0,146.56,427.96,171.38,0.0226239212053617,0.0451406573978835,0.0506775527721996,61.453552683165306,87.09,93.09,94.1,6.0,/content/drive/MyDrive/SKANN_SSL/data/prototype_dataset/tensors/tensor_000559.npy,/content/drive/MyDrive/SKANN_SSL/data/prototype_dataset/waveforms/clip_000559.npy
560,0,1,small_craft,5,0.0,0.0,27.9643,139.8216,False,0.0,0,25.0,97.67,153.77,0.0,0.0226239212053617,0.0451406573978835,0.0502515245715856,150.62128317781583,87.09,93.09,94.02,6.0,/content/drive/MyDrive/SKANN_SSL/data/prototype_dataset/tensors/tensor_000560.npy,/content/drive/MyDrive/SKANN_SSL/data/prototype_dataset/waveforms/clip_000560.npy
561,1,1,small_craft,5,0.0,0.0,28.6672,143.3362,False,0.0,0,25.0,52.58,200.17,259.59,0.0226239212053617,0.0451406573978835,0.050553062524017,149.96032020331822,87.09,93.09,94.07,6.0,/content/drive/MyDrive/SKANN_SSL/data/prototype_dataset/tensors/tensor_000561.npy,/content/drive/MyDrive/SKANN_SSL/data/prototype_dataset/waveforms/clip_000561.npy
562,2,1,small_craft,5,0.0,0.0,15.352,76.7598,False,0.0,0,25.0,248.03,250.17,82.36,0.0226239212053617,0.0451406573978835,0.0512473867930135,149.6951313147342,87.09,93.09,94.19,6.0,/content/drive/MyDrive/SKANN_SSL/data/prototype_dataset/tensors/tensor_000562.npy,/content/drive/MyDrive/SKANN_SSL/data/prototype_dataset/waveforms/clip_000562.npy
563,3,1,small_craft,5,0.0,0.0,29.1356,145.6779,False,0.0,0,25.0,204.58,72.15,0.0,0.0226239212053617,0.0451406573978835,0.0503081795687235,149.5970759216598,87.09,93.09,94.03,6.0,/content/drive/MyDrive/SKANN_SSL/data/prototype_dataset/tensors/tensor_000563.npy,/content/drive/MyDrive/SKANN_SSL/data/prototype_dataset/waveforms/clip_000563.npy
564,4,1,small_craft,5,0.0,0.0,24.3435,121.7176,False,0.0,0,25.0,283.89,223.36,71.34,0.0226239212053617,0.0451406573978835,0.0503621311267786,149.95006319758403,87.09,93.09,94.04,6.0,/content/drive/MyDrive/SKANN_SSL/data/prototype_dataset/tensors/tensor_000564.npy,/content/drive/MyDrive/SKANN_SSL/data/prototype_dataset/waveforms/clip_000564.npy
565,0,1,small_craft,5,0.0,0.3333,19.8063,99.0317,True,5800.3,591,25.0,57.25,359.66,0.0,0.0226239212053617,0.0451406573978835,0.0506810735103029,148.49243694779418,87.09,93.09,94.1,6.0,/content/drive/MyDrive/SKANN_SSL/data/prototype_dataset/tensors/tensor_000565.npy,/content/drive/MyDrive/SKANN_SSL/data/prototype_dataset/waveforms/clip_000565.npy
566,1,1,small_craft,5,0.0,0.3333,28.5834,142.917,True,6029.11,815,25.0,363.67,111.53,0.0,0.0226239212053617,0.0451406573978835,0.0505207637709177,146.36348475112118,87.09,93.09,94.07,6.0,/content/drive/MyDrive/SKANN_SSL/data/prototype_dataset/tensors/tensor_000566.npy,/content/drive/MyDrive/SKANN_SSL/data/prototype_dataset/waveforms/clip_000566.npy
567,2,1,small_craft,5,0.0,0.3333,15.621,78.105,True,6141.88,453,25.0,130.07,120.0,497.96,0.0226239212053617,0.0451406573978835,0.0504988230385797,148.62756730644583,87.09,93.09,94.07,6.0,/content/drive/MyDrive/SKANN_SSL/data/prototype_dataset/tensors/tensor_000567.npy,/content/drive/MyDrive/SKANN_SSL/data/prototype_dataset/waveforms/clip_000567.npy
568,3,1,small_craft,5,0.0,0.3333,21.8006,109.0029,True,5898.19,682,25.0,174.33,215.19,0.0,0.0226239212053617,0.0451406573978835,0.0505253635998934,147.4181775747492,87.09,93.09,94.07,6.0,/content/drive/MyDrive/SKANN_SSL/data/prototype_dataset/tensors/tensor_000568.npy,/content/drive/MyDrive/SKANN_SSL/data/prototype_dataset/waveforms/clip_000568.npy
569,4,1,small_craft,5,0.0,0.3333,25.6559,128.2793,True,6127.93,794,25.0,133.43,87.71,0.0,0.0226239212053617,0.0451406573978835,0.0505297392233785,147.3590171631693,87.09,93.09,94.07,6.0,/content/drive/MyDrive/SKANN_SSL/data/prototype_dataset/tensors/tensor_000569.npy,/content/drive/MyDrive/SKANN_SSL/data/prototype_dataset/waveforms/clip_000569.npy
570,0,1,small_craft,5,0.0,0.6667,20.6948,103.474,True,6113.33,1127,25.0,424.41,174.9,52.42,0.0226239212053617,0.0451406573978835,0.0505573585763429,125.49270877414446,87.09,93.09,94.08,6.0,/content/drive/MyDrive/SKANN_SSL/data/prototype_dataset/tensors/tensor_000570.npy,/content/drive/MyDrive/SKANN_SSL/data/prototype_dataset/waveforms/clip_000570.npy
571,1,1,small_craft,5,0.0,0.6667,17.478,87.3902,True,6027.05,952,25.0,100.41,305.55,0.0,0.0226239212053617,0.0451406573978835,0.0504992485460671,125.29848824459349,87.09,93.09,94.07,6.0,/content/drive/MyDrive/SKANN_SSL/data/prototype_dataset/tensors/tensor_000571.npy,/content/drive/MyDrive/SKANN_SSL/data/prototype_dataset/waveforms/clip_000571.npy
572,2,1,small_craft,5,0.0,0.6667,25.649,128.245,True,6206.31,1411,25.0,362.94,139.2,0.0,0.0226239212053617,0.0451406573978835,0.0505157712555441,122.89436664856206,87.09,93.09,94.07,6.0,/content/drive/MyDrive/SKANN_SSL/data/prototype_dataset/tensors/tensor_000572.npy,/content/drive/MyDrive/SKANN_SSL/data/prototype_dataset/waveforms/clip_000572.npy
573,3,1,small_craft,5,0.0,0.6667,21.5296,107.6481,True,5992.49,1157,25.0,262.13,82.98,238.53,0.0226239212053617,0.0451406573978835,0.0504786587447144,123.30946223000733,87.09,93.09,94.06,6.0,/content/drive/MyDrive/SKANN_SSL/data/prototype_dataset/tensors/tensor_000573.npy,/content/drive/MyDrive/SKANN_SSL/data/prototype_dataset/waveforms/clip_000573.npy
574,4,1,small_craft,5,0.0,0.6667,16.8963,84.4816,True,5912.51,930,25.0,77.84,265.34,453.24,0.0226239212053617,0.0451406573978835,0.050519473079907,110.24003861164172,87.09,93.09,94.07,6.0,/content/drive/MyDrive/SKANN_SSL/data/prototype_dataset/tensors/tensor_000574.npy,/content/drive/MyDrive/SKANN_SSL/data/prototype_dataset/waveforms/clip_000574.npy
575,0,1,small_craft,5,0.0,1.0,27.5759,137.8793,True,6001.92,2063,25.0,267.29,139.89,0.0,0.0226239212053617,0.0451406573978835,0.0506492296650248,56.9172127674004,87.09,93.09,94.09,6.0,/content/drive/MyDrive/SKANN_SSL/data/prototype_dataset/tensors/tensor_000575.npy,/content/drive/MyDrive/SKANN_SSL/data/prototype_dataset/waveforms/clip_000575.npy
576,1,1,small_craft,5,0.0,1.0,25.1218,125.609,True,6044.84,1907,25.0,183.55,137.16,0.0,0.0226239212053617,0.0451406573978835,0.0503228048262222,66.53438002916756,87.09,93.09,94.04,6.0,/content/drive/MyDrive/SKANN_SSL/data/prototype_dataset/tensors/tensor_000576.npy,/content/drive/MyDrive/SKANN_SSL/data/prototype_dataset/waveforms/clip_000576.npy
577,2,1,small_craft,5,0.0,1.0,21.5721,107.8605,True,6082.29,1644,25.0,315.92,56.85,0.0,0.0226239212053617,0.0451406573978835,0.0505223253476305,60.110861075908616,87.09,93.09,94.07,6.0,/content/drive/MyDrive/SKANN_SSL/data/prototype_dataset/tensors/tensor_000577.npy,/content/drive/MyDrive/SKANN_SSL/data/prototype_dataset/waveforms/clip_000577.npy
578,3,1,small_craft,5,0.0,1.0,21.9021,109.5105,True,6072.18,1664,25.0,107.36,344.52,0.0,0.0226239212053617,0.0451406573978835,0.0506470279224788,60.517655754717126,87.09,93.09,94.09,6.0,/content/drive/MyDrive/SKANN_SSL/data/prototype_dataset/tensors/tensor_000578.npy,/content/drive/MyDrive/SKANN_SSL/data/prototype_dataset/waveforms/clip_000578.npy
579,4,1,small_craft,5,0.0,1.0,15.7809,78.9044,True,6074.77,1222,25.0,318.91,140.86,0.0,0.0226239212053617,0.0451406573978835,0.0503842461781585,71.7388104527676,87.09,93.09,94.05,6.0,/content/drive/MyDrive/SKANN_SSL/data/prototype_dataset/tensors/tensor_000579.npy,/content/drive/MyDrive/SKANN_SSL/data/prototype_dataset/waveforms/clip_000579.npy
580,0,1,small_craft,5,50.0,0.0,17.5415,87.7075,False,0.0,0,25.0,437.4,66.37,0.0,0.0226239212053617,0.0451406573978835,0.0509669978913984,146.65395141507713,87.09,93.09,94.15,6.0,/content/drive/MyDrive/SKANN_SSL/data/prototype_dataset/tensors/tensor_000580.npy,/content/drive/MyDrive/SKANN_SSL/data/prototype_dataset/waveforms/clip_000580.npy
581,1,1,small_craft,5,50.0,0.0,15.9958,79.979,False,0.0,0,25.0,374.97,111.41,104.35,0.0226239212053617,0.0451406573978835,0.0509779778330501,146.64795724803326,87.09,93.09,94.15,6.0,/content/drive/MyDrive/SKANN_SSL/data/prototype_dataset/tensors/tensor_000581.npy,/content/drive/MyDrive/SKANN_SSL/data/prototype_dataset/waveforms/clip_000581.npy
582,2,1,small_craft,5,50.0,0.0,21.5107,107.5537,False,0.0,0,25.0,468.77,263.9,103.1,0.0226239212053617,0.0451406573978835,0.0505974164669277,146.26490033675523,87.09,93.09,94.08,6.0,/content/drive/MyDrive/SKANN_SSL/data/prototype_dataset/tensors/tensor_000582.npy,/content/drive/MyDrive/SKANN_SSL/data/prototype_dataset/waveforms/clip_000582.npy
583,3,1,small_craft,5,50.0,0.0,28.8787,144.3935,False,0.0,0,25.0,273.26,54.83,375.23,0.0226239212053617,0.0451406573978835,0.0508521418409085,146.75328804623206,87.09,93.09,94.13,6.0,/content/drive/MyDrive/SKANN_SSL/data/prototype_dataset/tensors/tensor_000583.npy,/content/drive/MyDrive/SKANN_SSL/data/prototype_dataset/waveforms/clip_000583.npy
584,4,1,small_craft,5,50.0,0.0,24.232,121.1602,False,0.0,0,25.0,200.67,58.9,0.0,0.0226239212053617,0.0451406573978835,0.0506357536880118,146.9251310329811,87.09,93.09,94.09,6.0,/content/drive/MyDrive/SKANN_SSL/data/prototype_dataset/tensors/tensor_000584.npy,/content/drive/MyDrive/SKANN_SSL/data/prototype_dataset/waveforms/clip_000584.npy
585,0,1,small_craft,5,50.0,0.3333,23.5127,117.5633,True,6002.23,751,25.0,191.4,113.64,0.0,0.0226239212053617,0.0451406573978835,0.0505444289728197,144.76459578328345,87.09,93.09,94.07,6.0,/content/drive/MyDrive/SKANN_SSL/data/prototype_dataset/tensors/tensor_000585.npy,/content/drive/MyDrive/SKANN_SSL/data/prototype_dataset/waveforms/clip_000585.npy
586,1,1,small_craft,5,50.0,0.3333,19.1977,95.9887,True,5890.7,597,25.0,120.48,117.16,0.0,0.0226239212053617,0.0451406573978835,0.0506786198087855,145.15951565660464,87.09,93.09,94.1,6.0,/content/drive/MyDrive/SKANN_SSL/data/prototype_dataset/tensors/tensor_000586.npy,/content/drive/MyDrive/SKANN_SSL/data/prototype_dataset/waveforms/clip_000586.npy
587,2,1,small_craft,5,50.0,0.3333,21.9596,109.7982,True,6056.24,633,25.0,451.45,176.5,115.49,0.0226239212053617,0.0451406573978835,0.0505242935439741,144.6545258530464,87.09,93.09,94.07,6.0,/content/drive/MyDrive/SKANN_SSL/data/prototype_dataset/tensors/tensor_000587.npy,/content/drive/MyDrive/SKANN_SSL/data/prototype_dataset/waveforms/clip_000587.npy
588,3,1,small_craft,5,50.0,0.3333,17.9181,89.5904,True,6146.31,527,25.0,282.27,133.21,415.32,0.0226239212053617,0.0451406573978835,0.0503024263274161,146.9064569607284,87.09,93.09,94.03,6.0,/content/drive/MyDrive/SKANN_SSL/data/prototype_dataset/tensors/tensor_000588.npy,/content/drive/MyDrive/SKANN_SSL/data/prototype_dataset/waveforms/clip_000588.npy
589,4,1,small_craft,5,50.0,0.3333,28.8571,144.2854,True,5890.94,879,25.0,237.67,67.7,0.0,0.0226239212053617,0.0451406573978835,0.0505669785945765,142.96272608516196,87.09,93.09,94.08,6.0,/content/drive/MyDrive/SKANN_SSL/data/prototype_dataset/tensors/tensor_000589.npy,/content/drive/MyDrive/SKANN_SSL/data/prototype_dataset/waveforms/clip_000589.npy
590,0,1,small_craft,5,50.0,0.6667,29.7774,148.887,True,5978.47,1576,25.0,76.48,299.19,359.04,0.0226239212053617,0.0451406573978835,0.0506407872244308,120.75432772827608,87.09,93.09,94.09,6.0,/content/drive/MyDrive/SKANN_SSL/data/prototype_dataset/tensors/tensor_000590.npy,/content/drive/MyDrive/SKANN_SSL/data/prototype_dataset/waveforms/clip_000590.npy
591,1,1,small_craft,5,50.0,0.6667,16.1707,80.8536,True,5891.23,879,25.0,148.66,398.14,128.25,0.0226239212053617,0.0451406573978835,0.0507427658855469,111.51910781448166,87.09,93.09,94.11,6.0,/content/drive/MyDrive/SKANN_SSL/data/prototype_dataset/tensors/tensor_000591.npy,/content/drive/MyDrive/SKANN_SSL/data/prototype_dataset/waveforms/clip_000591.npy
592,2,1,small_craft,5,50.0,0.6667,29.0586,145.2928,True,6153.21,1603,25.0,105.37,270.74,0.0,0.0226239212053617,0.0451406573978835,0.0504300824209826,98.0628745749787,87.09,93.09,94.05,6.0,/content/drive/MyDrive/SKANN_SSL/data/prototype_dataset/tensors/tensor_000592.npy,/content/drive/MyDrive/SKANN_SSL/data/prototype_dataset/waveforms/clip_000592.npy
593,3,1,small_craft,5,50.0,0.6667,29.8121,149.0603,True,6000.24,1621,25.0,246.55,241.14,0.0,0.0226239212053617,0.0451406573978835,0.0506878326707355,99.83611886276624,87.09,93.09,94.1,6.0,/content/drive/MyDrive/SKANN_SSL/data/prototype_dataset/tensors/tensor_000593.npy,/content/drive/MyDrive/SKANN_SSL/data/prototype_dataset/waveforms/clip_000593.npy
594,4,1,small_craft,5,50.0,0.6667,19.6807,98.4037,True,6107.64,1053,25.0,209.08,122.36,0.0,0.0226239212053617,0.0451406573978835,0.0505891870314834,113.79572324738068,87.09,93.09,94.08,6.0,/content/drive/MyDrive/SKANN_SSL/data/prototype_dataset/tensors/tensor_000594.npy,/content/drive/MyDrive/SKANN_SSL/data/prototype_dataset/waveforms/clip_000594.npy
595,0,1,small_craft,5,50.0,1.0,16.0853,80.4263,True,6020.11,1325,25.0,268.64,64.01,0.0,0.0226239212053617,0.0451406573978835,0.0505961561989035,65.16818729030881,87.09,93.09,94.08,6.0,/content/drive/MyDrive/SKANN_SSL/data/prototype_dataset/tensors/tensor_000595.npy,/content/drive/MyDrive/SKANN_SSL/data/prototype_dataset/waveforms/clip_000595.npy
596,1,1,small_craft,5,50.0,1.0,16.0477,80.2385,True,6086.06,1181,25.0,143.13,458.59,0.0,0.0226239212053617,0.0451406573978835,0.0505206543126861,80.69508036885117,87.09,93.09,94.07,6.0,/content/drive/MyDrive/SKANN_SSL/data/prototype_dataset/tensors/tensor_000596.npy,/content/drive/MyDrive/SKANN_SSL/data/prototype_dataset/waveforms/clip_000596.npy
597,2,1,small_craft,5,50.0,1.0,21.4364,107.1822,True,6064.53,1586,25.0,122.31,242.04,415.79,0.0226239212053617,0.0451406573978835,0.0504568659661295,55.7846824743288,87.09,93.09,94.06,6.0,/content/drive/MyDrive/SKANN_SSL/data/prototype_dataset/tensors/tensor_000597.npy,/content/drive/MyDrive/SKANN_SSL/data/prototype_dataset/waveforms/clip_000597.npy
598,3,1,small_craft,5,50.0,1.0,22.2137,111.0685,True,6056.64,1643,25.0,400.74,106.85,82.58,0.0226239212053617,0.0451406573978835,0.0504313329843012,58.60414837652872,87.09,93.09,94.05,6.0,/content/drive/MyDrive/SKANN_SSL/data/prototype_dataset/tensors/tensor_000598.npy,/content/drive/MyDrive/SKANN_SSL/data/prototype_dataset/waveforms/clip_000598.npy
599,4,1,small_craft,5,50.0,1.0,25.7973,128.9863,True,6005.44,1896,25.0,90.71,292.29,472.24,0.0226239212053617,0.0451406573978835,0.0502642486930472,70.50159054077463,87.09,93.09,94.03,6.0,/content/drive/MyDrive/SKANN_SSL/data/prototype_dataset/tensors/tensor_000599.npy,/content/drive/MyDrive/SKANN_SSL/data/prototype_dataset/waveforms/clip_000599.npy
600,0,1,fishing_vessel,3,0.0,0.0,6.8663,20.5988,False,0.0,0,25.0,95.87,400.37,0.0,0.0226239212053617,0.0451406573978835,0.0507255401851242,141.48144927642392,87.09,93.09,94.1,6.0,/content/drive/MyDrive/SKANN_SSL/data/prototype_dataset/tensors/tensor_000600.npy,/content/drive/MyDrive/SKANN_SSL/data/prototype_dataset/waveforms/clip_000600.npy
601,1,1,fishing_vessel,3,0.0,0.0,7.4742,22.4226,False,0.0,0,25.0,477.46,124.17,0.0,0.0226239212053617,0.0451406573978835,0.0502270178758987,141.44596687183926,87.09,93.09,94.02,6.0,/content/drive/MyDrive/SKANN_SSL/data/prototype_dataset/tensors/tensor_000601.npy,/content/drive/MyDrive/SKANN_SSL/data/prototype_dataset/waveforms/clip_000601.npy
602,2,1,fishing_vessel,3,0.0,0.0,4.8586,14.5758,False,0.0,0,25.0,95.81,294.38,0.0,0.0226239212053617,0.0451406573978835,0.0507605787874185,144.93943056380826,87.09,93.09,94.11,6.0,/content/drive/MyDrive/SKANN_SSL/data/prototype_dataset/tensors/tensor_000602.npy,/content/drive/MyDrive/SKANN_SSL/data/prototype_dataset/waveforms/clip_000602.npy
603,3,1,fishing_vessel,3,0.0,0.0,4.208,12.624,False,0.0,0,25.0,299.93,107.57,223.78,0.0226239212053617,0.0451406573978835,0.0503492095794733,143.68584684517933,87.09,93.09,94.04,6.0,/content/drive/MyDrive/SKANN_SSL/data/prototype_dataset/tensors/tensor_000603.npy,/content/drive/MyDrive/SKANN_SSL/data/prototype_dataset/waveforms/clip_000603.npy
604,4,1,fishing_vessel,3,0.0,0.0,4.842,14.5261,False,0.0,0,25.0,131.06,286.25,363.87,0.0226239212053617,0.0451406573978835,0.0504497011182846,144.57935432125646,87.09,93.09,94.06,6.0,/content/drive/MyDrive/SKANN_SSL/data/prototype_dataset/tensors/tensor_000604.npy,/content/drive/MyDrive/SKANN_SSL/data/prototype_dataset/waveforms/clip_000604.npy
605,0,1,fishing_vessel,3,0.0,0.3333,7.5164,22.5491,True,1841.66,132,25.0,112.81,142.34,204.21,0.0226239212053617,0.0451406573978835,0.0507023471766357,139.9975542717137,87.09,93.09,94.1,6.0,/content/drive/MyDrive/SKANN_SSL/data/prototype_dataset/tensors/tensor_000605.npy,/content/drive/MyDrive/SKANN_SSL/data/prototype_dataset/waveforms/clip_000605.npy
606,1,1,fishing_vessel,3,0.0,0.3333,7.7157,23.1472,True,1790.98,150,25.0,369.2,264.55,92.03,0.0226239212053617,0.0451406573978835,0.050228028201241,140.93055570517618,87.09,93.09,94.02,6.0,/content/drive/MyDrive/SKANN_SSL/data/prototype_dataset/tensors/tensor_000606.npy,/content/drive/MyDrive/SKANN_SSL/data/prototype_dataset/waveforms/clip_000606.npy
607,2,1,fishing_vessel,3,0.0,0.3333,7.8765,23.6295,True,1928.66,139,25.0,443.78,197.98,0.0,0.0226239212053617,0.0451406573978835,0.0503980527820105,141.6846752667485,87.09,93.09,94.05,6.0,/content/drive/MyDrive/SKANN_SSL/data/prototype_dataset/tensors/tensor_000607.npy,/content/drive/MyDrive/SKANN_SSL/data/prototype_dataset/waveforms/clip_000607.npy
608,3,1,fishing_vessel,3,0.0,0.3333,7.113,21.3389,True,1818.84,141,25.0,245.12,135.32,117.83,0.0226239212053617,0.0451406573978835,0.0504960668654072,140.66670764042877,87.09,93.09,94.07,6.0,/content/drive/MyDrive/SKANN_SSL/data/prototype_dataset/tensors/tensor_000608.npy,/content/drive/MyDrive/SKANN_SSL/data/prototype_dataset/waveforms/clip_000608.npy
609,4,1,fishing_vessel,3,0.0,0.3333,5.1178,15.3534,True,1883.2,94,25.0,494.91,50.97,292.23,0.0226239212053617,0.0451406573978835,0.0501239828311865,140.71116548079033,87.09,93.09,94.0,6.0,/content/drive/MyDrive/SKANN_SSL/data/prototype_dataset/tensors/tensor_000609.npy,/content/drive/MyDrive/SKANN_SSL/data/prototype_dataset/waveforms/clip_000609.npy
610,0,1,fishing_vessel,3,0.0,0.6667,7.8295,23.4885,True,1833.57,261,25.0,361.26,172.14,64.11,0.0226239212053617,0.0451406573978835,0.0505662797391834,125.04997220054004,87.09,93.09,94.08,6.0,/content/drive/MyDrive/SKANN_SSL/data/prototype_dataset/tensors/tensor_000610.npy,/content/drive/MyDrive/SKANN_SSL/data/prototype_dataset/waveforms/clip_000610.npy
611,1,1,fishing_vessel,3,0.0,0.6667,6.1398,18.4195,True,1856.52,181,25.0,295.49,134.43,316.05,0.0226239212053617,0.0451406573978835,0.0506790421953838,132.7819939424391,87.09,93.09,94.1,6.0,/content/drive/MyDrive/SKANN_SSL/data/prototype_dataset/tensors/tensor_000611.npy,/content/drive/MyDrive/SKANN_SSL/data/prototype_dataset/waveforms/clip_000611.npy
612,2,1,fishing_vessel,3,0.0,0.6667,6.2335,18.7005,True,1825.85,177,25.0,113.37,218.81,467.21,0.0226239212053617,0.0451406573978835,0.0501746277455407,135.08785970443407,87.09,93.09,94.01,6.0,/content/drive/MyDrive/SKANN_SSL/data/prototype_dataset/tensors/tensor_000612.npy,/content/drive/MyDrive/SKANN_SSL/data/prototype_dataset/waveforms/clip_000612.npy
613,3,1,fishing_vessel,3,0.0,0.6667,7.6502,22.9505,True,1832.06,255,25.0,71.95,228.82,209.49,0.0226239212053617,0.0451406573978835,0.0503611196755299,134.54876685104475,87.09,93.09,94.04,6.0,/content/drive/MyDrive/SKANN_SSL/data/prototype_dataset/tensors/tensor_000613.npy,/content/drive/MyDrive/SKANN_SSL/data/prototype_dataset/waveforms/clip_000613.npy
614,4,1,fishing_vessel,3,0.0,0.6667,7.4649,22.3947,True,1815.91,234,25.0,74.95,316.34,133.66,0.0226239212053617,0.0451406573978835,0.0505484946307669,129.79420558409993,87.09,93.09,94.07,6.0,/content/drive/MyDrive/SKANN_SSL/data/prototype_dataset/tensors/tensor_000614.npy,/content/drive/MyDrive/SKANN_SSL/data/prototype_dataset/waveforms/clip_000614.npy
615,0,1,fishing_vessel,3,0.0,1.0,6.2082,18.6245,True,1674.73,280,25.0,378.93,214.93,0.0,0.0226239212053617,0.0451406573978835,0.0500016137755736,99.88474684878638,87.09,93.09,93.98,6.0,/content/drive/MyDrive/SKANN_SSL/data/prototype_dataset/tensors/tensor_000615.npy,/content/drive/MyDrive/SKANN_SSL/data/prototype_dataset/waveforms/clip_000615.npy
616,1,1,fishing_vessel,3,0.0,1.0,7.1285,21.3854,True,1774.35,324,25.0,246.31,87.38,263.25,0.0226239212053617,0.0451406573978835,0.0503124507853619,90.02360084190241,87.09,93.09,94.03,6.0,/content/drive/MyDrive/SKANN_SSL/data/prototype_dataset/tensors/tensor_000616.npy,/content/drive/MyDrive/SKANN_SSL/data/prototype_dataset/waveforms/clip_000616.npy
617,2,1,fishing_vessel,3,0.0,1.0,4.6288,13.8864,True,1741.76,220,25.0,233.18,146.6,0.0,0.0226239212053617,0.0451406573978835,0.0501748367799173,83.825567558773,87.09,93.09,94.01,6.0,/content/drive/MyDrive/SKANN_SSL/data/prototype_dataset/tensors/tensor_000617.npy,/content/drive/MyDrive/SKANN_SSL/data/prototype_dataset/waveforms/clip_000617.npy
618,3,1,fishing_vessel,3,0.0,1.0,6.1614,18.4842,True,1813.02,258,25.0,220.93,188.51,0.0,0.0226239212053617,0.0451406573978835,0.0504211058192967,113.63959196866664,87.09,93.09,94.05,6.0,/content/drive/MyDrive/SKANN_SSL/data/prototype_dataset/tensors/tensor_000618.npy,/content/drive/MyDrive/SKANN_SSL/data/prototype_dataset/waveforms/clip_000618.npy
619,4,1,fishing_vessel,3,0.0,1.0,4.1127,12.3382,True,1775.85,178,25.0,384.34,144.1,113.71,0.0226239212053617,0.0451406573978835,0.0508786649181424,116.09725628001397,87.09,93.09,94.13,6.0,/content/drive/MyDrive/SKANN_SSL/data/prototype_dataset/tensors/tensor_000619.npy,/content/drive/MyDrive/SKANN_SSL/data/prototype_dataset/waveforms/clip_000619.npy
620,0,1,fishing_vessel,3,50.0,0.0,5.5707,16.7122,False,0.0,0,25.0,66.46,364.21,0.0,0.0226239212053617,0.0451406573978835,0.0505791371301594,137.1475854668428,87.09,93.09,94.08,6.0,/content/drive/MyDrive/SKANN_SSL/data/prototype_dataset/tensors/tensor_000620.npy,/content/drive/MyDrive/SKANN_SSL/data/prototype_dataset/waveforms/clip_000620.npy
621,1,1,fishing_vessel,3,50.0,0.0,6.6635,19.9904,False,0.0,0,25.0,315.43,278.45,95.39,0.0226239212053617,0.0451406573978835,0.0507045651027467,139.13912349237296,87.09,93.09,94.1,6.0,/content/drive/MyDrive/SKANN_SSL/data/prototype_dataset/tensors/tensor_000621.npy,/content/drive/MyDrive/SKANN_SSL/data/prototype_dataset/waveforms/clip_000621.npy
622,2,1,fishing_vessel,3,50.0,0.0,4.0676,12.2027,False,0.0,0,25.0,292.79,95.11,0.0,0.0226239212053617,0.0451406573978835,0.0504702109047615,142.35023703157174,87.09,93.09,94.06,6.0,/content/drive/MyDrive/SKANN_SSL/data/prototype_dataset/tensors/tensor_000622.npy,/content/drive/MyDrive/SKANN_SSL/data/prototype_dataset/waveforms/clip_000622.npy
623,3,1,fishing_vessel,3,50.0,0.0,7.2839,21.8516,False,0.0,0,25.0,148.77,148.16,309.08,0.0226239212053617,0.0451406573978835,0.0508217220285024,138.6237640727864,87.09,93.09,94.12,6.0,/content/drive/MyDrive/SKANN_SSL/data/prototype_dataset/tensors/tensor_000623.npy,/content/drive/MyDrive/SKANN_SSL/data/prototype_dataset/waveforms/clip_000623.npy
624,4,1,fishing_vessel,3,50.0,0.0,5.165,15.4949,False,0.0,0,25.0,250.18,143.15,0.0,0.0226239212053617,0.0451406573978835,0.050701226219461,139.33107259851806,87.09,93.09,94.1,6.0,/content/drive/MyDrive/SKANN_SSL/data/prototype_dataset/tensors/tensor_000624.npy,/content/drive/MyDrive/SKANN_SSL/data/prototype_dataset/waveforms/clip_000624.npy
625,0,1,fishing_vessel,3,50.0,0.3333,6.7934,20.3801,True,1770.12,130,25.0,251.48,211.86,91.71,0.0226239212053617,0.0451406573978835,0.0504763075275999,138.58078287094233,87.09,93.09,94.06,6.0,/content/drive/MyDrive/SKANN_SSL/data/prototype_dataset/tensors/tensor_000625.npy,/content/drive/MyDrive/SKANN_SSL/data/prototype_dataset/waveforms/clip_000625.npy
626,1,1,fishing_vessel,3,50.0,0.3333,4.606,13.8179,True,1780.84,83,25.0,237.06,494.92,97.92,0.0226239212053617,0.0451406573978835,0.0506634522199662,141.68220877079884,87.09,93.09,94.09,6.0,/content/drive/MyDrive/SKANN_SSL/data/prototype_dataset/tensors/tensor_000626.npy,/content/drive/MyDrive/SKANN_SSL/data/prototype_dataset/waveforms/clip_000626.npy
627,2,1,fishing_vessel,3,50.0,0.3333,6.838,20.5141,True,1955.94,111,25.0,462.4,211.87,0.0,0.0226239212053617,0.0451406573978835,0.0503032123851503,138.468303336676,87.09,93.09,94.03,6.0,/content/drive/MyDrive/SKANN_SSL/data/prototype_dataset/tensors/tensor_000627.npy,/content/drive/MyDrive/SKANN_SSL/data/prototype_dataset/waveforms/clip_000627.npy
628,3,1,fishing_vessel,3,50.0,0.3333,6.4488,19.3463,True,1825.98,120,25.0,354.31,131.03,0.0,0.0226239212053617,0.0451406573978835,0.050941449372137,138.6375274509252,87.09,93.09,94.14,6.0,/content/drive/MyDrive/SKANN_SSL/data/prototype_dataset/tensors/tensor_000628.npy,/content/drive/MyDrive/SKANN_SSL/data/prototype_dataset/waveforms/clip_000628.npy
629,4,1,fishing_vessel,3,50.0,0.3333,5.2951,15.8854,True,1832.42,81,25.0,222.08,53.68,0.0,0.0226239212053617,0.0451406573978835,0.0504334280772542,138.80597344846163,87.09,93.09,94.05,6.0,/content/drive/MyDrive/SKANN_SSL/data/prototype_dataset/tensors/tensor_000629.npy,/content/drive/MyDrive/SKANN_SSL/data/prototype_dataset/waveforms/clip_000629.npy
630,0,1,fishing_vessel,3,50.0,0.6667,4.0335,12.1006,True,1786.22,124,25.0,235.33,147.44,419.56,0.0226239212053617,0.0451406573978835,0.050344770932203,138.3104314100208,87.09,93.09,94.04,6.0,/content/drive/MyDrive/SKANN_SSL/data/prototype_dataset/tensors/tensor_000630.npy,/content/drive/MyDrive/SKANN_SSL/data/prototype_dataset/waveforms/clip_000630.npy
631,1,1,fishing_vessel,3,50.0,0.6667,4.8207,14.4621,True,1891.15,155,25.0,299.33,141.99,344.51,0.0226239212053617,0.0451406573978835,0.0505989650863795,140.24722200118262,87.09,93.09,94.08,6.0,/content/drive/MyDrive/SKANN_SSL/data/prototype_dataset/tensors/tensor_000631.npy,/content/drive/MyDrive/SKANN_SSL/data/prototype_dataset/waveforms/clip_000631.npy
632,2,1,fishing_vessel,3,50.0,0.6667,7.0517,21.1552,True,1847.32,249,25.0,252.69,103.21,243.53,0.0226239212053617,0.0451406573978835,0.0503464042227638,130.89236678189724,87.09,93.09,94.04,6.0,/content/drive/MyDrive/SKANN_SSL/data/prototype_dataset/tensors/tensor_000632.npy,/content/drive/MyDrive/SKANN_SSL/data/prototype_dataset/waveforms/clip_000632.npy
633,3,1,fishing_vessel,3,50.0,0.6667,6.3224,18.9672,True,1825.26,193,25.0,208.78,141.57,0.0,0.0226239212053617,0.0451406573978835,0.050652702664721,125.9588717502727,87.09,93.09,94.09,6.0,/content/drive/MyDrive/SKANN_SSL/data/prototype_dataset/tensors/tensor_000633.npy,/content/drive/MyDrive/SKANN_SSL/data/prototype_dataset/waveforms/clip_000633.npy
634,4,1,fishing_vessel,3,50.0,0.6667,7.1852,21.5555,True,1850.82,223,25.0,269.56,180.41,0.0,0.0226239212053617,0.0451406573978835,0.0506607636024647,132.9523068319934,87.09,93.09,94.09,6.0,/content/drive/MyDrive/SKANN_SSL/data/prototype_dataset/tensors/tensor_000634.npy,/content/drive/MyDrive/SKANN_SSL/data/prototype_dataset/waveforms/clip_000634.npy
635,0,1,fishing_vessel,3,50.0,1.0,5.4355,16.3064,True,1883.09,225,25.0,366.7,243.45,122.24,0.0226239212053617,0.0451406573978835,0.0501587207185054,100.68992157614512,87.09,93.09,94.01,6.0,/content/drive/MyDrive/SKANN_SSL/data/prototype_dataset/tensors/tensor_000635.npy,/content/drive/MyDrive/SKANN_SSL/data/prototype_dataset/waveforms/clip_000635.npy
636,1,1,fishing_vessel,3,50.0,1.0,5.4792,16.4375,True,1854.85,257,25.0,184.07,352.41,0.0,0.0226239212053617,0.0451406573978835,0.0504256862784846,95.49180103132072,87.09,93.09,94.05,6.0,/content/drive/MyDrive/SKANN_SSL/data/prototype_dataset/tensors/tensor_000636.npy,/content/drive/MyDrive/SKANN_SSL/data/prototype_dataset/waveforms/clip_000636.npy
637,2,1,fishing_vessel,3,50.0,1.0,6.7493,20.248,True,1794.5,292,25.0,353.37,264.81,62.2,0.0226239212053617,0.0451406573978835,0.0504140483204849,101.74926107087852,87.09,93.09,94.05,6.0,/content/drive/MyDrive/SKANN_SSL/data/prototype_dataset/tensors/tensor_000637.npy,/content/drive/MyDrive/SKANN_SSL/data/prototype_dataset/waveforms/clip_000637.npy
638,3,1,fishing_vessel,3,50.0,1.0,5.3796,16.1387,True,1835.72,233,25.0,128.56,128.16,492.95,0.0226239212053617,0.0451406573978835,0.0506398082578385,99.0345901615315,87.09,93.09,94.09,6.0,/content/drive/MyDrive/SKANN_SSL/data/prototype_dataset/tensors/tensor_000638.npy,/content/drive/MyDrive/SKANN_SSL/data/prototype_dataset/waveforms/clip_000638.npy
639,4,1,fishing_vessel,3,50.0,1.0,6.3463,19.0388,True,1791.63,313,25.0,269.51,143.62,0.0,0.0226239212053617,0.0451406573978835,0.0506098964050931,96.74786923595298,87.09,93.09,94.08,6.0,/content/drive/MyDrive/SKANN_SSL/data/prototype_dataset/tensors/tensor_000639.npy,/content/drive/MyDrive/SKANN_SSL/data/prototype_dataset/waveforms/clip_000639.npy
640,0,1,fishing_vessel,4,0.0,0.0,6.2839,25.1355,False,0.0,0,25.0,54.29,376.08,0.0,0.0226239212053617,0.0451406573978835,0.0507893935916206,139.39298212249122,87.09,93.09,94.12,6.0,/content/drive/MyDrive/SKANN_SSL/data/prototype_dataset/tensors/tensor_000640.npy,/content/drive/MyDrive/SKANN_SSL/data/prototype_dataset/waveforms/clip_000640.npy
641,1,1,fishing_vessel,4,0.0,0.0,5.0067,20.0269,False,0.0,0,25.0,132.07,298.14,0.0,0.0226239212053617,0.0451406573978835,0.0504259483978714,142.888191237444,87.09,93.09,94.05,6.0,/content/drive/MyDrive/SKANN_SSL/data/prototype_dataset/tensors/tensor_000641.npy,/content/drive/MyDrive/SKANN_SSL/data/prototype_dataset/waveforms/clip_000641.npy
642,2,1,fishing_vessel,4,0.0,0.0,4.2857,17.1428,False,0.0,0,25.0,260.48,63.32,0.0,0.0226239212053617,0.0451406573978835,0.0502969170412644,147.21887661116537,87.09,93.09,94.03,6.0,/content/drive/MyDrive/SKANN_SSL/data/prototype_dataset/tensors/tensor_000642.npy,/content/drive/MyDrive/SKANN_SSL/data/prototype_dataset/waveforms/clip_000642.npy
643,3,1,fishing_vessel,4,0.0,0.0,5.1835,20.7339,False,0.0,0,25.0,224.18,467.13,77.4,0.0226239212053617,0.0451406573978835,0.0506362371512994,143.5942483023811,87.09,93.09,94.09,6.0,/content/drive/MyDrive/SKANN_SSL/data/prototype_dataset/tensors/tensor_000643.npy,/content/drive/MyDrive/SKANN_SSL/data/prototype_dataset/waveforms/clip_000643.npy
644,4,1,fishing_vessel,4,0.0,0.0,5.2408,20.9632,False,0.0,0,25.0,196.43,67.07,0.0,0.0226239212053617,0.0451406573978835,0.0501775640214378,143.12754965340366,87.09,93.09,94.01,6.0,/content/drive/MyDrive/SKANN_SSL/data/prototype_dataset/tensors/tensor_000644.npy,/content/drive/MyDrive/SKANN_SSL/data/prototype_dataset/waveforms/clip_000644.npy
645,0,1,fishing_vessel,4,0.0,0.3333,7.9743,31.8973,True,1865.24,179,25.0,410.68,246.77,126.42,0.0226239212053617,0.0451406573978835,0.0503399917395096,142.82199256405764,87.09,93.09,94.04,6.0,/content/drive/MyDrive/SKANN_SSL/data/prototype_dataset/tensors/tensor_000645.npy,/content/drive/MyDrive/SKANN_SSL/data/prototype_dataset/waveforms/clip_000645.npy
646,1,1,fishing_vessel,4,0.0,0.3333,5.2265,20.9059,True,1776.0,144,25.0,463.77,206.41,74.64,0.0226239212053617,0.0451406573978835,0.0502897847809217,142.56942006181472,87.09,93.09,94.03,6.0,/content/drive/MyDrive/SKANN_SSL/data/prototype_dataset/tensors/tensor_000646.npy,/content/drive/MyDrive/SKANN_SSL/data/prototype_dataset/waveforms/clip_000646.npy
647,2,1,fishing_vessel,4,0.0,0.3333,7.9996,31.9983,True,1855.74,168,25.0,417.38,142.35,193.39,0.0226239212053617,0.0451406573978835,0.05047124176046,143.03979131063772,87.09,93.09,94.06,6.0,/content/drive/MyDrive/SKANN_SSL/data/prototype_dataset/tensors/tensor_000647.npy,/content/drive/MyDrive/SKANN_SSL/data/prototype_dataset/waveforms/clip_000647.npy
648,3,1,fishing_vessel,4,0.0,0.3333,7.2732,29.0927,True,1913.36,173,25.0,108.0,107.88,218.75,0.0226239212053617,0.0451406573978835,0.0504289018817627,142.14086930613993,87.09,93.09,94.05,6.0,/content/drive/MyDrive/SKANN_SSL/data/prototype_dataset/tensors/tensor_000648.npy,/content/drive/MyDrive/SKANN_SSL/data/prototype_dataset/waveforms/clip_000648.npy
649,4,1,fishing_vessel,4,0.0,0.3333,7.3703,29.4812,True,1697.66,159,25.0,169.0,324.41,0.0,0.0226239212053617,0.0451406573978835,0.0505002231233833,142.26577169927054,87.09,93.09,94.07,6.0,/content/drive/MyDrive/SKANN_SSL/data/prototype_dataset/tensors/tensor_000649.npy,/content/drive/MyDrive/SKANN_SSL/data/prototype_dataset/waveforms/clip_000649.npy
650,0,1,fishing_vessel,4,0.0,0.6667,6.1113,24.4452,True,1767.67,289,25.0,147.57,495.11,265.05,0.0226239212053617,0.0451406573978835,0.0507412204209607,133.72254315675164,87.09,93.09,94.11,6.0,/content/drive/MyDrive/SKANN_SSL/data/prototype_dataset/tensors/tensor_000650.npy,/content/drive/MyDrive/SKANN_SSL/data/prototype_dataset/waveforms/clip_000650.npy
651,1,1,fishing_vessel,4,0.0,0.6667,5.2301,20.9204,True,1844.86,234,25.0,215.68,55.45,326.13,0.0226239212053617,0.0451406573978835,0.0500139440195364,135.4878232090519,87.09,93.09,93.98,6.0,/content/drive/MyDrive/SKANN_SSL/data/prototype_dataset/tensors/tensor_000651.npy,/content/drive/MyDrive/SKANN_SSL/data/prototype_dataset/waveforms/clip_000651.npy
652,2,1,fishing_vessel,4,0.0,0.6667,6.3488,25.3953,True,1791.42,308,25.0,356.71,81.36,0.0,0.0226239212053617,0.0451406573978835,0.0503675207823983,123.24982362529796,87.09,93.09,94.04,6.0,/content/drive/MyDrive/SKANN_SSL/data/prototype_dataset/tensors/tensor_000652.npy,/content/drive/MyDrive/SKANN_SSL/data/prototype_dataset/waveforms/clip_000652.npy
653,3,1,fishing_vessel,4,0.0,0.6667,6.6583,26.6333,True,1833.14,308,25.0,242.55,174.62,136.01,0.0226239212053617,0.0451406573978835,0.0504609525532195,134.12146458820766,87.09,93.09,94.06,6.0,/content/drive/MyDrive/SKANN_SSL/data/prototype_dataset/tensors/tensor_000653.npy,/content/drive/MyDrive/SKANN_SSL/data/prototype_dataset/waveforms/clip_000653.npy
654,4,1,fishing_vessel,4,0.0,0.6667,5.8376,23.3503,True,1787.67,285,25.0,414.69,273.64,79.12,0.0226239212053617,0.0451406573978835,0.05056638042501,132.9538277070697,87.09,93.09,94.08,6.0,/content/drive/MyDrive/SKANN_SSL/data/prototype_dataset/tensors/tensor_000654.npy,/content/drive/MyDrive/SKANN_SSL/data/prototype_dataset/waveforms/clip_000654.npy
655,0,1,fishing_vessel,4,0.0,1.0,7.4842,29.9369,True,1809.93,458,25.0,251.1,368.97,78.94,0.0226239212053617,0.0451406573978835,0.0506559853933254,95.19784935688332,87.09,93.09,94.09,6.0,/content/drive/MyDrive/SKANN_SSL/data/prototype_dataset/tensors/tensor_000655.npy,/content/drive/MyDrive/SKANN_SSL/data/prototype_dataset/waveforms/clip_000655.npy
656,1,1,fishing_vessel,4,0.0,1.0,6.691,26.7641,True,1850.92,395,25.0,421.7,131.07,0.0,0.0226239212053617,0.0451406573978835,0.0506057777675441,106.29566667273647,87.09,93.09,94.08,6.0,/content/drive/MyDrive/SKANN_SSL/data/prototype_dataset/tensors/tensor_000656.npy,/content/drive/MyDrive/SKANN_SSL/data/prototype_dataset/waveforms/clip_000656.npy
657,2,1,fishing_vessel,4,0.0,1.0,7.807,31.2279,True,1825.34,514,25.0,107.71,216.19,179.54,0.0226239212053617,0.0451406573978835,0.0505690779324029,95.6348341750494,87.09,93.09,94.08,6.0,/content/drive/MyDrive/SKANN_SSL/data/prototype_dataset/tensors/tensor_000657.npy,/content/drive/MyDrive/SKANN_SSL/data/prototype_dataset/waveforms/clip_000657.npy
658,3,1,fishing_vessel,4,0.0,1.0,4.4549,17.8197,True,1797.57,274,25.0,290.05,98.04,0.0,0.0226239212053617,0.0451406573978835,0.0505431005171256,126.20141517520672,87.09,93.09,94.07,6.0,/content/drive/MyDrive/SKANN_SSL/data/prototype_dataset/tensors/tensor_000658.npy,/content/drive/MyDrive/SKANN_SSL/data/prototype_dataset/waveforms/clip_000658.npy
659,4,1,fishing_vessel,4,0.0,1.0,7.9034,31.6135,True,1741.88,477,25.0,201.83,361.07,124.9,0.0226239212053617,0.0451406573978835,0.0508896578138243,72.09532357341484,87.09,93.09,94.13,6.0,/content/drive/MyDrive/SKANN_SSL/data/prototype_dataset/tensors/tensor_000659.npy,/content/drive/MyDrive/SKANN_SSL/data/prototype_dataset/waveforms/clip_000659.npy
660,0,1,fishing_vessel,4,50.0,0.0,4.0509,16.2038,False,0.0,0,25.0,261.03,116.04,273.61,0.0226239212053617,0.0451406573978835,0.0507260017464499,144.38761846686933,87.09,93.09,94.1,6.0,/content/drive/MyDrive/SKANN_SSL/data/prototype_dataset/tensors/tensor_000660.npy,/content/drive/MyDrive/SKANN_SSL/data/prototype_dataset/waveforms/clip_000660.npy
661,1,1,fishing_vessel,4,50.0,0.0,6.6407,26.5626,False,0.0,0,25.0,242.86,78.15,0.0,0.0226239212053617,0.0451406573978835,0.0505405275765362,140.6671751237676,87.09,93.09,94.07,6.0,/content/drive/MyDrive/SKANN_SSL/data/prototype_dataset/tensors/tensor_000661.npy,/content/drive/MyDrive/SKANN_SSL/data/prototype_dataset/waveforms/clip_000661.npy
662,2,1,fishing_vessel,4,50.0,0.0,6.4224,25.6895,False,0.0,0,25.0,55.99,347.63,178.61,0.0226239212053617,0.0451406573978835,0.0505474946380726,141.02580328899697,87.09,93.09,94.07,6.0,/content/drive/MyDrive/SKANN_SSL/data/prototype_dataset/tensors/tensor_000662.npy,/content/drive/MyDrive/SKANN_SSL/data/prototype_dataset/waveforms/clip_000662.npy
663,3,1,fishing_vessel,4,50.0,0.0,5.6305,22.522,False,0.0,0,25.0,188.78,249.53,0.0,0.0226239212053617,0.0451406573978835,0.0501408933695382,141.0092714871493,87.09,93.09,94.0,6.0,/content/drive/MyDrive/SKANN_SSL/data/prototype_dataset/tensors/tensor_000663.npy,/content/drive/MyDrive/SKANN_SSL/data/prototype_dataset/waveforms/clip_000663.npy
664,4,1,fishing_vessel,4,50.0,0.0,6.7755,27.1022,False,0.0,0,25.0,410.91,75.18,121.27,0.0226239212053617,0.0451406573978835,0.0504589255777232,139.9100229086496,87.09,93.09,94.06,6.0,/content/drive/MyDrive/SKANN_SSL/data/prototype_dataset/tensors/tensor_000664.npy,/content/drive/MyDrive/SKANN_SSL/data/prototype_dataset/waveforms/clip_000664.npy
665,0,1,fishing_vessel,4,50.0,0.3333,5.6034,22.4136,True,1847.21,104,25.0,147.82,219.64,0.0,0.0226239212053617,0.0451406573978835,0.0505038223852159,140.6372339485308,87.09,93.09,94.07,6.0,/content/drive/MyDrive/SKANN_SSL/data/prototype_dataset/tensors/tensor_000665.npy,/content/drive/MyDrive/SKANN_SSL/data/prototype_dataset/waveforms/clip_000665.npy
666,1,1,fishing_vessel,4,50.0,0.3333,7.0619,28.2477,True,1849.31,182,25.0,93.56,239.86,344.73,0.0226239212053617,0.0451406573978835,0.0501449874355523,139.62947150903378,87.09,93.09,94.0,6.0,/content/drive/MyDrive/SKANN_SSL/data/prototype_dataset/tensors/tensor_000666.npy,/content/drive/MyDrive/SKANN_SSL/data/prototype_dataset/waveforms/clip_000666.npy
667,2,1,fishing_vessel,4,50.0,0.3333,4.1773,16.7092,True,1796.09,100,25.0,338.65,241.25,0.0,0.0226239212053617,0.0451406573978835,0.0504214932403226,142.11670923715965,87.09,93.09,94.05,6.0,/content/drive/MyDrive/SKANN_SSL/data/prototype_dataset/tensors/tensor_000667.npy,/content/drive/MyDrive/SKANN_SSL/data/prototype_dataset/waveforms/clip_000667.npy
668,3,1,fishing_vessel,4,50.0,0.3333,6.1133,24.4533,True,1825.0,162,25.0,288.16,275.66,0.0,0.0226239212053617,0.0451406573978835,0.0504029275485545,140.898197411106,87.09,93.09,94.05,6.0,/content/drive/MyDrive/SKANN_SSL/data/prototype_dataset/tensors/tensor_000668.npy,/content/drive/MyDrive/SKANN_SSL/data/prototype_dataset/waveforms/clip_000668.npy
669,4,1,fishing_vessel,4,50.0,0.3333,5.7103,22.8413,True,1825.63,165,25.0,309.68,74.65,275.55,0.0226239212053617,0.0451406573978835,0.0506919115858519,139.99113066096274,87.09,93.09,94.1,6.0,/content/drive/MyDrive/SKANN_SSL/data/prototype_dataset/tensors/tensor_000669.npy,/content/drive/MyDrive/SKANN_SSL/data/prototype_dataset/waveforms/clip_000669.npy
670,0,1,fishing_vessel,4,50.0,0.6667,5.7977,23.1909,True,1785.44,277,25.0,363.63,209.76,103.43,0.0226239212053617,0.0451406573978835,0.0504965098917216,121.0258194054304,87.09,93.09,94.07,6.0,/content/drive/MyDrive/SKANN_SSL/data/prototype_dataset/tensors/tensor_000670.npy,/content/drive/MyDrive/SKANN_SSL/data/prototype_dataset/waveforms/clip_000670.npy
671,1,1,fishing_vessel,4,50.0,0.6667,6.0674,24.2696,True,1857.36,262,25.0,295.81,314.33,0.0,0.0226239212053617,0.0451406573978835,0.04995206836128,123.8393258869433,87.09,93.09,93.97,6.0,/content/drive/MyDrive/SKANN_SSL/data/prototype_dataset/tensors/tensor_000671.npy,/content/drive/MyDrive/SKANN_SSL/data/prototype_dataset/waveforms/clip_000671.npy
672,2,1,fishing_vessel,4,50.0,0.6667,6.8018,27.2074,True,1878.13,307,25.0,408.04,63.07,295.66,0.0226239212053617,0.0451406573978835,0.0503921865622726,129.3494408007423,87.09,93.09,94.05,6.0,/content/drive/MyDrive/SKANN_SSL/data/prototype_dataset/tensors/tensor_000672.npy,/content/drive/MyDrive/SKANN_SSL/data/prototype_dataset/waveforms/clip_000672.npy
673,3,1,fishing_vessel,4,50.0,0.6667,5.8231,23.2923,True,1863.74,245,25.0,256.63,422.22,0.0,0.0226239212053617,0.0451406573978835,0.0502703122802366,131.46452998762427,87.09,93.09,94.03,6.0,/content/drive/MyDrive/SKANN_SSL/data/prototype_dataset/tensors/tensor_000673.npy,/content/drive/MyDrive/SKANN_SSL/data/prototype_dataset/waveforms/clip_000673.npy
674,4,1,fishing_vessel,4,50.0,0.6667,6.6771,26.7085,True,1823.46,288,25.0,321.3,104.21,130.91,0.0226239212053617,0.0451406573978835,0.0508072661706798,130.47091208743151,87.09,93.09,94.12,6.0,/content/drive/MyDrive/SKANN_SSL/data/prototype_dataset/tensors/tensor_000674.npy,/content/drive/MyDrive/SKANN_SSL/data/prototype_dataset/waveforms/clip_000674.npy
675,0,1,fishing_vessel,4,50.0,1.0,4.5885,18.354,True,1879.19,275,25.0,390.47,70.57,298.78,0.0226239212053617,0.0451406573978835,0.0504086724067313,113.93706235246616,87.09,93.09,94.05,6.0,/content/drive/MyDrive/SKANN_SSL/data/prototype_dataset/tensors/tensor_000675.npy,/content/drive/MyDrive/SKANN_SSL/data/prototype_dataset/waveforms/clip_000675.npy
676,1,1,fishing_vessel,4,50.0,1.0,7.3628,29.4513,True,1840.38,481,25.0,103.07,378.3,0.0,0.0226239212053617,0.0451406573978835,0.0504273855631185,92.3023435019147,87.09,93.09,94.05,6.0,/content/drive/MyDrive/SKANN_SSL/data/prototype_dataset/tensors/tensor_000676.npy,/content/drive/MyDrive/SKANN_SSL/data/prototype_dataset/waveforms/clip_000676.npy
677,2,1,fishing_vessel,4,50.0,1.0,7.652,30.6078,True,1814.08,456,25.0,120.3,261.9,74.62,0.0226239212053617,0.0451406573978835,0.0505735535291721,105.03375594357507,87.09,93.09,94.08,6.0,/content/drive/MyDrive/SKANN_SSL/data/prototype_dataset/tensors/tensor_000677.npy,/content/drive/MyDrive/SKANN_SSL/data/prototype_dataset/waveforms/clip_000677.npy
678,3,1,fishing_vessel,4,50.0,1.0,5.9116,23.6463,True,1778.87,341,25.0,106.96,238.78,0.0,0.0226239212053617,0.0451406573978835,0.0496822308315639,103.58707048164692,87.09,93.09,93.92,6.0,/content/drive/MyDrive/SKANN_SSL/data/prototype_dataset/tensors/tensor_000678.npy,/content/drive/MyDrive/SKANN_SSL/data/prototype_dataset/waveforms/clip_000678.npy
679,4,1,fishing_vessel,4,50.0,1.0,6.9917,27.9668,True,1769.27,424,25.0,171.16,133.1,0.0,0.0226239212053617,0.0451406573978835,0.0506247458826651,87.12931016428574,87.09,93.09,94.09,6.0,/content/drive/MyDrive/SKANN_SSL/data/prototype_dataset/tensors/tensor_000679.npy,/content/drive/MyDrive/SKANN_SSL/data/prototype_dataset/waveforms/clip_000679.npy
680,0,1,fishing_vessel,5,0.0,0.0,5.9269,29.6345,False,0.0,0,25.0,72.11,209.66,0.0,0.0226239212053617,0.0451406573978835,0.0505365584663728,144.8490141429181,87.09,93.09,94.07,6.0,/content/drive/MyDrive/SKANN_SSL/data/prototype_dataset/tensors/tensor_000680.npy,/content/drive/MyDrive/SKANN_SSL/data/prototype_dataset/waveforms/clip_000680.npy
681,1,1,fishing_vessel,5,0.0,0.0,5.6249,28.1246,False,0.0,0,25.0,156.48,148.86,0.0,0.0226239212053617,0.0451406573978835,0.0504687696582687,143.7613227849531,87.09,93.09,94.06,6.0,/content/drive/MyDrive/SKANN_SSL/data/prototype_dataset/tensors/tensor_000681.npy,/content/drive/MyDrive/SKANN_SSL/data/prototype_dataset/waveforms/clip_000681.npy
682,2,1,fishing_vessel,5,0.0,0.0,5.1057,25.5284,False,0.0,0,25.0,379.26,225.13,0.0,0.0226239212053617,0.0451406573978835,0.0501847197407191,144.80715232373404,87.09,93.09,94.01,6.0,/content/drive/MyDrive/SKANN_SSL/data/prototype_dataset/tensors/tensor_000682.npy,/content/drive/MyDrive/SKANN_SSL/data/prototype_dataset/waveforms/clip_000682.npy
683,3,1,fishing_vessel,5,0.0,0.0,4.2252,21.126,False,0.0,0,25.0,284.03,146.55,0.0,0.0226239212053617,0.0451406573978835,0.0510876645113021,146.94047842593773,87.09,93.09,94.17,6.0,/content/drive/MyDrive/SKANN_SSL/data/prototype_dataset/tensors/tensor_000683.npy,/content/drive/MyDrive/SKANN_SSL/data/prototype_dataset/waveforms/clip_000683.npy
684,4,1,fishing_vessel,5,0.0,0.0,5.7223,28.6117,False,0.0,0,25.0,86.9,248.07,111.94,0.0226239212053617,0.0451406573978835,0.0499345484592831,144.67007693284592,87.09,93.09,93.97,6.0,/content/drive/MyDrive/SKANN_SSL/data/prototype_dataset/tensors/tensor_000684.npy,/content/drive/MyDrive/SKANN_SSL/data/prototype_dataset/waveforms/clip_000684.npy
685,0,1,fishing_vessel,5,0.0,0.3333,5.1422,25.7111,True,1836.83,175,25.0,83.15,264.93,0.0,0.0226239212053617,0.0451406573978835,0.0504509738250291,143.0897824633208,87.09,93.09,94.06,6.0,/content/drive/MyDrive/SKANN_SSL/data/prototype_dataset/tensors/tensor_000685.npy,/content/drive/MyDrive/SKANN_SSL/data/prototype_dataset/waveforms/clip_000685.npy
686,1,1,fishing_vessel,5,0.0,0.3333,7.7841,38.9205,True,1834.45,250,25.0,233.3,217.61,0.0,0.0226239212053617,0.0451406573978835,0.0505564727749133,143.26904700161165,87.09,93.09,94.08,6.0,/content/drive/MyDrive/SKANN_SSL/data/prototype_dataset/tensors/tensor_000686.npy,/content/drive/MyDrive/SKANN_SSL/data/prototype_dataset/waveforms/clip_000686.npy
687,2,1,fishing_vessel,5,0.0,0.3333,5.9963,29.9815,True,1817.01,165,25.0,356.12,117.06,0.0,0.0226239212053617,0.0451406573978835,0.050556899653054,143.97235542977117,87.09,93.09,94.08,6.0,/content/drive/MyDrive/SKANN_SSL/data/prototype_dataset/tensors/tensor_000687.npy,/content/drive/MyDrive/SKANN_SSL/data/prototype_dataset/waveforms/clip_000687.npy
688,3,1,fishing_vessel,5,0.0,0.3333,4.1963,20.9815,True,1716.44,142,25.0,65.92,433.94,0.0,0.0226239212053617,0.0451406573978835,0.0507644327315109,146.44708712582087,87.09,93.09,94.11,6.0,/content/drive/MyDrive/SKANN_SSL/data/prototype_dataset/tensors/tensor_000688.npy,/content/drive/MyDrive/SKANN_SSL/data/prototype_dataset/waveforms/clip_000688.npy
689,4,1,fishing_vessel,5,0.0,0.3333,5.1049,25.5243,True,1762.43,166,25.0,104.61,471.54,0.0,0.0226239212053617,0.0451406573978835,0.0502158552088776,143.58359317084572,87.09,93.09,94.02,6.0,/content/drive/MyDrive/SKANN_SSL/data/prototype_dataset/tensors/tensor_000689.npy,/content/drive/MyDrive/SKANN_SSL/data/prototype_dataset/waveforms/clip_000689.npy
690,0,1,fishing_vessel,5,0.0,0.6667,4.3638,21.8191,True,1796.59,224,25.0,358.16,234.37,0.0,0.0226239212053617,0.0451406573978835,0.0510051761262065,135.16671093509055,87.09,93.09,94.15,6.0,/content/drive/MyDrive/SKANN_SSL/data/prototype_dataset/tensors/tensor_000690.npy,/content/drive/MyDrive/SKANN_SSL/data/prototype_dataset/waveforms/clip_000690.npy
691,1,1,fishing_vessel,5,0.0,0.6667,5.9685,29.8425,True,1858.27,336,25.0,207.58,245.86,0.0,0.0226239212053617,0.0451406573978835,0.050605678253841,135.91607151381217,87.09,93.09,94.08,6.0,/content/drive/MyDrive/SKANN_SSL/data/prototype_dataset/tensors/tensor_000691.npy,/content/drive/MyDrive/SKANN_SSL/data/prototype_dataset/waveforms/clip_000691.npy
692,2,1,fishing_vessel,5,0.0,0.6667,4.1069,20.5345,True,1811.07,218,25.0,95.93,167.94,0.0,0.0226239212053617,0.0451406573978835,0.0506133985630969,135.55442707315353,87.09,93.09,94.09,6.0,/content/drive/MyDrive/SKANN_SSL/data/prototype_dataset/tensors/tensor_000692.npy,/content/drive/MyDrive/SKANN_SSL/data/prototype_dataset/waveforms/clip_000692.npy
693,3,1,fishing_vessel,5,0.0,0.6667,4.8824,24.4122,True,1743.0,287,25.0,97.07,316.51,279.19,0.0226239212053617,0.0451406573978835,0.0503888510129826,138.83823022315397,87.09,93.09,94.05,6.0,/content/drive/MyDrive/SKANN_SSL/data/prototype_dataset/tensors/tensor_000693.npy,/content/drive/MyDrive/SKANN_SSL/data/prototype_dataset/waveforms/clip_000693.npy
694,4,1,fishing_vessel,5,0.0,0.6667,5.7166,28.5828,True,1795.87,304,25.0,210.92,308.17,80.42,0.0226239212053617,0.0451406573978835,0.0502871813245701,130.74163650495507,87.09,93.09,94.03,6.0,/content/drive/MyDrive/SKANN_SSL/data/prototype_dataset/tensors/tensor_000694.npy,/content/drive/MyDrive/SKANN_SSL/data/prototype_dataset/waveforms/clip_000694.npy
695,0,1,fishing_vessel,5,0.0,1.0,7.526,37.6299,True,1854.0,573,25.0,137.95,191.28,0.0,0.0226239212053617,0.0451406573978835,0.0505776915083254,73.59003909202434,87.09,93.09,94.08,6.0,/content/drive/MyDrive/SKANN_SSL/data/prototype_dataset/tensors/tensor_000695.npy,/content/drive/MyDrive/SKANN_SSL/data/prototype_dataset/waveforms/clip_000695.npy
696,1,1,fishing_vessel,5,0.0,1.0,7.2321,36.1607,True,1795.58,565,25.0,133.23,434.54,0.0,0.0226239212053617,0.0451406573978835,0.0498394705026066,101.5465601743473,87.09,93.09,93.95,6.0,/content/drive/MyDrive/SKANN_SSL/data/prototype_dataset/tensors/tensor_000696.npy,/content/drive/MyDrive/SKANN_SSL/data/prototype_dataset/waveforms/clip_000696.npy
697,2,1,fishing_vessel,5,0.0,1.0,5.041,25.2052,True,1878.71,402,25.0,319.2,178.51,0.0,0.0226239212053617,0.0451406573978835,0.0507020780317113,87.0772277610301,87.09,93.09,94.1,6.0,/content/drive/MyDrive/SKANN_SSL/data/prototype_dataset/tensors/tensor_000697.npy,/content/drive/MyDrive/SKANN_SSL/data/prototype_dataset/waveforms/clip_000697.npy
698,3,1,fishing_vessel,5,0.0,1.0,4.9972,24.986,True,1777.28,380,25.0,406.22,83.52,0.0,0.0226239212053617,0.0451406573978835,0.0508639440593317,99.66984957470574,87.09,93.09,94.13,6.0,/content/drive/MyDrive/SKANN_SSL/data/prototype_dataset/tensors/tensor_000698.npy,/content/drive/MyDrive/SKANN_SSL/data/prototype_dataset/waveforms/clip_000698.npy
699,4,1,fishing_vessel,5,0.0,1.0,5.1721,25.8607,True,1813.15,381,25.0,79.0,229.42,0.0,0.0226239212053617,0.0451406573978835,0.0504735982702824,100.25590185549147,87.09,93.09,94.06,6.0,/content/drive/MyDrive/SKANN_SSL/data/prototype_dataset/tensors/tensor_000699.npy,/content/drive/MyDrive/SKANN_SSL/data/prototype_dataset/waveforms/clip_000699.npy
700,0,1,fishing_vessel,5,50.0,0.0,5.7853,28.9263,False,0.0,0,25.0,269.82,380.91,107.82,0.0226239212053617,0.0451406573978835,0.0504559822295296,141.32027271484813,87.09,93.09,94.06,6.0,/content/drive/MyDrive/SKANN_SSL/data/prototype_dataset/tensors/tensor_000700.npy,/content/drive/MyDrive/SKANN_SSL/data/prototype_dataset/waveforms/clip_000700.npy
701,1,1,fishing_vessel,5,50.0,0.0,5.9927,29.9633,False,0.0,0,25.0,79.82,276.39,143.31,0.0226239212053617,0.0451406573978835,0.0504033394330083,141.54401066998162,87.09,93.09,94.05,6.0,/content/drive/MyDrive/SKANN_SSL/data/prototype_dataset/tensors/tensor_000701.npy,/content/drive/MyDrive/SKANN_SSL/data/prototype_dataset/waveforms/clip_000701.npy
702,2,1,fishing_vessel,5,50.0,0.0,6.7818,33.909,False,0.0,0,25.0,122.63,298.67,0.0,0.0226239212053617,0.0451406573978835,0.0504924316224214,142.20854340203496,87.09,93.09,94.06,6.0,/content/drive/MyDrive/SKANN_SSL/data/prototype_dataset/tensors/tensor_000702.npy,/content/drive/MyDrive/SKANN_SSL/data/prototype_dataset/waveforms/clip_000702.npy
703,3,1,fishing_vessel,5,50.0,0.0,6.8425,34.2125,False,0.0,0,25.0,292.36,94.3,250.94,0.0226239212053617,0.0451406573978835,0.0503247513980159,140.46609365449433,87.09,93.09,94.04,6.0,/content/drive/MyDrive/SKANN_SSL/data/prototype_dataset/tensors/tensor_000703.npy,/content/drive/MyDrive/SKANN_SSL/data/prototype_dataset/waveforms/clip_000703.npy
704,4,1,fishing_vessel,5,50.0,0.0,5.9795,29.8975,False,0.0,0,25.0,141.79,236.96,0.0,0.0226239212053617,0.0451406573978835,0.0506114400347468,142.07836682700153,87.09,93.09,94.08,6.0,/content/drive/MyDrive/SKANN_SSL/data/prototype_dataset/tensors/tensor_000704.npy,/content/drive/MyDrive/SKANN_SSL/data/prototype_dataset/waveforms/clip_000704.npy
705,0,1,fishing_vessel,5,50.0,0.3333,6.8491,34.2453,True,1824.46,202,25.0,82.92,233.79,340.41,0.0226239212053617,0.0451406573978835,0.0504447347998262,141.07807624760505,87.09,93.09,94.06,6.0,/content/drive/MyDrive/SKANN_SSL/data/prototype_dataset/tensors/tensor_000705.npy,/content/drive/MyDrive/SKANN_SSL/data/prototype_dataset/waveforms/clip_000705.npy
706,1,1,fishing_vessel,5,50.0,0.3333,4.8062,24.0309,True,1821.92,165,25.0,199.52,76.59,0.0,0.0226239212053617,0.0451406573978835,0.0506697296319683,144.258833656783,87.09,93.09,94.09,6.0,/content/drive/MyDrive/SKANN_SSL/data/prototype_dataset/tensors/tensor_000706.npy,/content/drive/MyDrive/SKANN_SSL/data/prototype_dataset/waveforms/clip_000706.npy
707,2,1,fishing_vessel,5,50.0,0.3333,7.0158,35.0792,True,1949.04,194,25.0,84.96,497.78,216.84,0.0226239212053617,0.0451406573978835,0.0501412007817914,140.8154509412385,87.09,93.09,94.0,6.0,/content/drive/MyDrive/SKANN_SSL/data/prototype_dataset/tensors/tensor_000707.npy,/content/drive/MyDrive/SKANN_SSL/data/prototype_dataset/waveforms/clip_000707.npy
708,3,1,fishing_vessel,5,50.0,0.3333,5.6227,28.1134,True,1802.79,176,25.0,97.37,489.61,0.0,0.0226239212053617,0.0451406573978835,0.0505380397012177,140.3160424914674,87.09,93.09,94.07,6.0,/content/drive/MyDrive/SKANN_SSL/data/prototype_dataset/tensors/tensor_000708.npy,/content/drive/MyDrive/SKANN_SSL/data/prototype_dataset/waveforms/clip_000708.npy
709,4,1,fishing_vessel,5,50.0,0.3333,7.581,37.9048,True,1860.3,202,25.0,144.84,50.65,231.33,0.0226239212053617,0.0451406573978835,0.0505477890200625,141.487187439934,87.09,93.09,94.07,6.0,/content/drive/MyDrive/SKANN_SSL/data/prototype_dataset/tensors/tensor_000709.npy,/content/drive/MyDrive/SKANN_SSL/data/prototype_dataset/waveforms/clip_000709.npy
710,0,1,fishing_vessel,5,50.0,0.6667,4.1586,20.7932,True,1849.59,272,25.0,73.92,256.01,280.05,0.0226239212053617,0.0451406573978835,0.0501356055902292,133.25218725224175,87.09,93.09,94.0,6.0,/content/drive/MyDrive/SKANN_SSL/data/prototype_dataset/tensors/tensor_000710.npy,/content/drive/MyDrive/SKANN_SSL/data/prototype_dataset/waveforms/clip_000710.npy
711,1,1,fishing_vessel,5,50.0,0.6667,6.5668,32.8338,True,1792.84,355,25.0,81.44,405.56,122.21,0.0226239212053617,0.0451406573978835,0.0504156337279151,124.6598968170794,87.09,93.09,94.05,6.0,/content/drive/MyDrive/SKANN_SSL/data/prototype_dataset/tensors/tensor_000711.npy,/content/drive/MyDrive/SKANN_SSL/data/prototype_dataset/waveforms/clip_000711.npy
712,2,1,fishing_vessel,5,50.0,0.6667,6.2427,31.2134,True,1811.68,348,25.0,107.24,91.26,296.94,0.0226239212053617,0.0451406573978835,0.0504013422565236,124.41327530501796,87.09,93.09,94.05,6.0,/content/drive/MyDrive/SKANN_SSL/data/prototype_dataset/tensors/tensor_000712.npy,/content/drive/MyDrive/SKANN_SSL/data/prototype_dataset/waveforms/clip_000712.npy
713,3,1,fishing_vessel,5,50.0,0.6667,7.7053,38.5267,True,1834.8,397,25.0,64.45,458.95,0.0,0.0226239212053617,0.0451406573978835,0.0505935512872937,127.50010784289562,87.09,93.09,94.08,6.0,/content/drive/MyDrive/SKANN_SSL/data/prototype_dataset/tensors/tensor_000713.npy,/content/drive/MyDrive/SKANN_SSL/data/prototype_dataset/waveforms/clip_000713.npy
714,4,1,fishing_vessel,5,50.0,0.6667,7.2773,36.3863,True,1758.85,389,25.0,298.07,138.64,245.35,0.0226239212053617,0.0451406573978835,0.0505625983291782,122.7621631622944,87.09,93.09,94.08,6.0,/content/drive/MyDrive/SKANN_SSL/data/prototype_dataset/tensors/tensor_000714.npy,/content/drive/MyDrive/SKANN_SSL/data/prototype_dataset/waveforms/clip_000714.npy
715,0,1,fishing_vessel,5,50.0,1.0,4.9338,24.6689,True,1840.85,381,25.0,214.91,96.99,370.03,0.0226239212053617,0.0451406573978835,0.0506257892357193,87.87318983831604,87.09,93.09,94.09,6.0,/content/drive/MyDrive/SKANN_SSL/data/prototype_dataset/tensors/tensor_000715.npy,/content/drive/MyDrive/SKANN_SSL/data/prototype_dataset/waveforms/clip_000715.npy
716,1,1,fishing_vessel,5,50.0,1.0,6.8491,34.2455,True,1845.63,537,25.0,308.99,186.19,120.94,0.0226239212053617,0.0451406573978835,0.0508306427926196,96.00476526974604,87.09,93.09,94.12,6.0,/content/drive/MyDrive/SKANN_SSL/data/prototype_dataset/tensors/tensor_000716.npy,/content/drive/MyDrive/SKANN_SSL/data/prototype_dataset/waveforms/clip_000716.npy
717,2,1,fishing_vessel,5,50.0,1.0,7.8197,39.0985,True,1776.0,598,25.0,108.91,490.43,0.0,0.0226239212053617,0.0451406573978835,0.0503114495634936,88.82666266463264,87.09,93.09,94.03,6.0,/content/drive/MyDrive/SKANN_SSL/data/prototype_dataset/tensors/tensor_000717.npy,/content/drive/MyDrive/SKANN_SSL/data/prototype_dataset/waveforms/clip_000717.npy
718,3,1,fishing_vessel,5,50.0,1.0,6.7902,33.9512,True,1794.72,534,25.0,222.28,146.22,435.31,0.0226239212053617,0.0451406573978835,0.0506960876347237,73.50382962902094,87.09,93.09,94.1,6.0,/content/drive/MyDrive/SKANN_SSL/data/prototype_dataset/tensors/tensor_000718.npy,/content/drive/MyDrive/SKANN_SSL/data/prototype_dataset/waveforms/clip_000718.npy
719,4,1,fishing_vessel,5,50.0,1.0,5.8746,29.373,True,1774.21,417,25.0,115.26,161.57,217.13,0.0226239212053617,0.0451406573978835,0.0504721295916681,81.6073727678187,87.09,93.09,94.06,6.0,/content/drive/MyDrive/SKANN_SSL/data/prototype_dataset/tensors/tensor_000719.npy,/content/drive/MyDrive/SKANN_SSL/data/prototype_dataset/waveforms/clip_000719.npy
720,0,1,cargo_ship,3,0.0,0.0,2.3323,6.997,False,0.0,0,25.0,496.68,213.7,146.33,0.0226239212053617,0.0451406573978835,0.0508686408460124,143.36909903764797,87.09,93.09,94.13,6.0,/content/drive/MyDrive/SKANN_SSL/data/prototype_dataset/tensors/tensor_000720.npy,/content/drive/MyDrive/SKANN_SSL/data/prototype_dataset/waveforms/clip_000720.npy
721,1,1,cargo_ship,3,0.0,0.0,2.4734,7.4201,False,0.0,0,25.0,277.67,78.46,318.76,0.0226239212053617,0.0451406573978835,0.0508064175782165,142.87531719834666,87.09,93.09,94.12,6.0,/content/drive/MyDrive/SKANN_SSL/data/prototype_dataset/tensors/tensor_000721.npy,/content/drive/MyDrive/SKANN_SSL/data/prototype_dataset/waveforms/clip_000721.npy
722,2,1,cargo_ship,3,0.0,0.0,2.4958,7.4875,False,0.0,0,25.0,217.67,149.8,0.0,0.0226239212053617,0.0451406573978835,0.0501255838351875,144.3727682529853,87.09,93.09,94.0,6.0,/content/drive/MyDrive/SKANN_SSL/data/prototype_dataset/tensors/tensor_000722.npy,/content/drive/MyDrive/SKANN_SSL/data/prototype_dataset/waveforms/clip_000722.npy
723,3,1,cargo_ship,3,0.0,0.0,2.0054,6.0162,False,0.0,0,25.0,74.35,261.2,0.0,0.0226239212053617,0.0451406573978835,0.0503814754428491,144.29855399854134,87.09,93.09,94.05,6.0,/content/drive/MyDrive/SKANN_SSL/data/prototype_dataset/tensors/tensor_000723.npy,/content/drive/MyDrive/SKANN_SSL/data/prototype_dataset/waveforms/clip_000723.npy
724,4,1,cargo_ship,3,0.0,0.0,1.6946,5.0837,False,0.0,0,25.0,141.1,308.74,206.94,0.0226239212053617,0.0451406573978835,0.0505851509972816,143.65795677371665,87.09,93.09,94.08,6.0,/content/drive/MyDrive/SKANN_SSL/data/prototype_dataset/tensors/tensor_000724.npy,/content/drive/MyDrive/SKANN_SSL/data/prototype_dataset/waveforms/clip_000724.npy
725,0,1,cargo_ship,3,0.0,0.3333,1.8992,5.6977,True,737.72,44,25.0,139.69,488.78,0.0,0.0226239212053617,0.0451406573978835,0.050324644458394,144.53923338542222,87.09,93.09,94.04,6.0,/content/drive/MyDrive/SKANN_SSL/data/prototype_dataset/tensors/tensor_000725.npy,/content/drive/MyDrive/SKANN_SSL/data/prototype_dataset/waveforms/clip_000725.npy
726,1,1,cargo_ship,3,0.0,0.3333,2.3584,7.0753,True,696.48,40,25.0,133.01,277.98,0.0,0.0226239212053617,0.0451406573978835,0.0503185591466897,144.27590793405074,87.09,93.09,94.03,6.0,/content/drive/MyDrive/SKANN_SSL/data/prototype_dataset/tensors/tensor_000726.npy,/content/drive/MyDrive/SKANN_SSL/data/prototype_dataset/waveforms/clip_000726.npy
727,2,1,cargo_ship,3,0.0,0.3333,1.7653,5.2958,True,631.19,37,25.0,227.31,489.91,0.0,0.0226239212053617,0.0451406573978835,0.0504530833005798,145.25364788915954,87.09,93.09,94.06,6.0,/content/drive/MyDrive/SKANN_SSL/data/prototype_dataset/tensors/tensor_000727.npy,/content/drive/MyDrive/SKANN_SSL/data/prototype_dataset/waveforms/clip_000727.npy
728,3,1,cargo_ship,3,0.0,0.3333,1.9659,5.8976,True,650.01,35,25.0,135.64,268.78,139.04,0.0226239212053617,0.0451406573978835,0.0504962227064281,144.2212111970497,87.09,93.09,94.07,6.0,/content/drive/MyDrive/SKANN_SSL/data/prototype_dataset/tensors/tensor_000728.npy,/content/drive/MyDrive/SKANN_SSL/data/prototype_dataset/waveforms/clip_000728.npy
729,4,1,cargo_ship,3,0.0,0.3333,1.9641,5.8924,True,780.3,32,25.0,276.93,144.64,0.0,0.0226239212053617,0.0451406573978835,0.0506076056298813,144.07303416586166,87.09,93.09,94.08,6.0,/content/drive/MyDrive/SKANN_SSL/data/prototype_dataset/tensors/tensor_000729.npy,/content/drive/MyDrive/SKANN_SSL/data/prototype_dataset/waveforms/clip_000729.npy
730,0,1,cargo_ship,3,0.0,0.6667,2.0842,6.2526,True,728.6,72,25.0,68.01,416.73,112.53,0.0226239212053617,0.0451406573978835,0.0502381935177895,137.60186263869102,87.09,93.09,94.02,6.0,/content/drive/MyDrive/SKANN_SSL/data/prototype_dataset/tensors/tensor_000730.npy,/content/drive/MyDrive/SKANN_SSL/data/prototype_dataset/waveforms/clip_000730.npy
731,1,1,cargo_ship,3,0.0,0.6667,1.5291,4.5872,True,716.39,45,25.0,80.97,231.59,0.0,0.0226239212053617,0.0451406573978835,0.0508683162871485,146.53293367782285,87.09,93.09,94.13,6.0,/content/drive/MyDrive/SKANN_SSL/data/prototype_dataset/tensors/tensor_000731.npy,/content/drive/MyDrive/SKANN_SSL/data/prototype_dataset/waveforms/clip_000731.npy
732,2,1,cargo_ship,3,0.0,0.6667,2.2632,6.7895,True,678.41,68,25.0,82.72,160.41,0.0,0.0226239212053617,0.0451406573978835,0.05005838088201,142.4380219917094,87.09,93.09,93.99,6.0,/content/drive/MyDrive/SKANN_SSL/data/prototype_dataset/tensors/tensor_000732.npy,/content/drive/MyDrive/SKANN_SSL/data/prototype_dataset/waveforms/clip_000732.npy
733,3,1,cargo_ship,3,0.0,0.6667,1.5264,4.5793,True,738.56,48,25.0,409.01,137.0,0.0,0.0226239212053617,0.0451406573978835,0.0504307874211297,145.11906076451766,87.09,93.09,94.05,6.0,/content/drive/MyDrive/SKANN_SSL/data/prototype_dataset/tensors/tensor_000733.npy,/content/drive/MyDrive/SKANN_SSL/data/prototype_dataset/waveforms/clip_000733.npy
734,4,1,cargo_ship,3,0.0,0.6667,1.7127,5.1382,True,739.15,62,25.0,96.12,254.41,0.0,0.0226239212053617,0.0451406573978835,0.0505253817612403,142.30947719329046,87.09,93.09,94.07,6.0,/content/drive/MyDrive/SKANN_SSL/data/prototype_dataset/tensors/tensor_000734.npy,/content/drive/MyDrive/SKANN_SSL/data/prototype_dataset/waveforms/clip_000734.npy
735,0,1,cargo_ship,3,0.0,1.0,1.7137,5.1412,True,817.01,52,25.0,282.5,65.18,248.01,0.0226239212053617,0.0451406573978835,0.0506265090323586,140.25104142441452,87.09,93.09,94.09,6.0,/content/drive/MyDrive/SKANN_SSL/data/prototype_dataset/tensors/tensor_000735.npy,/content/drive/MyDrive/SKANN_SSL/data/prototype_dataset/waveforms/clip_000735.npy
736,1,1,cargo_ship,3,0.0,1.0,1.8996,5.6989,True,697.67,80,25.0,132.57,142.78,450.8,0.0226239212053617,0.0451406573978835,0.0503254703845953,134.99703579784557,87.09,93.09,94.04,6.0,/content/drive/MyDrive/SKANN_SSL/data/prototype_dataset/tensors/tensor_000736.npy,/content/drive/MyDrive/SKANN_SSL/data/prototype_dataset/waveforms/clip_000736.npy
737,2,1,cargo_ship,3,0.0,1.0,2.2154,6.6461,True,747.27,107,25.0,230.76,147.79,84.55,0.0226239212053617,0.0451406573978835,0.0501998200968466,124.75588529967902,87.09,93.09,94.01,6.0,/content/drive/MyDrive/SKANN_SSL/data/prototype_dataset/tensors/tensor_000737.npy,/content/drive/MyDrive/SKANN_SSL/data/prototype_dataset/waveforms/clip_000737.npy
738,3,1,cargo_ship,3,0.0,1.0,2.1989,6.5966,True,687.48,80,25.0,120.62,362.47,0.0,0.0226239212053617,0.0451406573978835,0.0507318121078732,129.10440778858214,87.09,93.09,94.11,6.0,/content/drive/MyDrive/SKANN_SSL/data/prototype_dataset/tensors/tensor_000738.npy,/content/drive/MyDrive/SKANN_SSL/data/prototype_dataset/waveforms/clip_000738.npy
739,4,1,cargo_ship,3,0.0,1.0,2.3682,7.1046,True,707.14,111,25.0,147.74,233.22,457.72,0.0226239212053617,0.0451406573978835,0.0504101974229126,131.20653903684186,87.09,93.09,94.05,6.0,/content/drive/MyDrive/SKANN_SSL/data/prototype_dataset/tensors/tensor_000739.npy,/content/drive/MyDrive/SKANN_SSL/data/prototype_dataset/waveforms/clip_000739.npy
740,0,1,cargo_ship,3,50.0,0.0,1.6176,4.8529,False,0.0,0,25.0,149.29,275.58,0.0,0.0226239212053617,0.0451406573978835,0.050579646974538,143.6192314888689,87.09,93.09,94.08,6.0,/content/drive/MyDrive/SKANN_SSL/data/prototype_dataset/tensors/tensor_000740.npy,/content/drive/MyDrive/SKANN_SSL/data/prototype_dataset/waveforms/clip_000740.npy
741,1,1,cargo_ship,3,50.0,0.0,2.4361,7.3084,False,0.0,0,25.0,121.02,85.09,219.2,0.0226239212053617,0.0451406573978835,0.0506885713203634,140.77481737632846,87.09,93.09,94.1,6.0,/content/drive/MyDrive/SKANN_SSL/data/prototype_dataset/tensors/tensor_000741.npy,/content/drive/MyDrive/SKANN_SSL/data/prototype_dataset/waveforms/clip_000741.npy
742,2,1,cargo_ship,3,50.0,0.0,1.7871,5.3614,False,0.0,0,25.0,128.75,232.65,425.86,0.0226239212053617,0.0451406573978835,0.05006484805899,141.29649238460692,87.09,93.09,93.99,6.0,/content/drive/MyDrive/SKANN_SSL/data/prototype_dataset/tensors/tensor_000742.npy,/content/drive/MyDrive/SKANN_SSL/data/prototype_dataset/waveforms/clip_000742.npy
743,3,1,cargo_ship,3,50.0,0.0,2.3325,6.9976,False,0.0,0,25.0,281.1,243.53,0.0,0.0226239212053617,0.0451406573978835,0.050163409935807,141.2952515615858,87.09,93.09,94.01,6.0,/content/drive/MyDrive/SKANN_SSL/data/prototype_dataset/tensors/tensor_000743.npy,/content/drive/MyDrive/SKANN_SSL/data/prototype_dataset/waveforms/clip_000743.npy
744,4,1,cargo_ship,3,50.0,0.0,2.3638,7.0915,False,0.0,0,25.0,121.61,320.39,0.0,0.0226239212053617,0.0451406573978835,0.0506229584915477,141.0161189555252,87.09,93.09,94.09,6.0,/content/drive/MyDrive/SKANN_SSL/data/prototype_dataset/tensors/tensor_000744.npy,/content/drive/MyDrive/SKANN_SSL/data/prototype_dataset/waveforms/clip_000744.npy
745,0,1,cargo_ship,3,50.0,0.3333,1.9363,5.8088,True,741.69,39,25.0,127.22,103.62,0.0,0.0226239212053617,0.0451406573978835,0.0506564007317356,142.00445820777492,87.09,93.09,94.09,6.0,/content/drive/MyDrive/SKANN_SSL/data/prototype_dataset/tensors/tensor_000745.npy,/content/drive/MyDrive/SKANN_SSL/data/prototype_dataset/waveforms/clip_000745.npy
746,1,1,cargo_ship,3,50.0,0.3333,1.6927,5.078,True,683.98,34,25.0,180.78,304.26,113.55,0.0226239212053617,0.0451406573978835,0.0509065698944297,141.31551545771163,87.09,93.09,94.14,6.0,/content/drive/MyDrive/SKANN_SSL/data/prototype_dataset/tensors/tensor_000746.npy,/content/drive/MyDrive/SKANN_SSL/data/prototype_dataset/waveforms/clip_000746.npy
747,2,1,cargo_ship,3,50.0,0.3333,1.6683,5.005,True,751.52,36,25.0,130.9,465.45,140.04,0.0226239212053617,0.0451406573978835,0.0507156218610228,140.9965007711137,87.09,93.09,94.1,6.0,/content/drive/MyDrive/SKANN_SSL/data/prototype_dataset/tensors/tensor_000747.npy,/content/drive/MyDrive/SKANN_SSL/data/prototype_dataset/waveforms/clip_000747.npy
748,3,1,cargo_ship,3,50.0,0.3333,2.3668,7.1005,True,730.78,41,25.0,348.03,120.1,123.66,0.0226239212053617,0.0451406573978835,0.0503033368063507,141.44668383699562,87.09,93.09,94.03,6.0,/content/drive/MyDrive/SKANN_SSL/data/prototype_dataset/tensors/tensor_000748.npy,/content/drive/MyDrive/SKANN_SSL/data/prototype_dataset/waveforms/clip_000748.npy
749,4,1,cargo_ship,3,50.0,0.3333,2.4748,7.4244,True,693.75,37,25.0,287.85,110.4,0.0,0.0226239212053617,0.0451406573978835,0.0507806475926377,141.0332278705825,87.09,93.09,94.11,6.0,/content/drive/MyDrive/SKANN_SSL/data/prototype_dataset/tensors/tensor_000749.npy,/content/drive/MyDrive/SKANN_SSL/data/prototype_dataset/waveforms/clip_000749.npy
750,0,1,cargo_ship,3,50.0,0.6667,2.1601,6.4803,True,781.95,66,25.0,121.44,111.52,494.47,0.0226239212053617,0.0451406573978835,0.0501053803373324,138.63635349408753,87.09,93.09,94.0,6.0,/content/drive/MyDrive/SKANN_SSL/data/prototype_dataset/tensors/tensor_000750.npy,/content/drive/MyDrive/SKANN_SSL/data/prototype_dataset/waveforms/clip_000750.npy
751,1,1,cargo_ship,3,50.0,0.6667,1.8385,5.5156,True,713.03,61,25.0,149.27,281.5,0.0,0.0226239212053617,0.0451406573978835,0.0504227682386243,139.16889712597694,87.09,93.09,94.05,6.0,/content/drive/MyDrive/SKANN_SSL/data/prototype_dataset/tensors/tensor_000751.npy,/content/drive/MyDrive/SKANN_SSL/data/prototype_dataset/waveforms/clip_000751.npy
752,2,1,cargo_ship,3,50.0,0.6667,2.0725,6.2175,True,695.12,63,25.0,77.61,369.07,267.41,0.0226239212053617,0.0451406573978835,0.0508882340876285,137.0244380120204,87.09,93.09,94.13,6.0,/content/drive/MyDrive/SKANN_SSL/data/prototype_dataset/tensors/tensor_000752.npy,/content/drive/MyDrive/SKANN_SSL/data/prototype_dataset/waveforms/clip_000752.npy
753,3,1,cargo_ship,3,50.0,0.6667,1.6964,5.0892,True,775.67,56,25.0,293.11,488.93,53.9,0.0226239212053617,0.0451406573978835,0.0505113305447311,139.55240633746402,87.09,93.09,94.07,6.0,/content/drive/MyDrive/SKANN_SSL/data/prototype_dataset/tensors/tensor_000753.npy,/content/drive/MyDrive/SKANN_SSL/data/prototype_dataset/waveforms/clip_000753.npy
754,4,1,cargo_ship,3,50.0,0.6667,2.3171,6.9512,True,755.43,73,25.0,175.64,135.78,282.54,0.0226239212053617,0.0451406573978835,0.0507692371980043,139.30327944983088,87.09,93.09,94.11,6.0,/content/drive/MyDrive/SKANN_SSL/data/prototype_dataset/tensors/tensor_000754.npy,/content/drive/MyDrive/SKANN_SSL/data/prototype_dataset/waveforms/clip_000754.npy
755,0,1,cargo_ship,3,50.0,1.0,2.2753,6.826,True,784.2,106,25.0,92.98,363.49,127.53,0.0226239212053617,0.0451406573978835,0.0504728559548984,126.82145577444253,87.09,93.09,94.06,6.0,/content/drive/MyDrive/SKANN_SSL/data/prototype_dataset/tensors/tensor_000755.npy,/content/drive/MyDrive/SKANN_SSL/data/prototype_dataset/waveforms/clip_000755.npy
756,1,1,cargo_ship,3,50.0,1.0,2.1643,6.493,True,711.93,76,25.0,296.1,95.12,0.0,0.0226239212053617,0.0451406573978835,0.0502513319670316,132.15866814429293,87.09,93.09,94.02,6.0,/content/drive/MyDrive/SKANN_SSL/data/prototype_dataset/tensors/tensor_000756.npy,/content/drive/MyDrive/SKANN_SSL/data/prototype_dataset/waveforms/clip_000756.npy
757,2,1,cargo_ship,3,50.0,1.0,2.3099,6.9298,True,705.49,91,25.0,84.04,230.3,0.0,0.0226239212053617,0.0451406573978835,0.050825386716141,130.01163363275273,87.09,93.09,94.12,6.0,/content/drive/MyDrive/SKANN_SSL/data/prototype_dataset/tensors/tensor_000757.npy,/content/drive/MyDrive/SKANN_SSL/data/prototype_dataset/waveforms/clip_000757.npy
758,3,1,cargo_ship,3,50.0,1.0,1.7701,5.3104,True,718.74,58,25.0,120.08,242.3,0.0,0.0226239212053617,0.0451406573978835,0.0506609385058971,134.58606928090956,87.09,93.09,94.09,6.0,/content/drive/MyDrive/SKANN_SSL/data/prototype_dataset/tensors/tensor_000758.npy,/content/drive/MyDrive/SKANN_SSL/data/prototype_dataset/waveforms/clip_000758.npy
759,4,1,cargo_ship,3,50.0,1.0,1.8421,5.5263,True,739.71,83,25.0,150.25,490.42,0.0,0.0226239212053617,0.0451406573978835,0.0504705596443298,128.07192994304054,87.09,93.09,94.06,6.0,/content/drive/MyDrive/SKANN_SSL/data/prototype_dataset/tensors/tensor_000759.npy,/content/drive/MyDrive/SKANN_SSL/data/prototype_dataset/waveforms/clip_000759.npy
760,0,1,cargo_ship,4,0.0,0.0,1.9697,7.879,False,0.0,0,25.0,137.96,482.93,268.67,0.0226239212053617,0.0451406573978835,0.0503124266236245,145.5388230747114,87.09,93.09,94.03,6.0,/content/drive/MyDrive/SKANN_SSL/data/prototype_dataset/tensors/tensor_000760.npy,/content/drive/MyDrive/SKANN_SSL/data/prototype_dataset/waveforms/clip_000760.npy
761,1,1,cargo_ship,4,0.0,0.0,1.9424,7.7695,False,0.0,0,25.0,124.67,294.13,0.0,0.0226239212053617,0.0451406573978835,0.0505607170467466,145.3066321722619,87.09,93.09,94.08,6.0,/content/drive/MyDrive/SKANN_SSL/data/prototype_dataset/tensors/tensor_000761.npy,/content/drive/MyDrive/SKANN_SSL/data/prototype_dataset/waveforms/clip_000761.npy
762,2,1,cargo_ship,4,0.0,0.0,2.1104,8.4415,False,0.0,0,25.0,398.61,127.2,0.0,0.0226239212053617,0.0451406573978835,0.0507830169153208,143.75520822430704,87.09,93.09,94.11,6.0,/content/drive/MyDrive/SKANN_SSL/data/prototype_dataset/tensors/tensor_000762.npy,/content/drive/MyDrive/SKANN_SSL/data/prototype_dataset/waveforms/clip_000762.npy
763,3,1,cargo_ship,4,0.0,0.0,1.6679,6.6717,False,0.0,0,25.0,68.36,299.94,0.0,0.0226239212053617,0.0451406573978835,0.050766779876542,145.6403000421257,87.09,93.09,94.11,6.0,/content/drive/MyDrive/SKANN_SSL/data/prototype_dataset/tensors/tensor_000763.npy,/content/drive/MyDrive/SKANN_SSL/data/prototype_dataset/waveforms/clip_000763.npy
764,4,1,cargo_ship,4,0.0,0.0,1.867,7.468,False,0.0,0,25.0,421.43,87.91,0.0,0.0226239212053617,0.0451406573978835,0.0505005919768329,145.61975450133357,87.09,93.09,94.07,6.0,/content/drive/MyDrive/SKANN_SSL/data/prototype_dataset/tensors/tensor_000764.npy,/content/drive/MyDrive/SKANN_SSL/data/prototype_dataset/waveforms/clip_000764.npy
765,0,1,cargo_ship,4,0.0,0.3333,1.6462,6.5849,True,701.88,34,25.0,284.86,127.01,0.0,0.0226239212053617,0.0451406573978835,0.0505460624232446,145.72799848538523,87.09,93.09,94.07,6.0,/content/drive/MyDrive/SKANN_SSL/data/prototype_dataset/tensors/tensor_000765.npy,/content/drive/MyDrive/SKANN_SSL/data/prototype_dataset/waveforms/clip_000765.npy
766,1,1,cargo_ship,4,0.0,0.3333,1.938,7.7521,True,695.55,56,25.0,99.77,166.58,240.31,0.0226239212053617,0.0451406573978835,0.0498014100629853,144.65230088891153,87.09,93.09,93.94,6.0,/content/drive/MyDrive/SKANN_SSL/data/prototype_dataset/tensors/tensor_000766.npy,/content/drive/MyDrive/SKANN_SSL/data/prototype_dataset/waveforms/clip_000766.npy
767,2,1,cargo_ship,4,0.0,0.3333,1.687,6.7479,True,741.2,41,25.0,434.54,133.36,248.59,0.0226239212053617,0.0451406573978835,0.0504647137227006,144.89752613209524,87.09,93.09,94.06,6.0,/content/drive/MyDrive/SKANN_SSL/data/prototype_dataset/tensors/tensor_000767.npy,/content/drive/MyDrive/SKANN_SSL/data/prototype_dataset/waveforms/clip_000767.npy
768,3,1,cargo_ship,4,0.0,0.3333,2.129,8.5159,True,747.32,52,25.0,208.6,490.92,70.64,0.0226239212053617,0.0451406573978835,0.0505914669433547,144.6490371712588,87.09,93.09,94.08,6.0,/content/drive/MyDrive/SKANN_SSL/data/prototype_dataset/tensors/tensor_000768.npy,/content/drive/MyDrive/SKANN_SSL/data/prototype_dataset/waveforms/clip_000768.npy
769,4,1,cargo_ship,4,0.0,0.3333,2.294,9.176,True,741.88,64,25.0,298.85,130.93,0.0,0.0226239212053617,0.0451406573978835,0.0500266906688425,144.79736005722688,87.09,93.09,93.98,6.0,/content/drive/MyDrive/SKANN_SSL/data/prototype_dataset/tensors/tensor_000769.npy,/content/drive/MyDrive/SKANN_SSL/data/prototype_dataset/waveforms/clip_000769.npy
770,0,1,cargo_ship,4,0.0,0.6667,2.1014,8.4057,True,751.35,80,25.0,183.25,498.39,100.94,0.0226239212053617,0.0451406573978835,0.0501940982727547,140.99724258749492,87.09,93.09,94.01,6.0,/content/drive/MyDrive/SKANN_SSL/data/prototype_dataset/tensors/tensor_000770.npy,/content/drive/MyDrive/SKANN_SSL/data/prototype_dataset/waveforms/clip_000770.npy
771,1,1,cargo_ship,4,0.0,0.6667,1.551,6.2041,True,712.37,69,25.0,105.57,106.06,312.35,0.0226239212053617,0.0451406573978835,0.0502703971594875,140.3219392639066,87.09,93.09,94.03,6.0,/content/drive/MyDrive/SKANN_SSL/data/prototype_dataset/tensors/tensor_000771.npy,/content/drive/MyDrive/SKANN_SSL/data/prototype_dataset/waveforms/clip_000771.npy
772,2,1,cargo_ship,4,0.0,0.6667,2.4309,9.7235,True,729.28,105,25.0,138.23,235.97,0.0,0.0226239212053617,0.0451406573978835,0.0506688269495825,137.7236100276919,87.09,93.09,94.09,6.0,/content/drive/MyDrive/SKANN_SSL/data/prototype_dataset/tensors/tensor_000772.npy,/content/drive/MyDrive/SKANN_SSL/data/prototype_dataset/waveforms/clip_000772.npy
773,3,1,cargo_ship,4,0.0,0.6667,2.2144,8.8575,True,745.87,102,25.0,83.29,206.44,0.0,0.0226239212053617,0.0451406573978835,0.0501994447394826,139.85982963621254,87.09,93.09,94.01,6.0,/content/drive/MyDrive/SKANN_SSL/data/prototype_dataset/tensors/tensor_000773.npy,/content/drive/MyDrive/SKANN_SSL/data/prototype_dataset/waveforms/clip_000773.npy
774,4,1,cargo_ship,4,0.0,0.6667,1.5505,6.2022,True,722.08,73,25.0,268.94,233.56,81.52,0.0226239212053617,0.0451406573978835,0.05090081882193,142.40846601974232,87.09,93.09,94.13,6.0,/content/drive/MyDrive/SKANN_SSL/data/prototype_dataset/tensors/tensor_000774.npy,/content/drive/MyDrive/SKANN_SSL/data/prototype_dataset/waveforms/clip_000774.npy
775,0,1,cargo_ship,4,0.0,1.0,1.8557,7.4229,True,718.05,96,25.0,83.97,285.77,0.0,0.0226239212053617,0.0451406573978835,0.0505964028021319,129.3002100214695,87.09,93.09,94.08,6.0,/content/drive/MyDrive/SKANN_SSL/data/prototype_dataset/tensors/tensor_000775.npy,/content/drive/MyDrive/SKANN_SSL/data/prototype_dataset/waveforms/clip_000775.npy
776,1,1,cargo_ship,4,0.0,1.0,2.0711,8.2845,True,715.87,141,25.0,343.48,79.28,0.0,0.0226239212053617,0.0451406573978835,0.0500178327411461,123.85996131379044,87.09,93.09,93.98,6.0,/content/drive/MyDrive/SKANN_SSL/data/prototype_dataset/tensors/tensor_000776.npy,/content/drive/MyDrive/SKANN_SSL/data/prototype_dataset/waveforms/clip_000776.npy
777,2,1,cargo_ship,4,0.0,1.0,1.6036,6.4144,True,666.1,79,25.0,280.37,458.89,50.41,0.0226239212053617,0.0451406573978835,0.0505422232722336,124.70656945610656,87.09,93.09,94.07,6.0,/content/drive/MyDrive/SKANN_SSL/data/prototype_dataset/tensors/tensor_000777.npy,/content/drive/MyDrive/SKANN_SSL/data/prototype_dataset/waveforms/clip_000777.npy
778,3,1,cargo_ship,4,0.0,1.0,1.593,6.3719,True,729.56,109,25.0,70.32,101.9,243.44,0.0226239212053617,0.0451406573978835,0.0504596575190613,134.91325956228113,87.09,93.09,94.06,6.0,/content/drive/MyDrive/SKANN_SSL/data/prototype_dataset/tensors/tensor_000778.npy,/content/drive/MyDrive/SKANN_SSL/data/prototype_dataset/waveforms/clip_000778.npy
779,4,1,cargo_ship,4,0.0,1.0,2.4212,9.6846,True,695.16,151,25.0,278.03,137.84,0.0,0.0226239212053617,0.0451406573978835,0.0506529974674982,105.88433041091383,87.09,93.09,94.09,6.0,/content/drive/MyDrive/SKANN_SSL/data/prototype_dataset/tensors/tensor_000779.npy,/content/drive/MyDrive/SKANN_SSL/data/prototype_dataset/waveforms/clip_000779.npy
780,0,1,cargo_ship,4,50.0,0.0,2.297,9.1881,False,0.0,0,25.0,119.28,273.49,0.0,0.0226239212053617,0.0451406573978835,0.0505915635628165,141.8068365893103,87.09,93.09,94.08,6.0,/content/drive/MyDrive/SKANN_SSL/data/prototype_dataset/tensors/tensor_000780.npy,/content/drive/MyDrive/SKANN_SSL/data/prototype_dataset/waveforms/clip_000780.npy
781,1,1,cargo_ship,4,50.0,0.0,1.616,6.4638,False,0.0,0,25.0,253.23,146.54,0.0,0.0226239212053617,0.0451406573978835,0.0508252834870206,142.615791423565,87.09,93.09,94.12,6.0,/content/drive/MyDrive/SKANN_SSL/data/prototype_dataset/tensors/tensor_000781.npy,/content/drive/MyDrive/SKANN_SSL/data/prototype_dataset/waveforms/clip_000781.npy
782,2,1,cargo_ship,4,50.0,0.0,1.7135,6.8542,False,0.0,0,25.0,83.38,289.57,250.15,0.0226239212053617,0.0451406573978835,0.0503023775482311,141.9955924673704,87.09,93.09,94.03,6.0,/content/drive/MyDrive/SKANN_SSL/data/prototype_dataset/tensors/tensor_000782.npy,/content/drive/MyDrive/SKANN_SSL/data/prototype_dataset/waveforms/clip_000782.npy
783,3,1,cargo_ship,4,50.0,0.0,1.9461,7.7844,False,0.0,0,25.0,82.01,457.69,0.0,0.0226239212053617,0.0451406573978835,0.0507483629605849,142.26852072761127,87.09,93.09,94.11,6.0,/content/drive/MyDrive/SKANN_SSL/data/prototype_dataset/tensors/tensor_000783.npy,/content/drive/MyDrive/SKANN_SSL/data/prototype_dataset/waveforms/clip_000783.npy
784,4,1,cargo_ship,4,50.0,0.0,2.3074,9.2296,False,0.0,0,25.0,460.18,130.43,220.3,0.0226239212053617,0.0451406573978835,0.0507326165434644,142.24675457878493,87.09,93.09,94.11,6.0,/content/drive/MyDrive/SKANN_SSL/data/prototype_dataset/tensors/tensor_000784.npy,/content/drive/MyDrive/SKANN_SSL/data/prototype_dataset/waveforms/clip_000784.npy
785,0,1,cargo_ship,4,50.0,0.3333,1.6605,6.642,True,737.48,33,25.0,124.21,128.83,0.0,0.0226239212053617,0.0451406573978835,0.050595412604205,143.16250749596884,87.09,93.09,94.08,6.0,/content/drive/MyDrive/SKANN_SSL/data/prototype_dataset/tensors/tensor_000785.npy,/content/drive/MyDrive/SKANN_SSL/data/prototype_dataset/waveforms/clip_000785.npy
786,1,1,cargo_ship,4,50.0,0.3333,2.4579,9.8318,True,763.53,46,25.0,267.65,247.32,0.0,0.0226239212053617,0.0451406573978835,0.0502368624232216,142.11097051254512,87.09,93.09,94.02,6.0,/content/drive/MyDrive/SKANN_SSL/data/prototype_dataset/tensors/tensor_000786.npy,/content/drive/MyDrive/SKANN_SSL/data/prototype_dataset/waveforms/clip_000786.npy
787,2,1,cargo_ship,4,50.0,0.3333,1.6985,6.7938,True,817.41,44,25.0,135.42,114.25,291.84,0.0226239212053617,0.0451406573978835,0.050260139064712,142.51215257192325,87.09,93.09,94.02,6.0,/content/drive/MyDrive/SKANN_SSL/data/prototype_dataset/tensors/tensor_000787.npy,/content/drive/MyDrive/SKANN_SSL/data/prototype_dataset/waveforms/clip_000787.npy
788,3,1,cargo_ship,4,50.0,0.3333,1.5156,6.0626,True,791.1,31,25.0,109.33,106.89,0.0,0.0226239212053617,0.0451406573978835,0.0506406770793276,143.34265673101547,87.09,93.09,94.09,6.0,/content/drive/MyDrive/SKANN_SSL/data/prototype_dataset/tensors/tensor_000788.npy,/content/drive/MyDrive/SKANN_SSL/data/prototype_dataset/waveforms/clip_000788.npy
789,4,1,cargo_ship,4,50.0,0.3333,2.3155,9.262,True,717.63,50,25.0,415.24,263.36,0.0,0.0226239212053617,0.0451406573978835,0.0503722967788712,141.9808549755588,87.09,93.09,94.04,6.0,/content/drive/MyDrive/SKANN_SSL/data/prototype_dataset/tensors/tensor_000789.npy,/content/drive/MyDrive/SKANN_SSL/data/prototype_dataset/waveforms/clip_000789.npy
790,0,1,cargo_ship,4,50.0,0.6667,1.5022,6.0089,True,763.73,66,25.0,153.39,97.85,403.8,0.0226239212053617,0.0451406573978835,0.0504166959248098,139.5687047849423,87.09,93.09,94.05,6.0,/content/drive/MyDrive/SKANN_SSL/data/prototype_dataset/tensors/tensor_000790.npy,/content/drive/MyDrive/SKANN_SSL/data/prototype_dataset/waveforms/clip_000790.npy
791,1,1,cargo_ship,4,50.0,0.6667,1.9399,7.7597,True,749.5,79,25.0,392.39,213.54,71.33,0.0226239212053617,0.0451406573978835,0.0505587052832724,139.53451498705593,87.09,93.09,94.08,6.0,/content/drive/MyDrive/SKANN_SSL/data/prototype_dataset/tensors/tensor_000791.npy,/content/drive/MyDrive/SKANN_SSL/data/prototype_dataset/waveforms/clip_000791.npy
792,2,1,cargo_ship,4,50.0,0.6667,2.3386,9.3544,True,740.24,100,25.0,203.57,227.57,0.0,0.0226239212053617,0.0451406573978835,0.0502696431840992,140.2534150427209,87.09,93.09,94.03,6.0,/content/drive/MyDrive/SKANN_SSL/data/prototype_dataset/tensors/tensor_000792.npy,/content/drive/MyDrive/SKANN_SSL/data/prototype_dataset/waveforms/clip_000792.npy
793,3,1,cargo_ship,4,50.0,0.6667,2.1592,8.6369,True,727.58,95,25.0,196.31,372.55,0.0,0.0226239212053617,0.0451406573978835,0.0504606973293868,139.47553034988223,87.09,93.09,94.06,6.0,/content/drive/MyDrive/SKANN_SSL/data/prototype_dataset/tensors/tensor_000793.npy,/content/drive/MyDrive/SKANN_SSL/data/prototype_dataset/waveforms/clip_000793.npy
794,4,1,cargo_ship,4,50.0,0.6667,1.9225,7.6901,True,679.33,111,25.0,398.52,212.31,0.0,0.0226239212053617,0.0451406573978835,0.0509915016601075,140.05818892414177,87.09,93.09,94.15,6.0,/content/drive/MyDrive/SKANN_SSL/data/prototype_dataset/tensors/tensor_000794.npy,/content/drive/MyDrive/SKANN_SSL/data/prototype_dataset/waveforms/clip_000794.npy
795,0,1,cargo_ship,4,50.0,1.0,1.8851,7.5405,True,750.35,131,25.0,94.68,257.69,0.0,0.0226239212053617,0.0451406573978835,0.0497946759933526,119.34468205420166,87.09,93.09,93.94,6.0,/content/drive/MyDrive/SKANN_SSL/data/prototype_dataset/tensors/tensor_000795.npy,/content/drive/MyDrive/SKANN_SSL/data/prototype_dataset/waveforms/clip_000795.npy
796,1,1,cargo_ship,4,50.0,1.0,1.6402,6.5608,True,739.62,108,25.0,92.68,403.15,236.84,0.0226239212053617,0.0451406573978835,0.0504621545391011,129.55556703572103,87.09,93.09,94.06,6.0,/content/drive/MyDrive/SKANN_SSL/data/prototype_dataset/tensors/tensor_000796.npy,/content/drive/MyDrive/SKANN_SSL/data/prototype_dataset/waveforms/clip_000796.npy
797,2,1,cargo_ship,4,50.0,1.0,1.5823,6.3294,True,723.01,95,25.0,486.51,265.59,0.0,0.0226239212053617,0.0451406573978835,0.0508997461122162,125.67243498823404,87.09,93.09,94.13,6.0,/content/drive/MyDrive/SKANN_SSL/data/prototype_dataset/tensors/tensor_000797.npy,/content/drive/MyDrive/SKANN_SSL/data/prototype_dataset/waveforms/clip_000797.npy
798,3,1,cargo_ship,4,50.0,1.0,2.1448,8.5793,True,718.23,126,25.0,212.58,136.76,135.85,0.0226239212053617,0.0451406573978835,0.0507559656994929,112.4102794869912,87.09,93.09,94.11,6.0,/content/drive/MyDrive/SKANN_SSL/data/prototype_dataset/tensors/tensor_000798.npy,/content/drive/MyDrive/SKANN_SSL/data/prototype_dataset/waveforms/clip_000798.npy
799,4,1,cargo_ship,4,50.0,1.0,1.6551,6.6202,True,711.03,95,25.0,322.0,294.11,0.0,0.0226239212053617,0.0451406573978835,0.0501069816699974,131.5196551984777,87.09,93.09,94.0,6.0,/content/drive/MyDrive/SKANN_SSL/data/prototype_dataset/tensors/tensor_000799.npy,/content/drive/MyDrive/SKANN_SSL/data/prototype_dataset/waveforms/clip_000799.npy
800,0,1,cargo_ship,5,0.0,0.0,2.2867,11.4335,False,0.0,0,25.0,121.48,349.52,135.01,0.0226239212053617,0.0451406573978835,0.0505605529769386,139.08940470677615,87.09,93.09,94.08,6.0,/content/drive/MyDrive/SKANN_SSL/data/prototype_dataset/tensors/tensor_000800.npy,/content/drive/MyDrive/SKANN_SSL/data/prototype_dataset/waveforms/clip_000800.npy
801,1,1,cargo_ship,5,0.0,0.0,1.6442,8.221,False,0.0,0,25.0,113.21,85.15,470.37,0.0226239212053617,0.0451406573978835,0.0503451236641897,144.9609246722371,87.09,93.09,94.04,6.0,/content/drive/MyDrive/SKANN_SSL/data/prototype_dataset/tensors/tensor_000801.npy,/content/drive/MyDrive/SKANN_SSL/data/prototype_dataset/waveforms/clip_000801.npy
802,2,1,cargo_ship,5,0.0,0.0,2.0325,10.1624,False,0.0,0,25.0,73.64,253.36,0.0,0.0226239212053617,0.0451406573978835,0.0503704598035645,139.2666355171189,87.09,93.09,94.04,6.0,/content/drive/MyDrive/SKANN_SSL/data/prototype_dataset/tensors/tensor_000802.npy,/content/drive/MyDrive/SKANN_SSL/data/prototype_dataset/waveforms/clip_000802.npy
803,3,1,cargo_ship,5,0.0,0.0,2.0836,10.4178,False,0.0,0,25.0,140.79,312.31,273.83,0.0226239212053617,0.0451406573978835,0.0504618941978739,139.27810659843428,87.09,93.09,94.06,6.0,/content/drive/MyDrive/SKANN_SSL/data/prototype_dataset/tensors/tensor_000803.npy,/content/drive/MyDrive/SKANN_SSL/data/prototype_dataset/waveforms/clip_000803.npy
804,4,1,cargo_ship,5,0.0,0.0,1.563,7.815,False,0.0,0,25.0,257.16,132.64,363.03,0.0226239212053617,0.0451406573978835,0.0510015396372604,146.2210748992022,87.09,93.09,94.15,6.0,/content/drive/MyDrive/SKANN_SSL/data/prototype_dataset/tensors/tensor_000804.npy,/content/drive/MyDrive/SKANN_SSL/data/prototype_dataset/waveforms/clip_000804.npy
805,0,1,cargo_ship,5,0.0,0.3333,2.3159,11.5796,True,780.49,66,25.0,124.31,93.46,0.0,0.0226239212053617,0.0451406573978835,0.050281289906341,140.19784516691885,87.09,93.09,94.03,6.0,/content/drive/MyDrive/SKANN_SSL/data/prototype_dataset/tensors/tensor_000805.npy,/content/drive/MyDrive/SKANN_SSL/data/prototype_dataset/waveforms/clip_000805.npy
806,1,1,cargo_ship,5,0.0,0.3333,2.0877,10.4384,True,763.68,57,25.0,141.92,77.83,0.0,0.0226239212053617,0.0451406573978835,0.0503463953814132,139.72600845061777,87.09,93.09,94.04,6.0,/content/drive/MyDrive/SKANN_SSL/data/prototype_dataset/tensors/tensor_000806.npy,/content/drive/MyDrive/SKANN_SSL/data/prototype_dataset/waveforms/clip_000806.npy
807,2,1,cargo_ship,5,0.0,0.3333,1.718,8.5898,True,703.36,57,25.0,240.07,106.79,0.0,0.0226239212053617,0.0451406573978835,0.0506139883930438,145.4305322547871,87.09,93.09,94.09,6.0,/content/drive/MyDrive/SKANN_SSL/data/prototype_dataset/tensors/tensor_000807.npy,/content/drive/MyDrive/SKANN_SSL/data/prototype_dataset/waveforms/clip_000807.npy
808,3,1,cargo_ship,5,0.0,0.3333,1.7956,8.9778,True,762.0,54,25.0,264.28,122.81,158.9,0.0226239212053617,0.0451406573978835,0.0503824696933651,145.14753587132003,87.09,93.09,94.05,6.0,/content/drive/MyDrive/SKANN_SSL/data/prototype_dataset/tensors/tensor_000808.npy,/content/drive/MyDrive/SKANN_SSL/data/prototype_dataset/waveforms/clip_000808.npy
809,4,1,cargo_ship,5,0.0,0.3333,1.9691,9.8454,True,717.85,59,25.0,141.12,107.93,0.0,0.0226239212053617,0.0451406573978835,0.0500666011279903,145.15933273167923,87.09,93.09,93.99,6.0,/content/drive/MyDrive/SKANN_SSL/data/prototype_dataset/tensors/tensor_000809.npy,/content/drive/MyDrive/SKANN_SSL/data/prototype_dataset/waveforms/clip_000809.npy
810,0,1,cargo_ship,5,0.0,0.6667,2.1919,10.9593,True,697.58,139,25.0,133.11,181.77,0.0,0.0226239212053617,0.0451406573978835,0.0507580431296178,135.55762484908465,87.09,93.09,94.11,6.0,/content/drive/MyDrive/SKANN_SSL/data/prototype_dataset/tensors/tensor_000810.npy,/content/drive/MyDrive/SKANN_SSL/data/prototype_dataset/waveforms/clip_000810.npy
811,1,1,cargo_ship,5,0.0,0.6667,1.9854,9.9272,True,730.41,106,25.0,232.18,144.76,0.0,0.0226239212053617,0.0451406573978835,0.0505920782680124,139.7820950515866,87.09,93.09,94.08,6.0,/content/drive/MyDrive/SKANN_SSL/data/prototype_dataset/tensors/tensor_000811.npy,/content/drive/MyDrive/SKANN_SSL/data/prototype_dataset/waveforms/clip_000811.npy
812,2,1,cargo_ship,5,0.0,0.6667,1.7055,8.5274,True,712.38,90,25.0,171.29,83.69,387.15,0.0226239212053617,0.0451406573978835,0.0503194023201543,139.27760405640862,87.09,93.09,94.03,6.0,/content/drive/MyDrive/SKANN_SSL/data/prototype_dataset/tensors/tensor_000812.npy,/content/drive/MyDrive/SKANN_SSL/data/prototype_dataset/waveforms/clip_000812.npy
813,3,1,cargo_ship,5,0.0,0.6667,1.6889,8.4445,True,748.12,108,25.0,183.13,143.57,0.0,0.0226239212053617,0.0451406573978835,0.0502658752759594,138.74134500513327,87.09,93.09,94.03,6.0,/content/drive/MyDrive/SKANN_SSL/data/prototype_dataset/tensors/tensor_000813.npy,/content/drive/MyDrive/SKANN_SSL/data/prototype_dataset/waveforms/clip_000813.npy
814,4,1,cargo_ship,5,0.0,0.6667,2.0389,10.1945,True,674.51,112,25.0,140.21,342.06,0.0,0.0226239212053617,0.0451406573978835,0.0507879068565947,133.80467281255738,87.09,93.09,94.12,6.0,/content/drive/MyDrive/SKANN_SSL/data/prototype_dataset/tensors/tensor_000814.npy,/content/drive/MyDrive/SKANN_SSL/data/prototype_dataset/waveforms/clip_000814.npy
815,0,1,cargo_ship,5,0.0,1.0,1.7274,8.6369,True,771.65,109,25.0,97.06,216.14,0.0,0.0226239212053617,0.0451406573978835,0.0498823216322101,115.36543842147162,87.09,93.09,93.96,6.0,/content/drive/MyDrive/SKANN_SSL/data/prototype_dataset/tensors/tensor_000815.npy,/content/drive/MyDrive/SKANN_SSL/data/prototype_dataset/waveforms/clip_000815.npy
816,1,1,cargo_ship,5,0.0,1.0,1.5554,7.7771,True,723.84,125,25.0,461.52,103.58,100.0,0.0226239212053617,0.0451406573978835,0.0502649531746915,124.3443248640917,87.09,93.09,94.03,6.0,/content/drive/MyDrive/SKANN_SSL/data/prototype_dataset/tensors/tensor_000816.npy,/content/drive/MyDrive/SKANN_SSL/data/prototype_dataset/waveforms/clip_000816.npy
817,2,1,cargo_ship,5,0.0,1.0,1.5963,7.9817,True,755.87,147,25.0,140.94,243.98,92.23,0.0226239212053617,0.0451406573978835,0.0500823541485731,121.05472086548195,87.09,93.09,93.99,6.0,/content/drive/MyDrive/SKANN_SSL/data/prototype_dataset/tensors/tensor_000817.npy,/content/drive/MyDrive/SKANN_SSL/data/prototype_dataset/waveforms/clip_000817.npy
818,3,1,cargo_ship,5,0.0,1.0,2.1749,10.8745,True,732.79,181,25.0,135.14,386.08,228.11,0.0226239212053617,0.0451406573978835,0.0504966029115417,112.81794866776823,87.09,93.09,94.07,6.0,/content/drive/MyDrive/SKANN_SSL/data/prototype_dataset/tensors/tensor_000818.npy,/content/drive/MyDrive/SKANN_SSL/data/prototype_dataset/waveforms/clip_000818.npy
819,4,1,cargo_ship,5,0.0,1.0,2.0453,10.2266,True,733.16,130,25.0,478.32,207.34,0.0,0.0226239212053617,0.0451406573978835,0.0502413678133323,116.08340281697846,87.09,93.09,94.02,6.0,/content/drive/MyDrive/SKANN_SSL/data/prototype_dataset/tensors/tensor_000819.npy,/content/drive/MyDrive/SKANN_SSL/data/prototype_dataset/waveforms/clip_000819.npy
820,0,1,cargo_ship,5,50.0,0.0,2.1496,10.7479,False,0.0,0,25.0,112.9,124.2,434.31,0.0226239212053617,0.0451406573978835,0.0502839380022434,136.65453676511956,87.09,93.09,94.03,6.0,/content/drive/MyDrive/SKANN_SSL/data/prototype_dataset/tensors/tensor_000820.npy,/content/drive/MyDrive/SKANN_SSL/data/prototype_dataset/waveforms/clip_000820.npy
821,1,1,cargo_ship,5,50.0,0.0,1.5157,7.5784,False,0.0,0,25.0,251.01,390.69,0.0,0.0226239212053617,0.0451406573978835,0.0507480183305691,143.57972751470314,87.09,93.09,94.11,6.0,/content/drive/MyDrive/SKANN_SSL/data/prototype_dataset/tensors/tensor_000821.npy,/content/drive/MyDrive/SKANN_SSL/data/prototype_dataset/waveforms/clip_000821.npy
822,2,1,cargo_ship,5,50.0,0.0,2.3586,11.7932,False,0.0,0,25.0,257.2,300.82,0.0,0.0226239212053617,0.0451406573978835,0.0505688684943024,136.98520267922547,87.09,93.09,94.08,6.0,/content/drive/MyDrive/SKANN_SSL/data/prototype_dataset/tensors/tensor_000822.npy,/content/drive/MyDrive/SKANN_SSL/data/prototype_dataset/waveforms/clip_000822.npy
823,3,1,cargo_ship,5,50.0,0.0,1.8787,9.3934,False,0.0,0,25.0,474.27,149.92,0.0,0.0226239212053617,0.0451406573978835,0.051038058776406,143.25154776076786,87.09,93.09,94.16,6.0,/content/drive/MyDrive/SKANN_SSL/data/prototype_dataset/tensors/tensor_000823.npy,/content/drive/MyDrive/SKANN_SSL/data/prototype_dataset/waveforms/clip_000823.npy
824,4,1,cargo_ship,5,50.0,0.0,1.5473,7.7364,False,0.0,0,25.0,388.3,139.74,101.66,0.0226239212053617,0.0451406573978835,0.0503545445088461,143.4916301877064,87.09,93.09,94.04,6.0,/content/drive/MyDrive/SKANN_SSL/data/prototype_dataset/tensors/tensor_000824.npy,/content/drive/MyDrive/SKANN_SSL/data/prototype_dataset/waveforms/clip_000824.npy
825,0,1,cargo_ship,5,50.0,0.3333,1.7586,8.7929,True,727.32,65,25.0,263.1,422.97,0.0,0.0226239212053617,0.0451406573978835,0.0506353221534827,143.28794513068365,87.09,93.09,94.09,6.0,/content/drive/MyDrive/SKANN_SSL/data/prototype_dataset/tensors/tensor_000825.npy,/content/drive/MyDrive/SKANN_SSL/data/prototype_dataset/waveforms/clip_000825.npy
826,1,1,cargo_ship,5,50.0,0.3333,2.1639,10.8197,True,699.37,86,25.0,269.02,106.44,0.0,0.0226239212053617,0.0451406573978835,0.0505380398458537,137.2135274357682,87.09,93.09,94.07,6.0,/content/drive/MyDrive/SKANN_SSL/data/prototype_dataset/tensors/tensor_000826.npy,/content/drive/MyDrive/SKANN_SSL/data/prototype_dataset/waveforms/clip_000826.npy
827,2,1,cargo_ship,5,50.0,0.3333,1.7924,8.9618,True,706.79,62,25.0,81.77,174.15,375.89,0.0226239212053617,0.0451406573978835,0.0502065396935564,142.2545409319905,87.09,93.09,94.02,6.0,/content/drive/MyDrive/SKANN_SSL/data/prototype_dataset/tensors/tensor_000827.npy,/content/drive/MyDrive/SKANN_SSL/data/prototype_dataset/waveforms/clip_000827.npy
828,3,1,cargo_ship,5,50.0,0.3333,1.8868,9.4339,True,660.1,59,25.0,485.07,60.01,267.84,0.0226239212053617,0.0451406573978835,0.0501051159272007,142.86501674083755,87.09,93.09,94.0,6.0,/content/drive/MyDrive/SKANN_SSL/data/prototype_dataset/tensors/tensor_000828.npy,/content/drive/MyDrive/SKANN_SSL/data/prototype_dataset/waveforms/clip_000828.npy
829,4,1,cargo_ship,5,50.0,0.3333,2.4182,12.0911,True,755.64,63,25.0,329.59,159.98,90.56,0.0226239212053617,0.0451406573978835,0.0505182059573145,137.1945017116275,87.09,93.09,94.07,6.0,/content/drive/MyDrive/SKANN_SSL/data/prototype_dataset/tensors/tensor_000829.npy,/content/drive/MyDrive/SKANN_SSL/data/prototype_dataset/waveforms/clip_000829.npy
830,0,1,cargo_ship,5,50.0,0.6667,2.0762,10.3811,True,719.05,102,25.0,119.34,428.63,0.0,0.0226239212053617,0.0451406573978835,0.0506468450498133,131.59248071149406,87.09,93.09,94.09,6.0,/content/drive/MyDrive/SKANN_SSL/data/prototype_dataset/tensors/tensor_000830.npy,/content/drive/MyDrive/SKANN_SSL/data/prototype_dataset/waveforms/clip_000830.npy
831,1,1,cargo_ship,5,50.0,0.6667,2.129,10.6449,True,735.34,117,25.0,86.37,217.44,0.0,0.0226239212053617,0.0451406573978835,0.0504682009926344,131.07325577681448,87.09,93.09,94.06,6.0,/content/drive/MyDrive/SKANN_SSL/data/prototype_dataset/tensors/tensor_000831.npy,/content/drive/MyDrive/SKANN_SSL/data/prototype_dataset/waveforms/clip_000831.npy
832,2,1,cargo_ship,5,50.0,0.6667,1.6882,8.4412,True,761.18,91,25.0,149.71,442.07,0.0,0.0226239212053617,0.0451406573978835,0.0506150211295786,140.2667435574752,87.09,93.09,94.09,6.0,/content/drive/MyDrive/SKANN_SSL/data/prototype_dataset/tensors/tensor_000832.npy,/content/drive/MyDrive/SKANN_SSL/data/prototype_dataset/waveforms/clip_000832.npy
833,3,1,cargo_ship,5,50.0,0.6667,1.5933,7.9663,True,742.56,91,25.0,295.96,130.53,0.0,0.0226239212053617,0.0451406573978835,0.0504096486162351,137.67079517709195,87.09,93.09,94.05,6.0,/content/drive/MyDrive/SKANN_SSL/data/prototype_dataset/tensors/tensor_000833.npy,/content/drive/MyDrive/SKANN_SSL/data/prototype_dataset/waveforms/clip_000833.npy
834,4,1,cargo_ship,5,50.0,0.6667,1.9158,9.5791,True,720.77,114,25.0,233.55,251.47,0.0,0.0226239212053617,0.0451406573978835,0.0507181927157998,137.29678545961625,87.09,93.09,94.1,6.0,/content/drive/MyDrive/SKANN_SSL/data/prototype_dataset/tensors/tensor_000834.npy,/content/drive/MyDrive/SKANN_SSL/data/prototype_dataset/waveforms/clip_000834.npy
835,0,1,cargo_ship,5,50.0,1.0,1.9139,9.5693,True,747.87,143,25.0,120.18,228.37,95.9,0.0226239212053617,0.0451406573978835,0.05069997486683,121.902115267566,87.09,93.09,94.1,6.0,/content/drive/MyDrive/SKANN_SSL/data/prototype_dataset/tensors/tensor_000835.npy,/content/drive/MyDrive/SKANN_SSL/data/prototype_dataset/waveforms/clip_000835.npy
836,1,1,cargo_ship,5,50.0,1.0,1.7274,8.6369,True,711.26,156,25.0,415.66,138.83,254.0,0.0226239212053617,0.0451406573978835,0.0504326860695547,114.31299750956413,87.09,93.09,94.05,6.0,/content/drive/MyDrive/SKANN_SSL/data/prototype_dataset/tensors/tensor_000836.npy,/content/drive/MyDrive/SKANN_SSL/data/prototype_dataset/waveforms/clip_000836.npy
837,2,1,cargo_ship,5,50.0,1.0,2.0948,10.4741,True,696.2,150,25.0,139.35,408.26,54.28,0.0226239212053617,0.0451406573978835,0.0508733385338272,118.31445968035752,87.09,93.09,94.13,6.0,/content/drive/MyDrive/SKANN_SSL/data/prototype_dataset/tensors/tensor_000837.npy,/content/drive/MyDrive/SKANN_SSL/data/prototype_dataset/waveforms/clip_000837.npy
838,3,1,cargo_ship,5,50.0,1.0,2.3985,11.9926,True,719.58,199,25.0,112.55,202.96,0.0,0.0226239212053617,0.0451406573978835,0.0504818424686682,92.01689712520565,87.09,93.09,94.06,6.0,/content/drive/MyDrive/SKANN_SSL/data/prototype_dataset/tensors/tensor_000838.npy,/content/drive/MyDrive/SKANN_SSL/data/prototype_dataset/waveforms/clip_000838.npy
839,4,1,cargo_ship,5,50.0,1.0,2.4377,12.1883,True,730.24,186,25.0,82.63,352.71,0.0,0.0226239212053617,0.0451406573978835,0.050737384255698,106.41897199193971,87.09,93.09,94.11,6.0,/content/drive/MyDrive/SKANN_SSL/data/prototype_dataset/tensors/tensor_000839.npy,/content/drive/MyDrive/SKANN_SSL/data/prototype_dataset/waveforms/clip_000839.npy
840,0,1,tanker,3,0.0,0.0,1.1616,3.4849,False,0.0,0,25.0,191.68,342.44,91.75,0.0226239212053617,0.0451406573978835,0.0507285385440602,136.12015711829048,87.09,93.09,94.11,6.0,/content/drive/MyDrive/SKANN_SSL/data/prototype_dataset/tensors/tensor_000840.npy,/content/drive/MyDrive/SKANN_SSL/data/prototype_dataset/waveforms/clip_000840.npy
841,1,1,tanker,3,0.0,0.0,1.0086,3.0257,False,0.0,0,25.0,172.77,92.55,459.66,0.0226239212053617,0.0451406573978835,0.0501134389294179,138.47308183044112,87.09,93.09,94.0,6.0,/content/drive/MyDrive/SKANN_SSL/data/prototype_dataset/tensors/tensor_000841.npy,/content/drive/MyDrive/SKANN_SSL/data/prototype_dataset/waveforms/clip_000841.npy
842,2,1,tanker,3,0.0,0.0,1.3971,4.1912,False,0.0,0,25.0,126.43,478.02,0.0,0.0226239212053617,0.0451406573978835,0.0502204867977175,137.16326096225404,87.09,93.09,94.02,6.0,/content/drive/MyDrive/SKANN_SSL/data/prototype_dataset/tensors/tensor_000842.npy,/content/drive/MyDrive/SKANN_SSL/data/prototype_dataset/waveforms/clip_000842.npy
843,3,1,tanker,3,0.0,0.0,1.2818,3.8454,False,0.0,0,25.0,353.19,100.1,152.98,0.0226239212053617,0.0451406573978835,0.050685183232563,136.94642501672777,87.09,93.09,94.1,6.0,/content/drive/MyDrive/SKANN_SSL/data/prototype_dataset/tensors/tensor_000843.npy,/content/drive/MyDrive/SKANN_SSL/data/prototype_dataset/waveforms/clip_000843.npy
844,4,1,tanker,3,0.0,0.0,1.1433,3.43,False,0.0,0,25.0,79.42,222.09,130.38,0.0226239212053617,0.0451406573978835,0.0505637316861282,137.60143724324504,87.09,93.09,94.08,6.0,/content/drive/MyDrive/SKANN_SSL/data/prototype_dataset/tensors/tensor_000844.npy,/content/drive/MyDrive/SKANN_SSL/data/prototype_dataset/waveforms/clip_000844.npy
845,0,1,tanker,3,0.0,0.3333,1.3973,4.192,True,441.57,32,25.0,102.34,315.87,0.0,0.0226239212053617,0.0451406573978835,0.0506468475429665,136.96627835457224,87.09,93.09,94.09,6.0,/content/drive/MyDrive/SKANN_SSL/data/prototype_dataset/tensors/tensor_000845.npy,/content/drive/MyDrive/SKANN_SSL/data/prototype_dataset/waveforms/clip_000845.npy
846,1,1,tanker,3,0.0,0.3333,1.3754,4.1262,True,452.09,16,25.0,127.66,447.77,127.46,0.0226239212053617,0.0451406573978835,0.0503857641995632,136.4423824023771,87.09,93.09,94.05,6.0,/content/drive/MyDrive/SKANN_SSL/data/prototype_dataset/tensors/tensor_000846.npy,/content/drive/MyDrive/SKANN_SSL/data/prototype_dataset/waveforms/clip_000846.npy
847,2,1,tanker,3,0.0,0.3333,1.05,3.15,True,501.18,18,25.0,262.34,72.97,245.84,0.0226239212053617,0.0451406573978835,0.0500702636039908,137.71540402367236,87.09,93.09,93.99,6.0,/content/drive/MyDrive/SKANN_SSL/data/prototype_dataset/tensors/tensor_000847.npy,/content/drive/MyDrive/SKANN_SSL/data/prototype_dataset/waveforms/clip_000847.npy
848,3,1,tanker,3,0.0,0.3333,1.3626,4.0878,True,478.48,28,25.0,295.5,276.51,0.0,0.0226239212053617,0.0451406573978835,0.050368887226072,136.92951487488557,87.09,93.09,94.04,6.0,/content/drive/MyDrive/SKANN_SSL/data/prototype_dataset/tensors/tensor_000848.npy,/content/drive/MyDrive/SKANN_SSL/data/prototype_dataset/waveforms/clip_000848.npy
849,4,1,tanker,3,0.0,0.3333,1.3727,4.1181,True,515.87,22,25.0,102.28,132.33,458.1,0.0226239212053617,0.0451406573978835,0.0499511475770543,135.84794406159085,87.09,93.09,93.97,6.0,/content/drive/MyDrive/SKANN_SSL/data/prototype_dataset/tensors/tensor_000849.npy,/content/drive/MyDrive/SKANN_SSL/data/prototype_dataset/waveforms/clip_000849.npy
850,0,1,tanker,3,0.0,0.6667,1.186,3.558,True,480.67,37,25.0,112.61,237.12,0.0,0.0226239212053617,0.0451406573978835,0.0502918925917482,135.01141078866004,87.09,93.09,94.03,6.0,/content/drive/MyDrive/SKANN_SSL/data/prototype_dataset/tensors/tensor_000850.npy,/content/drive/MyDrive/SKANN_SSL/data/prototype_dataset/waveforms/clip_000850.npy
851,1,1,tanker,3,0.0,0.6667,1.2677,3.8031,True,514.87,41,25.0,237.31,120.25,0.0,0.0226239212053617,0.0451406573978835,0.0508731772498285,135.32534221222997,87.09,93.09,94.13,6.0,/content/drive/MyDrive/SKANN_SSL/data/prototype_dataset/tensors/tensor_000851.npy,/content/drive/MyDrive/SKANN_SSL/data/prototype_dataset/waveforms/clip_000851.npy
852,2,1,tanker,3,0.0,0.6667,1.2217,3.6651,True,468.93,35,25.0,160.7,430.43,0.0,0.0226239212053617,0.0451406573978835,0.0506934164634715,136.18276822256604,87.09,93.09,94.1,6.0,/content/drive/MyDrive/SKANN_SSL/data/prototype_dataset/tensors/tensor_000852.npy,/content/drive/MyDrive/SKANN_SSL/data/prototype_dataset/waveforms/clip_000852.npy
853,3,1,tanker,3,0.0,0.6667,1.196,3.5881,True,492.23,38,25.0,271.92,453.98,0.0,0.0226239212053617,0.0451406573978835,0.0504765412722436,134.765515503151,87.09,93.09,94.06,6.0,/content/drive/MyDrive/SKANN_SSL/data/prototype_dataset/tensors/tensor_000853.npy,/content/drive/MyDrive/SKANN_SSL/data/prototype_dataset/waveforms/clip_000853.npy
854,4,1,tanker,3,0.0,0.6667,1.0466,3.1399,True,470.94,34,25.0,266.73,116.62,488.88,0.0226239212053617,0.0451406573978835,0.0506786200768261,136.9716058697198,87.09,93.09,94.1,6.0,/content/drive/MyDrive/SKANN_SSL/data/prototype_dataset/tensors/tensor_000854.npy,/content/drive/MyDrive/SKANN_SSL/data/prototype_dataset/waveforms/clip_000854.npy
855,0,1,tanker,3,0.0,1.0,1.0653,3.1958,True,500.4,50,25.0,278.38,327.91,93.23,0.0226239212053617,0.0451406573978835,0.0500973102538625,130.75957623967616,87.09,93.09,94.0,6.0,/content/drive/MyDrive/SKANN_SSL/data/prototype_dataset/tensors/tensor_000855.npy,/content/drive/MyDrive/SKANN_SSL/data/prototype_dataset/waveforms/clip_000855.npy
856,1,1,tanker,3,0.0,1.0,1.2707,3.812,True,528.61,52,25.0,264.31,50.54,108.33,0.0226239212053617,0.0451406573978835,0.0504406333551874,127.17889150568536,87.09,93.09,94.06,6.0,/content/drive/MyDrive/SKANN_SSL/data/prototype_dataset/tensors/tensor_000856.npy,/content/drive/MyDrive/SKANN_SSL/data/prototype_dataset/waveforms/clip_000856.npy
857,2,1,tanker,3,0.0,1.0,1.4975,4.4926,True,480.11,74,25.0,282.23,204.88,0.0,0.0226239212053617,0.0451406573978835,0.0505906438246385,120.00191608283016,87.09,93.09,94.08,6.0,/content/drive/MyDrive/SKANN_SSL/data/prototype_dataset/tensors/tensor_000857.npy,/content/drive/MyDrive/SKANN_SSL/data/prototype_dataset/waveforms/clip_000857.npy
858,3,1,tanker,3,0.0,1.0,1.2847,3.854,True,454.68,67,25.0,480.4,286.45,0.0,0.0226239212053617,0.0451406573978835,0.0505445229524604,122.21589990100162,87.09,93.09,94.07,6.0,/content/drive/MyDrive/SKANN_SSL/data/prototype_dataset/tensors/tensor_000858.npy,/content/drive/MyDrive/SKANN_SSL/data/prototype_dataset/waveforms/clip_000858.npy
859,4,1,tanker,3,0.0,1.0,1.0377,3.113,True,436.05,44,25.0,429.04,282.71,0.0,0.0226239212053617,0.0451406573978835,0.0505866248598402,117.94945099301792,87.09,93.09,94.08,6.0,/content/drive/MyDrive/SKANN_SSL/data/prototype_dataset/tensors/tensor_000859.npy,/content/drive/MyDrive/SKANN_SSL/data/prototype_dataset/waveforms/clip_000859.npy
860,0,1,tanker,3,50.0,0.0,1.0368,3.1103,False,0.0,0,25.0,248.4,107.98,0.0,0.0226239212053617,0.0451406573978835,0.0507153815517683,135.7624320424472,87.09,93.09,94.1,6.0,/content/drive/MyDrive/SKANN_SSL/data/prototype_dataset/tensors/tensor_000860.npy,/content/drive/MyDrive/SKANN_SSL/data/prototype_dataset/waveforms/clip_000860.npy
861,1,1,tanker,3,50.0,0.0,1.1796,3.5387,False,0.0,0,25.0,71.04,484.25,254.16,0.0226239212053617,0.0451406573978835,0.0504888121569368,134.49575581992397,87.09,93.09,94.06,6.0,/content/drive/MyDrive/SKANN_SSL/data/prototype_dataset/tensors/tensor_000861.npy,/content/drive/MyDrive/SKANN_SSL/data/prototype_dataset/waveforms/clip_000861.npy
862,2,1,tanker,3,50.0,0.0,1.219,3.6571,False,0.0,0,25.0,100.08,210.49,0.0,0.0226239212053617,0.0451406573978835,0.0504920822859104,134.1412756002126,87.09,93.09,94.06,6.0,/content/drive/MyDrive/SKANN_SSL/data/prototype_dataset/tensors/tensor_000862.npy,/content/drive/MyDrive/SKANN_SSL/data/prototype_dataset/waveforms/clip_000862.npy
863,3,1,tanker,3,50.0,0.0,1.2586,3.7757,False,0.0,0,25.0,101.81,466.96,150.01,0.0226239212053617,0.0451406573978835,0.0504959295632283,133.7736525445966,87.09,93.09,94.07,6.0,/content/drive/MyDrive/SKANN_SSL/data/prototype_dataset/tensors/tensor_000863.npy,/content/drive/MyDrive/SKANN_SSL/data/prototype_dataset/waveforms/clip_000863.npy
864,4,1,tanker,3,50.0,0.0,1.1572,3.4717,False,0.0,0,25.0,118.03,201.39,0.0,0.0226239212053617,0.0451406573978835,0.0510895407623854,134.83817454169457,87.09,93.09,94.17,6.0,/content/drive/MyDrive/SKANN_SSL/data/prototype_dataset/tensors/tensor_000864.npy,/content/drive/MyDrive/SKANN_SSL/data/prototype_dataset/waveforms/clip_000864.npy
865,0,1,tanker,3,50.0,0.3333,1.3899,4.1697,True,503.37,26,25.0,237.39,262.66,104.17,0.0226239212053617,0.0451406573978835,0.0500150427043558,134.3911952750319,87.09,93.09,93.98,6.0,/content/drive/MyDrive/SKANN_SSL/data/prototype_dataset/tensors/tensor_000865.npy,/content/drive/MyDrive/SKANN_SSL/data/prototype_dataset/waveforms/clip_000865.npy
866,1,1,tanker,3,50.0,0.3333,1.2284,3.6851,True,608.26,29,25.0,290.24,115.12,281.0,0.0226239212053617,0.0451406573978835,0.0505329461282722,134.8265875505664,87.09,93.09,94.07,6.0,/content/drive/MyDrive/SKANN_SSL/data/prototype_dataset/tensors/tensor_000866.npy,/content/drive/MyDrive/SKANN_SSL/data/prototype_dataset/waveforms/clip_000866.npy
867,2,1,tanker,3,50.0,0.3333,1.4112,4.2337,True,594.52,14,25.0,232.72,280.47,84.6,0.0226239212053617,0.0451406573978835,0.0505817833748211,134.47785556912262,87.09,93.09,94.08,6.0,/content/drive/MyDrive/SKANN_SSL/data/prototype_dataset/tensors/tensor_000867.npy,/content/drive/MyDrive/SKANN_SSL/data/prototype_dataset/waveforms/clip_000867.npy
868,3,1,tanker,3,50.0,0.3333,1.2751,3.8254,True,440.44,31,25.0,234.72,112.79,122.24,0.0226239212053617,0.0451406573978835,0.0505066160533421,134.43755639530738,87.09,93.09,94.07,6.0,/content/drive/MyDrive/SKANN_SSL/data/prototype_dataset/tensors/tensor_000868.npy,/content/drive/MyDrive/SKANN_SSL/data/prototype_dataset/waveforms/clip_000868.npy
869,4,1,tanker,3,50.0,0.3333,1.3324,3.9973,True,426.65,25,25.0,222.95,200.55,0.0,0.0226239212053617,0.0451406573978835,0.0501702826961845,134.63077888720824,87.09,93.09,94.01,6.0,/content/drive/MyDrive/SKANN_SSL/data/prototype_dataset/tensors/tensor_000869.npy,/content/drive/MyDrive/SKANN_SSL/data/prototype_dataset/waveforms/clip_000869.npy
870,0,1,tanker,3,50.0,0.6667,1.41,4.2299,True,519.33,38,25.0,231.03,85.51,0.0,0.0226239212053617,0.0451406573978835,0.0506284714734172,133.64905194139286,87.09,93.09,94.09,6.0,/content/drive/MyDrive/SKANN_SSL/data/prototype_dataset/tensors/tensor_000870.npy,/content/drive/MyDrive/SKANN_SSL/data/prototype_dataset/waveforms/clip_000870.npy
871,1,1,tanker,3,50.0,0.6667,1.1643,3.4929,True,474.73,44,25.0,281.5,203.5,0.0,0.0226239212053617,0.0451406573978835,0.050539668900036,132.03008767410583,87.09,93.09,94.07,6.0,/content/drive/MyDrive/SKANN_SSL/data/prototype_dataset/tensors/tensor_000871.npy,/content/drive/MyDrive/SKANN_SSL/data/prototype_dataset/waveforms/clip_000871.npy
872,2,1,tanker,3,50.0,0.6667,1.1356,3.4068,True,433.76,29,25.0,108.24,225.28,237.17,0.0226239212053617,0.0451406573978835,0.0505126763104386,132.809456681909,87.09,93.09,94.07,6.0,/content/drive/MyDrive/SKANN_SSL/data/prototype_dataset/tensors/tensor_000872.npy,/content/drive/MyDrive/SKANN_SSL/data/prototype_dataset/waveforms/clip_000872.npy
873,3,1,tanker,3,50.0,0.6667,1.1907,3.5721,True,487.79,32,25.0,312.12,128.02,282.74,0.0226239212053617,0.0451406573978835,0.0502785411472748,132.2979847441691,87.09,93.09,94.03,6.0,/content/drive/MyDrive/SKANN_SSL/data/prototype_dataset/tensors/tensor_000873.npy,/content/drive/MyDrive/SKANN_SSL/data/prototype_dataset/waveforms/clip_000873.npy
874,4,1,tanker,3,50.0,0.6667,1.4761,4.4283,True,467.44,49,25.0,113.8,376.81,225.7,0.0226239212053617,0.0451406573978835,0.050116930152152,130.51396304287013,87.09,93.09,94.0,6.0,/content/drive/MyDrive/SKANN_SSL/data/prototype_dataset/tensors/tensor_000874.npy,/content/drive/MyDrive/SKANN_SSL/data/prototype_dataset/waveforms/clip_000874.npy
875,0,1,tanker,3,50.0,1.0,1.359,4.0771,True,518.46,58,25.0,365.2,185.99,94.23,0.0226239212053617,0.0451406573978835,0.0507066238229427,127.7590960152242,87.09,93.09,94.1,6.0,/content/drive/MyDrive/SKANN_SSL/data/prototype_dataset/tensors/tensor_000875.npy,/content/drive/MyDrive/SKANN_SSL/data/prototype_dataset/waveforms/clip_000875.npy
876,1,1,tanker,3,50.0,1.0,1.2683,3.805,True,486.0,72,25.0,78.23,427.53,0.0,0.0226239212053617,0.0451406573978835,0.0500068146066697,114.14441717633436,87.09,93.09,93.98,6.0,/content/drive/MyDrive/SKANN_SSL/data/prototype_dataset/tensors/tensor_000876.npy,/content/drive/MyDrive/SKANN_SSL/data/prototype_dataset/waveforms/clip_000876.npy
877,2,1,tanker,3,50.0,1.0,1.455,4.3651,True,474.98,80,25.0,348.04,126.27,0.0,0.0226239212053617,0.0451406573978835,0.0504680380152141,120.24680263824608,87.09,93.09,94.06,6.0,/content/drive/MyDrive/SKANN_SSL/data/prototype_dataset/tensors/tensor_000877.npy,/content/drive/MyDrive/SKANN_SSL/data/prototype_dataset/waveforms/clip_000877.npy
878,3,1,tanker,3,50.0,1.0,1.249,3.747,True,495.21,61,25.0,138.98,189.86,0.0,0.0226239212053617,0.0451406573978835,0.0499235282376454,111.23800386037128,87.09,93.09,93.97,6.0,/content/drive/MyDrive/SKANN_SSL/data/prototype_dataset/tensors/tensor_000878.npy,/content/drive/MyDrive/SKANN_SSL/data/prototype_dataset/waveforms/clip_000878.npy
879,4,1,tanker,3,50.0,1.0,1.1419,3.4258,True,462.72,63,25.0,234.09,292.84,0.0,0.0226239212053617,0.0451406573978835,0.0509286884980534,115.07660261699829,87.09,93.09,94.14,6.0,/content/drive/MyDrive/SKANN_SSL/data/prototype_dataset/tensors/tensor_000879.npy,/content/drive/MyDrive/SKANN_SSL/data/prototype_dataset/waveforms/clip_000879.npy
880,0,1,tanker,4,0.0,0.0,1.0123,4.0493,False,0.0,0,25.0,280.97,117.62,272.13,0.0226239212053617,0.0451406573978835,0.0502359552144049,137.26860436026547,87.09,93.09,94.02,6.0,/content/drive/MyDrive/SKANN_SSL/data/prototype_dataset/tensors/tensor_000880.npy,/content/drive/MyDrive/SKANN_SSL/data/prototype_dataset/waveforms/clip_000880.npy
881,1,1,tanker,4,0.0,0.0,1.0384,4.1537,False,0.0,0,25.0,381.36,142.41,82.14,0.0226239212053617,0.0451406573978835,0.0504221842437231,137.2927394007763,87.09,93.09,94.05,6.0,/content/drive/MyDrive/SKANN_SSL/data/prototype_dataset/tensors/tensor_000881.npy,/content/drive/MyDrive/SKANN_SSL/data/prototype_dataset/waveforms/clip_000881.npy
882,2,1,tanker,4,0.0,0.0,1.3838,5.5353,False,0.0,0,25.0,221.47,259.73,0.0,0.0226239212053617,0.0451406573978835,0.0504421380097867,135.3243667380681,87.09,93.09,94.06,6.0,/content/drive/MyDrive/SKANN_SSL/data/prototype_dataset/tensors/tensor_000882.npy,/content/drive/MyDrive/SKANN_SSL/data/prototype_dataset/waveforms/clip_000882.npy
883,3,1,tanker,4,0.0,0.0,1.3252,5.3007,False,0.0,0,25.0,386.15,235.54,123.25,0.0226239212053617,0.0451406573978835,0.0499753511372193,135.00491836113395,87.09,93.09,93.98,6.0,/content/drive/MyDrive/SKANN_SSL/data/prototype_dataset/tensors/tensor_000883.npy,/content/drive/MyDrive/SKANN_SSL/data/prototype_dataset/waveforms/clip_000883.npy
884,4,1,tanker,4,0.0,0.0,1.1326,4.5303,False,0.0,0,25.0,127.71,468.39,0.0,0.0226239212053617,0.0451406573978835,0.0506109771811504,137.71862784516736,87.09,93.09,94.08,6.0,/content/drive/MyDrive/SKANN_SSL/data/prototype_dataset/tensors/tensor_000884.npy,/content/drive/MyDrive/SKANN_SSL/data/prototype_dataset/waveforms/clip_000884.npy
885,0,1,tanker,4,0.0,0.3333,1.4237,5.6947,True,521.41,32,25.0,106.93,195.55,0.0,0.0226239212053617,0.0451406573978835,0.0507129743631303,135.95093340405464,87.09,93.09,94.1,6.0,/content/drive/MyDrive/SKANN_SSL/data/prototype_dataset/tensors/tensor_000885.npy,/content/drive/MyDrive/SKANN_SSL/data/prototype_dataset/waveforms/clip_000885.npy
886,1,1,tanker,4,0.0,0.3333,1.0736,4.2944,True,476.58,36,25.0,219.43,102.79,0.0,0.0226239212053617,0.0451406573978835,0.0505795441149515,137.2630942739942,87.09,93.09,94.08,6.0,/content/drive/MyDrive/SKANN_SSL/data/prototype_dataset/tensors/tensor_000886.npy,/content/drive/MyDrive/SKANN_SSL/data/prototype_dataset/waveforms/clip_000886.npy
887,2,1,tanker,4,0.0,0.3333,1.0556,4.2223,True,497.82,21,25.0,121.06,475.7,126.16,0.0226239212053617,0.0451406573978835,0.0504100728937186,136.31659797902904,87.09,93.09,94.05,6.0,/content/drive/MyDrive/SKANN_SSL/data/prototype_dataset/tensors/tensor_000887.npy,/content/drive/MyDrive/SKANN_SSL/data/prototype_dataset/waveforms/clip_000887.npy
888,3,1,tanker,4,0.0,0.3333,1.0492,4.1967,True,472.74,28,25.0,109.34,90.51,483.16,0.0226239212053617,0.0451406573978835,0.0499019256077113,136.873515682048,87.09,93.09,93.96,6.0,/content/drive/MyDrive/SKANN_SSL/data/prototype_dataset/tensors/tensor_000888.npy,/content/drive/MyDrive/SKANN_SSL/data/prototype_dataset/waveforms/clip_000888.npy
889,4,1,tanker,4,0.0,0.3333,1.3507,5.4029,True,458.98,29,25.0,50.57,222.26,0.0,0.0226239212053617,0.0451406573978835,0.0505390993482844,135.27706640137626,87.09,93.09,94.07,6.0,/content/drive/MyDrive/SKANN_SSL/data/prototype_dataset/tensors/tensor_000889.npy,/content/drive/MyDrive/SKANN_SSL/data/prototype_dataset/waveforms/clip_000889.npy
890,0,1,tanker,4,0.0,0.6667,1.4022,5.6086,True,524.03,53,25.0,111.37,307.71,211.63,0.0226239212053617,0.0451406573978835,0.0506518623212921,134.14174149699065,87.09,93.09,94.09,6.0,/content/drive/MyDrive/SKANN_SSL/data/prototype_dataset/tensors/tensor_000890.npy,/content/drive/MyDrive/SKANN_SSL/data/prototype_dataset/waveforms/clip_000890.npy
891,1,1,tanker,4,0.0,0.6667,1.0748,4.2993,True,458.68,44,25.0,335.0,129.41,0.0,0.0226239212053617,0.0451406573978835,0.0504165419463128,134.20861483076368,87.09,93.09,94.05,6.0,/content/drive/MyDrive/SKANN_SSL/data/prototype_dataset/tensors/tensor_000891.npy,/content/drive/MyDrive/SKANN_SSL/data/prototype_dataset/waveforms/clip_000891.npy
892,2,1,tanker,4,0.0,0.6667,1.4381,5.7525,True,474.77,77,25.0,299.37,431.41,78.06,0.0226239212053617,0.0451406573978835,0.0502731278644874,133.26765317021298,87.09,93.09,94.03,6.0,/content/drive/MyDrive/SKANN_SSL/data/prototype_dataset/tensors/tensor_000892.npy,/content/drive/MyDrive/SKANN_SSL/data/prototype_dataset/waveforms/clip_000892.npy
893,3,1,tanker,4,0.0,0.6667,1.0736,4.2944,True,494.7,46,25.0,247.99,147.15,377.96,0.0226239212053617,0.0451406573978835,0.050486956540485,134.16603878005904,87.09,93.09,94.06,6.0,/content/drive/MyDrive/SKANN_SSL/data/prototype_dataset/tensors/tensor_000893.npy,/content/drive/MyDrive/SKANN_SSL/data/prototype_dataset/waveforms/clip_000893.npy
894,4,1,tanker,4,0.0,0.6667,1.4302,5.7207,True,467.59,69,25.0,141.68,220.04,270.76,0.0226239212053617,0.0451406573978835,0.0500081836947046,131.74985331527063,87.09,93.09,93.98,6.0,/content/drive/MyDrive/SKANN_SSL/data/prototype_dataset/tensors/tensor_000894.npy,/content/drive/MyDrive/SKANN_SSL/data/prototype_dataset/waveforms/clip_000894.npy
895,0,1,tanker,4,0.0,1.0,1.2731,5.0924,True,482.85,69,25.0,143.09,480.18,104.51,0.0226239212053617,0.0451406573978835,0.051158903754604,116.3949455780318,87.09,93.09,94.18,6.0,/content/drive/MyDrive/SKANN_SSL/data/prototype_dataset/tensors/tensor_000895.npy,/content/drive/MyDrive/SKANN_SSL/data/prototype_dataset/waveforms/clip_000895.npy
896,1,1,tanker,4,0.0,1.0,1.2714,5.0856,True,500.85,67,25.0,220.91,223.37,116.6,0.0226239212053617,0.0451406573978835,0.0510241527031444,116.50083462493173,87.09,93.09,94.16,6.0,/content/drive/MyDrive/SKANN_SSL/data/prototype_dataset/tensors/tensor_000896.npy,/content/drive/MyDrive/SKANN_SSL/data/prototype_dataset/waveforms/clip_000896.npy
897,2,1,tanker,4,0.0,1.0,1.4348,5.7393,True,473.56,90,25.0,373.97,52.79,141.71,0.0226239212053617,0.0451406573978835,0.0507569728892917,121.22647940202133,87.09,93.09,94.11,6.0,/content/drive/MyDrive/SKANN_SSL/data/prototype_dataset/tensors/tensor_000897.npy,/content/drive/MyDrive/SKANN_SSL/data/prototype_dataset/waveforms/clip_000897.npy
898,3,1,tanker,4,0.0,1.0,1.4916,5.9666,True,479.27,84,25.0,89.02,169.41,486.64,0.0226239212053617,0.0451406573978835,0.05000122737111,124.65034032308152,87.09,93.09,93.98,6.0,/content/drive/MyDrive/SKANN_SSL/data/prototype_dataset/tensors/tensor_000898.npy,/content/drive/MyDrive/SKANN_SSL/data/prototype_dataset/waveforms/clip_000898.npy
899,4,1,tanker,4,0.0,1.0,1.4948,5.9794,True,489.54,85,25.0,186.54,126.25,0.0,0.0226239212053617,0.0451406573978835,0.0504099978823707,115.07787471505564,87.09,93.09,94.05,6.0,/content/drive/MyDrive/SKANN_SSL/data/prototype_dataset/tensors/tensor_000899.npy,/content/drive/MyDrive/SKANN_SSL/data/prototype_dataset/waveforms/clip_000899.npy
900,0,1,tanker,4,50.0,0.0,1.4718,5.8871,False,0.0,0,25.0,107.52,99.36,0.0,0.0226239212053617,0.0451406573978835,0.0502739316562389,132.6087309167067,87.09,93.09,94.03,6.0,/content/drive/MyDrive/SKANN_SSL/data/prototype_dataset/tensors/tensor_000900.npy,/content/drive/MyDrive/SKANN_SSL/data/prototype_dataset/waveforms/clip_000900.npy
901,1,1,tanker,4,50.0,0.0,1.1594,4.6377,False,0.0,0,25.0,249.24,155.35,69.24,0.0226239212053617,0.0451406573978835,0.0508627808651517,134.73427532743185,87.09,93.09,94.13,6.0,/content/drive/MyDrive/SKANN_SSL/data/prototype_dataset/tensors/tensor_000901.npy,/content/drive/MyDrive/SKANN_SSL/data/prototype_dataset/waveforms/clip_000901.npy
902,2,1,tanker,4,50.0,0.0,1.1116,4.4465,False,0.0,0,25.0,115.12,234.59,0.0,0.0226239212053617,0.0451406573978835,0.0506568772593779,134.78423857288513,87.09,93.09,94.09,6.0,/content/drive/MyDrive/SKANN_SSL/data/prototype_dataset/tensors/tensor_000902.npy,/content/drive/MyDrive/SKANN_SSL/data/prototype_dataset/waveforms/clip_000902.npy
903,3,1,tanker,4,50.0,0.0,1.3055,5.2219,False,0.0,0,25.0,195.51,209.29,0.0,0.0226239212053617,0.0451406573978835,0.0506643299912773,132.87014543325284,87.09,93.09,94.09,6.0,/content/drive/MyDrive/SKANN_SSL/data/prototype_dataset/tensors/tensor_000903.npy,/content/drive/MyDrive/SKANN_SSL/data/prototype_dataset/waveforms/clip_000903.npy
904,4,1,tanker,4,50.0,0.0,1.1456,4.5823,False,0.0,0,25.0,296.26,63.83,342.72,0.0226239212053617,0.0451406573978835,0.0503521273317031,135.05171877125505,87.09,93.09,94.04,6.0,/content/drive/MyDrive/SKANN_SSL/data/prototype_dataset/tensors/tensor_000904.npy,/content/drive/MyDrive/SKANN_SSL/data/prototype_dataset/waveforms/clip_000904.npy
905,0,1,tanker,4,50.0,0.3333,1.1054,4.4215,True,439.0,20,25.0,59.96,290.71,0.0,0.0226239212053617,0.0451406573978835,0.0509747386634451,135.19497293627643,87.09,93.09,94.15,6.0,/content/drive/MyDrive/SKANN_SSL/data/prototype_dataset/tensors/tensor_000905.npy,/content/drive/MyDrive/SKANN_SSL/data/prototype_dataset/waveforms/clip_000905.npy
906,1,1,tanker,4,50.0,0.3333,1.2508,5.0031,True,389.8,29,25.0,338.12,62.88,104.12,0.0226239212053617,0.0451406573978835,0.0500981298631692,132.9358503102278,87.09,93.09,94.0,6.0,/content/drive/MyDrive/SKANN_SSL/data/prototype_dataset/tensors/tensor_000906.npy,/content/drive/MyDrive/SKANN_SSL/data/prototype_dataset/waveforms/clip_000906.npy
907,2,1,tanker,4,50.0,0.3333,1.1686,4.6742,True,476.81,31,25.0,433.29,196.78,0.0,0.0226239212053617,0.0451406573978835,0.0503691086398783,135.41629392465737,87.09,93.09,94.04,6.0,/content/drive/MyDrive/SKANN_SSL/data/prototype_dataset/tensors/tensor_000907.npy,/content/drive/MyDrive/SKANN_SSL/data/prototype_dataset/waveforms/clip_000907.npy
908,3,1,tanker,4,50.0,0.3333,1.4588,5.835,True,506.39,33,25.0,265.45,119.91,111.85,0.0226239212053617,0.0451406573978835,0.050452596000983,132.2764941409818,87.09,93.09,94.06,6.0,/content/drive/MyDrive/SKANN_SSL/data/prototype_dataset/tensors/tensor_000908.npy,/content/drive/MyDrive/SKANN_SSL/data/prototype_dataset/waveforms/clip_000908.npy
909,4,1,tanker,4,50.0,0.3333,1.089,4.356,True,550.18,20,25.0,173.0,100.89,497.42,0.0226239212053617,0.0451406573978835,0.0507107098170789,134.9429177999902,87.09,93.09,94.1,6.0,/content/drive/MyDrive/SKANN_SSL/data/prototype_dataset/tensors/tensor_000909.npy,/content/drive/MyDrive/SKANN_SSL/data/prototype_dataset/waveforms/clip_000909.npy
910,0,1,tanker,4,50.0,0.6667,1.4395,5.7582,True,517.06,74,25.0,146.14,431.43,88.22,0.0226239212053617,0.0451406573978835,0.0508890721803958,131.37786969949548,87.09,93.09,94.13,6.0,/content/drive/MyDrive/SKANN_SSL/data/prototype_dataset/tensors/tensor_000910.npy,/content/drive/MyDrive/SKANN_SSL/data/prototype_dataset/waveforms/clip_000910.npy
911,1,1,tanker,4,50.0,0.6667,1.498,5.9921,True,485.2,69,25.0,428.46,203.06,0.0,0.0226239212053617,0.0451406573978835,0.0505170912955805,131.1576232341603,87.09,93.09,94.07,6.0,/content/drive/MyDrive/SKANN_SSL/data/prototype_dataset/tensors/tensor_000911.npy,/content/drive/MyDrive/SKANN_SSL/data/prototype_dataset/waveforms/clip_000911.npy
912,2,1,tanker,4,50.0,0.6667,1.4558,5.8232,True,471.02,62,25.0,223.13,146.78,0.0,0.0226239212053617,0.0451406573978835,0.0503992753233884,130.41390046473452,87.09,93.09,94.05,6.0,/content/drive/MyDrive/SKANN_SSL/data/prototype_dataset/tensors/tensor_000912.npy,/content/drive/MyDrive/SKANN_SSL/data/prototype_dataset/waveforms/clip_000912.npy
913,3,1,tanker,4,50.0,0.6667,1.001,4.0039,True,519.53,35,25.0,260.27,220.82,79.34,0.0226239212053617,0.0451406573978835,0.0501622895513544,134.41671940316823,87.09,93.09,94.01,6.0,/content/drive/MyDrive/SKANN_SSL/data/prototype_dataset/tensors/tensor_000913.npy,/content/drive/MyDrive/SKANN_SSL/data/prototype_dataset/waveforms/clip_000913.npy
914,4,1,tanker,4,50.0,0.6667,1.0574,4.2298,True,515.52,32,25.0,436.24,54.93,158.56,0.0226239212053617,0.0451406573978835,0.0504383376104313,133.8804418189694,87.09,93.09,94.06,6.0,/content/drive/MyDrive/SKANN_SSL/data/prototype_dataset/tensors/tensor_000914.npy,/content/drive/MyDrive/SKANN_SSL/data/prototype_dataset/waveforms/clip_000914.npy
915,0,1,tanker,4,50.0,1.0,1.471,5.8842,True,502.0,88,25.0,113.94,425.04,139.76,0.0226239212053617,0.0451406573978835,0.0509597619387286,117.04667703773788,87.09,93.09,94.14,6.0,/content/drive/MyDrive/SKANN_SSL/data/prototype_dataset/tensors/tensor_000915.npy,/content/drive/MyDrive/SKANN_SSL/data/prototype_dataset/waveforms/clip_000915.npy
916,1,1,tanker,4,50.0,1.0,1.4304,5.7217,True,513.44,97,25.0,295.89,149.53,234.95,0.0226239212053617,0.0451406573978835,0.0508532875816932,119.10209480827788,87.09,93.09,94.13,6.0,/content/drive/MyDrive/SKANN_SSL/data/prototype_dataset/tensors/tensor_000916.npy,/content/drive/MyDrive/SKANN_SSL/data/prototype_dataset/waveforms/clip_000916.npy
917,2,1,tanker,4,50.0,1.0,1.2571,5.0283,True,502.49,108,25.0,287.09,344.01,0.0,0.0226239212053617,0.0451406573978835,0.0510407158878536,118.85653536947513,87.09,93.09,94.16,6.0,/content/drive/MyDrive/SKANN_SSL/data/prototype_dataset/tensors/tensor_000917.npy,/content/drive/MyDrive/SKANN_SSL/data/prototype_dataset/waveforms/clip_000917.npy
918,3,1,tanker,4,50.0,1.0,1.3885,5.554,True,526.84,84,25.0,404.42,287.45,107.5,0.0226239212053617,0.0451406573978835,0.0502240578612914,129.45617777601825,87.09,93.09,94.02,6.0,/content/drive/MyDrive/SKANN_SSL/data/prototype_dataset/tensors/tensor_000918.npy,/content/drive/MyDrive/SKANN_SSL/data/prototype_dataset/waveforms/clip_000918.npy
919,4,1,tanker,4,50.0,1.0,1.1516,4.6062,True,490.39,72,25.0,225.89,496.27,132.25,0.0226239212053617,0.0451406573978835,0.0506167094977803,103.1086714864997,87.09,93.09,94.09,6.0,/content/drive/MyDrive/SKANN_SSL/data/prototype_dataset/tensors/tensor_000919.npy,/content/drive/MyDrive/SKANN_SSL/data/prototype_dataset/waveforms/clip_000919.npy
920,0,1,tanker,5,0.0,0.0,1.3358,6.679,False,0.0,0,25.0,245.12,141.88,226.74,0.0226239212053617,0.0451406573978835,0.0502630313645186,134.96126666184503,87.09,93.09,94.02,6.0,/content/drive/MyDrive/SKANN_SSL/data/prototype_dataset/tensors/tensor_000920.npy,/content/drive/MyDrive/SKANN_SSL/data/prototype_dataset/waveforms/clip_000920.npy
921,1,1,tanker,5,0.0,0.0,1.3457,6.7283,False,0.0,0,25.0,322.1,266.12,134.16,0.0226239212053617,0.0451406573978835,0.0503347390792689,135.9037258410732,87.09,93.09,94.04,6.0,/content/drive/MyDrive/SKANN_SSL/data/prototype_dataset/tensors/tensor_000921.npy,/content/drive/MyDrive/SKANN_SSL/data/prototype_dataset/waveforms/clip_000921.npy
922,2,1,tanker,5,0.0,0.0,1.3189,6.5947,False,0.0,0,25.0,343.12,64.7,0.0,0.0226239212053617,0.0451406573978835,0.0502049987677519,135.8585560274053,87.09,93.09,94.01,6.0,/content/drive/MyDrive/SKANN_SSL/data/prototype_dataset/tensors/tensor_000922.npy,/content/drive/MyDrive/SKANN_SSL/data/prototype_dataset/waveforms/clip_000922.npy
923,3,1,tanker,5,0.0,0.0,1.3392,6.6958,False,0.0,0,25.0,227.43,303.35,0.0,0.0226239212053617,0.0451406573978835,0.0508312603932385,135.77216175424397,87.09,93.09,94.12,6.0,/content/drive/MyDrive/SKANN_SSL/data/prototype_dataset/tensors/tensor_000923.npy,/content/drive/MyDrive/SKANN_SSL/data/prototype_dataset/waveforms/clip_000923.npy
924,4,1,tanker,5,0.0,0.0,1.0642,5.3211,False,0.0,0,25.0,398.36,141.02,176.79,0.0226239212053617,0.0451406573978835,0.0504778629269682,135.3000282779419,87.09,93.09,94.06,6.0,/content/drive/MyDrive/SKANN_SSL/data/prototype_dataset/tensors/tensor_000924.npy,/content/drive/MyDrive/SKANN_SSL/data/prototype_dataset/waveforms/clip_000924.npy
925,0,1,tanker,5,0.0,0.3333,1.1662,5.8312,True,464.78,40,25.0,284.9,95.15,0.0,0.0226239212053617,0.0451406573978835,0.0501433328616182,135.19936978951554,87.09,93.09,94.0,6.0,/content/drive/MyDrive/SKANN_SSL/data/prototype_dataset/tensors/tensor_000925.npy,/content/drive/MyDrive/SKANN_SSL/data/prototype_dataset/waveforms/clip_000925.npy
926,1,1,tanker,5,0.0,0.3333,1.376,6.8799,True,484.78,54,25.0,85.01,223.48,0.0,0.0226239212053617,0.0451406573978835,0.0508478277628575,135.38052799664686,87.09,93.09,94.13,6.0,/content/drive/MyDrive/SKANN_SSL/data/prototype_dataset/tensors/tensor_000926.npy,/content/drive/MyDrive/SKANN_SSL/data/prototype_dataset/waveforms/clip_000926.npy
927,2,1,tanker,5,0.0,0.3333,1.1282,5.6409,True,550.56,23,25.0,272.12,311.29,52.17,0.0226239212053617,0.0451406573978835,0.050730007981702,135.94559671347548,87.09,93.09,94.11,6.0,/content/drive/MyDrive/SKANN_SSL/data/prototype_dataset/tensors/tensor_000927.npy,/content/drive/MyDrive/SKANN_SSL/data/prototype_dataset/waveforms/clip_000927.npy
928,3,1,tanker,5,0.0,0.3333,1.222,6.1099,True,473.27,44,25.0,105.63,229.46,0.0,0.0226239212053617,0.0451406573978835,0.0502851357010146,136.3242004902922,87.09,93.09,94.03,6.0,/content/drive/MyDrive/SKANN_SSL/data/prototype_dataset/tensors/tensor_000928.npy,/content/drive/MyDrive/SKANN_SSL/data/prototype_dataset/waveforms/clip_000928.npy
929,4,1,tanker,5,0.0,0.3333,1.4028,7.0142,True,482.05,48,25.0,72.43,436.18,109.08,0.0226239212053617,0.0451406573978835,0.0501249018913003,135.6780934153246,87.09,93.09,94.0,6.0,/content/drive/MyDrive/SKANN_SSL/data/prototype_dataset/tensors/tensor_000929.npy,/content/drive/MyDrive/SKANN_SSL/data/prototype_dataset/waveforms/clip_000929.npy
930,0,1,tanker,5,0.0,0.6667,1.0209,5.1047,True,461.55,65,25.0,430.39,196.05,121.66,0.0226239212053617,0.0451406573978835,0.0505826081519386,132.4770108037957,87.09,93.09,94.08,6.0,/content/drive/MyDrive/SKANN_SSL/data/prototype_dataset/tensors/tensor_000930.npy,/content/drive/MyDrive/SKANN_SSL/data/prototype_dataset/waveforms/clip_000930.npy
931,1,1,tanker,5,0.0,0.6667,1.2632,6.3162,True,471.94,59,25.0,447.54,78.49,239.91,0.0226239212053617,0.0451406573978835,0.0507787410079166,134.0295904536314,87.09,93.09,94.11,6.0,/content/drive/MyDrive/SKANN_SSL/data/prototype_dataset/tensors/tensor_000931.npy,/content/drive/MyDrive/SKANN_SSL/data/prototype_dataset/waveforms/clip_000931.npy
932,2,1,tanker,5,0.0,0.6667,1.4203,7.1016,True,473.84,65,25.0,121.67,206.12,328.0,0.0226239212053617,0.0451406573978835,0.0502698183933368,132.00343513886585,87.09,93.09,94.03,6.0,/content/drive/MyDrive/SKANN_SSL/data/prototype_dataset/tensors/tensor_000932.npy,/content/drive/MyDrive/SKANN_SSL/data/prototype_dataset/waveforms/clip_000932.npy
933,3,1,tanker,5,0.0,0.6667,1.466,7.33,True,468.42,75,25.0,69.94,336.37,0.0,0.0226239212053617,0.0451406573978835,0.0503554111233509,132.68482661688273,87.09,93.09,94.04,6.0,/content/drive/MyDrive/SKANN_SSL/data/prototype_dataset/tensors/tensor_000933.npy,/content/drive/MyDrive/SKANN_SSL/data/prototype_dataset/waveforms/clip_000933.npy
934,4,1,tanker,5,0.0,0.6667,1.4443,7.2214,True,504.44,69,25.0,483.9,82.36,0.0,0.0226239212053617,0.0451406573978835,0.0499578376369563,131.85089321020013,87.09,93.09,93.97,6.0,/content/drive/MyDrive/SKANN_SSL/data/prototype_dataset/tensors/tensor_000934.npy,/content/drive/MyDrive/SKANN_SSL/data/prototype_dataset/waveforms/clip_000934.npy
935,0,1,tanker,5,0.0,1.0,1.199,5.9949,True,509.24,91,25.0,139.72,261.8,0.0,0.0226239212053617,0.0451406573978835,0.0504030782125626,119.45393718597585,87.09,93.09,94.05,6.0,/content/drive/MyDrive/SKANN_SSL/data/prototype_dataset/tensors/tensor_000935.npy,/content/drive/MyDrive/SKANN_SSL/data/prototype_dataset/waveforms/clip_000935.npy
936,1,1,tanker,5,0.0,1.0,1.0778,5.389,True,479.66,68,25.0,120.43,286.81,106.83,0.0226239212053617,0.0451406573978835,0.0506893614543845,112.76357003092744,87.09,93.09,94.1,6.0,/content/drive/MyDrive/SKANN_SSL/data/prototype_dataset/tensors/tensor_000936.npy,/content/drive/MyDrive/SKANN_SSL/data/prototype_dataset/waveforms/clip_000936.npy
937,2,1,tanker,5,0.0,1.0,1.0323,5.1616,True,495.9,91,25.0,189.4,235.87,0.0,0.0226239212053617,0.0451406573978835,0.0498573812665353,115.08938472441656,87.09,93.09,93.95,6.0,/content/drive/MyDrive/SKANN_SSL/data/prototype_dataset/tensors/tensor_000937.npy,/content/drive/MyDrive/SKANN_SSL/data/prototype_dataset/waveforms/clip_000937.npy
938,3,1,tanker,5,0.0,1.0,1.2748,6.3742,True,537.8,81,25.0,486.2,129.87,0.0,0.0226239212053617,0.0451406573978835,0.0502690487163285,128.72632476144543,87.09,93.09,94.03,6.0,/content/drive/MyDrive/SKANN_SSL/data/prototype_dataset/tensors/tensor_000938.npy,/content/drive/MyDrive/SKANN_SSL/data/prototype_dataset/waveforms/clip_000938.npy
939,4,1,tanker,5,0.0,1.0,1.22,6.0999,True,509.02,96,25.0,414.77,126.99,0.0,0.0226239212053617,0.0451406573978835,0.0506324397351745,116.76698341794004,87.09,93.09,94.09,6.0,/content/drive/MyDrive/SKANN_SSL/data/prototype_dataset/tensors/tensor_000939.npy,/content/drive/MyDrive/SKANN_SSL/data/prototype_dataset/waveforms/clip_000939.npy
940,0,1,tanker,5,50.0,0.0,1.2361,6.1805,False,0.0,0,25.0,92.37,279.22,0.0,0.0226239212053617,0.0451406573978835,0.0503798533978212,133.1147216946375,87.09,93.09,94.05,6.0,/content/drive/MyDrive/SKANN_SSL/data/prototype_dataset/tensors/tensor_000940.npy,/content/drive/MyDrive/SKANN_SSL/data/prototype_dataset/waveforms/clip_000940.npy
941,1,1,tanker,5,50.0,0.0,1.0792,5.3959,False,0.0,0,25.0,202.96,149.63,400.02,0.0226239212053617,0.0451406573978835,0.0499702005201393,133.48137239906913,87.09,93.09,93.97,6.0,/content/drive/MyDrive/SKANN_SSL/data/prototype_dataset/tensors/tensor_000941.npy,/content/drive/MyDrive/SKANN_SSL/data/prototype_dataset/waveforms/clip_000941.npy
942,2,1,tanker,5,50.0,0.0,1.0144,5.0718,False,0.0,0,25.0,51.26,286.53,0.0,0.0226239212053617,0.0451406573978835,0.0502809419623559,133.153810513332,87.09,93.09,94.03,6.0,/content/drive/MyDrive/SKANN_SSL/data/prototype_dataset/tensors/tensor_000942.npy,/content/drive/MyDrive/SKANN_SSL/data/prototype_dataset/waveforms/clip_000942.npy
943,3,1,tanker,5,50.0,0.0,1.4149,7.0747,False,0.0,0,25.0,260.26,109.7,240.95,0.0226239212053617,0.0451406573978835,0.051072529577841,133.61527363279134,87.09,93.09,94.16,6.0,/content/drive/MyDrive/SKANN_SSL/data/prototype_dataset/tensors/tensor_000943.npy,/content/drive/MyDrive/SKANN_SSL/data/prototype_dataset/waveforms/clip_000943.npy
944,4,1,tanker,5,50.0,0.0,1.2071,6.0355,False,0.0,0,25.0,238.56,346.26,0.0,0.0226239212053617,0.0451406573978835,0.0509780874558498,133.85575307887294,87.09,93.09,94.15,6.0,/content/drive/MyDrive/SKANN_SSL/data/prototype_dataset/tensors/tensor_000944.npy,/content/drive/MyDrive/SKANN_SSL/data/prototype_dataset/waveforms/clip_000944.npy
945,0,1,tanker,5,50.0,0.3333,1.3887,6.9435,True,516.95,54,25.0,56.23,403.91,190.71,0.0226239212053617,0.0451406573978835,0.0504225145943079,133.1765197187118,87.09,93.09,94.05,6.0,/content/drive/MyDrive/SKANN_SSL/data/prototype_dataset/tensors/tensor_000945.npy,/content/drive/MyDrive/SKANN_SSL/data/prototype_dataset/waveforms/clip_000945.npy
946,1,1,tanker,5,50.0,0.3333,1.0392,5.1962,True,470.09,39,25.0,109.64,110.88,0.0,0.0226239212053617,0.0451406573978835,0.0507270668684259,134.0702777240727,87.09,93.09,94.1,6.0,/content/drive/MyDrive/SKANN_SSL/data/prototype_dataset/tensors/tensor_000946.npy,/content/drive/MyDrive/SKANN_SSL/data/prototype_dataset/waveforms/clip_000946.npy
947,2,1,tanker,5,50.0,0.3333,1.252,6.26,True,492.17,31,25.0,479.22,187.79,70.83,0.0226239212053617,0.0451406573978835,0.0507833799995511,132.76938364467213,87.09,93.09,94.11,6.0,/content/drive/MyDrive/SKANN_SSL/data/prototype_dataset/tensors/tensor_000947.npy,/content/drive/MyDrive/SKANN_SSL/data/prototype_dataset/waveforms/clip_000947.npy
948,3,1,tanker,5,50.0,0.3333,1.0639,5.3196,True,528.31,35,25.0,107.85,103.41,288.99,0.0226239212053617,0.0451406573978835,0.0505117509822658,133.8107000626699,87.09,93.09,94.07,6.0,/content/drive/MyDrive/SKANN_SSL/data/prototype_dataset/tensors/tensor_000948.npy,/content/drive/MyDrive/SKANN_SSL/data/prototype_dataset/waveforms/clip_000948.npy
949,4,1,tanker,5,50.0,0.3333,1.4704,7.3521,True,491.81,56,25.0,74.75,410.01,0.0,0.0226239212053617,0.0451406573978835,0.0504591122623377,132.80515420511466,87.09,93.09,94.06,6.0,/content/drive/MyDrive/SKANN_SSL/data/prototype_dataset/tensors/tensor_000949.npy,/content/drive/MyDrive/SKANN_SSL/data/prototype_dataset/waveforms/clip_000949.npy
950,0,1,tanker,5,50.0,0.6667,1.4706,7.3529,True,465.67,90,25.0,304.69,60.91,0.0,0.0226239212053617,0.0451406573978835,0.0502535993614494,129.06775062147318,87.09,93.09,94.02,6.0,/content/drive/MyDrive/SKANN_SSL/data/prototype_dataset/tensors/tensor_000950.npy,/content/drive/MyDrive/SKANN_SSL/data/prototype_dataset/waveforms/clip_000950.npy
951,1,1,tanker,5,50.0,0.6667,1.1475,5.7377,True,473.03,58,25.0,102.62,116.61,290.82,0.0226239212053617,0.0451406573978835,0.0503611711993501,130.77285236360086,87.09,93.09,94.04,6.0,/content/drive/MyDrive/SKANN_SSL/data/prototype_dataset/tensors/tensor_000951.npy,/content/drive/MyDrive/SKANN_SSL/data/prototype_dataset/waveforms/clip_000951.npy
952,2,1,tanker,5,50.0,0.6667,1.2082,6.0408,True,475.87,61,25.0,287.84,490.55,0.0,0.0226239212053617,0.0451406573978835,0.0510985813517404,130.78728816732286,87.09,93.09,94.17,6.0,/content/drive/MyDrive/SKANN_SSL/data/prototype_dataset/tensors/tensor_000952.npy,/content/drive/MyDrive/SKANN_SSL/data/prototype_dataset/waveforms/clip_000952.npy
953,3,1,tanker,5,50.0,0.6667,1.3614,6.8071,True,502.21,66,25.0,191.33,321.61,82.28,0.0226239212053617,0.0451406573978835,0.0508136542696683,128.78048956234997,87.09,93.09,94.12,6.0,/content/drive/MyDrive/SKANN_SSL/data/prototype_dataset/tensors/tensor_000953.npy,/content/drive/MyDrive/SKANN_SSL/data/prototype_dataset/waveforms/clip_000953.npy
954,4,1,tanker,5,50.0,0.6667,1.0483,5.2416,True,482.9,61,25.0,263.44,85.31,0.0,0.0226239212053617,0.0451406573978835,0.0504214356642653,128.67088838282297,87.09,93.09,94.05,6.0,/content/drive/MyDrive/SKANN_SSL/data/prototype_dataset/tensors/tensor_000954.npy,/content/drive/MyDrive/SKANN_SSL/data/prototype_dataset/waveforms/clip_000954.npy
955,0,1,tanker,5,50.0,1.0,1.3357,6.6783,True,480.03,101,25.0,222.78,372.5,123.04,0.0226239212053617,0.0451406573978835,0.0504320638362019,103.88499119312988,87.09,93.09,94.05,6.0,/content/drive/MyDrive/SKANN_SSL/data/prototype_dataset/tensors/tensor_000955.npy,/content/drive/MyDrive/SKANN_SSL/data/prototype_dataset/waveforms/clip_000955.npy
956,1,1,tanker,5,50.0,1.0,1.1122,5.561,True,480.05,86,25.0,337.65,122.82,128.02,0.0226239212053617,0.0451406573978835,0.0504649065480536,123.16376238331732,87.09,93.09,94.06,6.0,/content/drive/MyDrive/SKANN_SSL/data/prototype_dataset/tensors/tensor_000956.npy,/content/drive/MyDrive/SKANN_SSL/data/prototype_dataset/waveforms/clip_000956.npy
957,2,1,tanker,5,50.0,1.0,1.4928,7.464,True,493.43,120,25.0,85.45,485.43,116.22,0.0226239212053617,0.0451406573978835,0.0501715970929385,96.60927033984191,87.09,93.09,94.01,6.0,/content/drive/MyDrive/SKANN_SSL/data/prototype_dataset/tensors/tensor_000957.npy,/content/drive/MyDrive/SKANN_SSL/data/prototype_dataset/waveforms/clip_000957.npy
958,3,1,tanker,5,50.0,1.0,1.4867,7.4336,True,473.1,110,25.0,114.66,148.99,431.77,0.0226239212053617,0.0451406573978835,0.050222254473914,111.68304098132847,87.09,93.09,94.02,6.0,/content/drive/MyDrive/SKANN_SSL/data/prototype_dataset/tensors/tensor_000958.npy,/content/drive/MyDrive/SKANN_SSL/data/prototype_dataset/waveforms/clip_000958.npy
959,4,1,tanker,5,50.0,1.0,1.3066,6.533,True,503.78,106,25.0,487.93,63.6,140.77,0.0226239212053617,0.0451406573978835,0.0500900523438139,110.0302977660534,87.09,93.09,94.0,6.0,/content/drive/MyDrive/SKANN_SSL/data/prototype_dataset/tensors/tensor_000959.npy,/content/drive/MyDrive/SKANN_SSL/data/prototype_dataset/waveforms/clip_000959.npy
960,0,3,small_craft,3,0.0,0.0,25.4786,76.4357,False,0.0,0,25.0,135.85,223.34,0.0,0.073022972068177,0.1456999842946586,0.1625146042861646,465.3430621407327,97.27,103.27,104.22,6.0,/content/drive/MyDrive/SKANN_SSL/data/prototype_dataset/tensors/tensor_000960.npy,/content/drive/MyDrive/SKANN_SSL/data/prototype_dataset/waveforms/clip_000960.npy
961,1,3,small_craft,3,0.0,0.0,28.0607,84.182,False,0.0,0,25.0,353.96,119.08,149.93,0.073022972068177,0.1456999842946586,0.1625647203554273,472.3459680912305,97.27,103.27,104.22,6.0,/content/drive/MyDrive/SKANN_SSL/data/prototype_dataset/tensors/tensor_000961.npy,/content/drive/MyDrive/SKANN_SSL/data/prototype_dataset/waveforms/clip_000961.npy
962,2,3,small_craft,3,0.0,0.0,19.4882,58.4647,False,0.0,0,25.0,193.66,51.92,0.0,0.073022972068177,0.1456999842946586,0.1633764966366201,474.7676295245224,97.27,103.27,104.26,6.0,/content/drive/MyDrive/SKANN_SSL/data/prototype_dataset/tensors/tensor_000962.npy,/content/drive/MyDrive/SKANN_SSL/data/prototype_dataset/waveforms/clip_000962.npy
963,3,3,small_craft,3,0.0,0.0,24.4192,73.2576,False,0.0,0,25.0,226.0,122.82,301.92,0.073022972068177,0.1456999842946586,0.1623502139024292,471.3735333323421,97.27,103.27,104.21,6.0,/content/drive/MyDrive/SKANN_SSL/data/prototype_dataset/tensors/tensor_000963.npy,/content/drive/MyDrive/SKANN_SSL/data/prototype_dataset/waveforms/clip_000963.npy
964,4,3,small_craft,3,0.0,0.0,19.6041,58.8123,False,0.0,0,25.0,177.45,310.17,0.0,0.073022972068177,0.1456999842946586,0.1630595170910921,472.8501398061129,97.27,103.27,104.25,6.0,/content/drive/MyDrive/SKANN_SSL/data/prototype_dataset/tensors/tensor_000964.npy,/content/drive/MyDrive/SKANN_SSL/data/prototype_dataset/waveforms/clip_000964.npy
965,0,3,small_craft,3,0.0,0.3333,29.7592,89.2776,True,6260.13,526,25.0,367.14,122.15,164.41,0.073022972068177,0.1456999842946586,0.16399005049679,469.06241017156685,97.27,103.27,104.3,6.0,/content/drive/MyDrive/SKANN_SSL/data/prototype_dataset/tensors/tensor_000965.npy,/content/drive/MyDrive/SKANN_SSL/data/prototype_dataset/waveforms/clip_000965.npy
966,1,3,small_craft,3,0.0,0.3333,18.3846,55.1538,True,6040.4,331,25.0,214.91,403.53,143.28,0.073022972068177,0.1456999842946586,0.1638321356293459,471.1278470328268,97.27,103.27,104.29,6.0,/content/drive/MyDrive/SKANN_SSL/data/prototype_dataset/tensors/tensor_000966.npy,/content/drive/MyDrive/SKANN_SSL/data/prototype_dataset/waveforms/clip_000966.npy
967,2,3,small_craft,3,0.0,0.3333,24.3402,73.0205,True,6034.49,442,25.0,258.82,154.45,137.48,0.073022972068177,0.1456999842946586,0.1640504383274099,468.812865046076,97.27,103.27,104.3,6.0,/content/drive/MyDrive/SKANN_SSL/data/prototype_dataset/tensors/tensor_000967.npy,/content/drive/MyDrive/SKANN_SSL/data/prototype_dataset/waveforms/clip_000967.npy
968,3,3,small_craft,3,0.0,0.3333,29.6835,89.0505,True,6142.04,555,25.0,328.34,114.28,0.0,0.073022972068177,0.1456999842946586,0.1626552181234176,466.76011610725976,97.27,103.27,104.23,6.0,/content/drive/MyDrive/SKANN_SSL/data/prototype_dataset/tensors/tensor_000968.npy,/content/drive/MyDrive/SKANN_SSL/data/prototype_dataset/waveforms/clip_000968.npy
969,4,3,small_craft,3,0.0,0.3333,26.8594,80.5783,True,6092.31,478,25.0,105.72,109.95,0.0,0.073022972068177,0.1456999842946586,0.164397276929532,471.38006978233005,97.27,103.27,104.32,6.0,/content/drive/MyDrive/SKANN_SSL/data/prototype_dataset/tensors/tensor_000969.npy,/content/drive/MyDrive/SKANN_SSL/data/prototype_dataset/waveforms/clip_000969.npy
970,0,3,small_craft,3,0.0,0.6667,15.1295,45.3885,True,6219.27,475,25.0,469.72,119.98,112.95,0.073022972068177,0.1456999842946586,0.1617126704136047,446.4101920104137,97.27,103.27,104.17,6.0,/content/drive/MyDrive/SKANN_SSL/data/prototype_dataset/tensors/tensor_000970.npy,/content/drive/MyDrive/SKANN_SSL/data/prototype_dataset/waveforms/clip_000970.npy
971,1,3,small_craft,3,0.0,0.6667,21.5375,64.6125,True,6066.63,755,25.0,338.63,129.26,0.0,0.073022972068177,0.1456999842946586,0.1622791704299228,377.8151776884503,97.27,103.27,104.21,6.0,/content/drive/MyDrive/SKANN_SSL/data/prototype_dataset/tensors/tensor_000971.npy,/content/drive/MyDrive/SKANN_SSL/data/prototype_dataset/waveforms/clip_000971.npy
972,2,3,small_craft,3,0.0,0.6667,25.7402,77.2205,True,5983.37,819,25.0,69.73,390.17,184.86,0.073022972068177,0.1456999842946586,0.1635500269728622,391.92470801196094,97.27,103.27,104.27,6.0,/content/drive/MyDrive/SKANN_SSL/data/prototype_dataset/tensors/tensor_000972.npy,/content/drive/MyDrive/SKANN_SSL/data/prototype_dataset/waveforms/clip_000972.npy
973,3,3,small_craft,3,0.0,0.6667,20.9901,62.9703,True,6027.77,662,25.0,68.94,405.0,235.1,0.073022972068177,0.1456999842946586,0.1626773605004139,385.8990741098125,97.27,103.27,104.23,6.0,/content/drive/MyDrive/SKANN_SSL/data/prototype_dataset/tensors/tensor_000973.npy,/content/drive/MyDrive/SKANN_SSL/data/prototype_dataset/waveforms/clip_000973.npy
974,4,3,small_craft,3,0.0,0.6667,25.0855,75.2566,True,5903.16,867,25.0,121.88,322.46,179.23,0.073022972068177,0.1456999842946586,0.1640948994667901,392.2650446303472,97.27,103.27,104.3,6.0,/content/drive/MyDrive/SKANN_SSL/data/prototype_dataset/tensors/tensor_000974.npy,/content/drive/MyDrive/SKANN_SSL/data/prototype_dataset/waveforms/clip_000974.npy
975,0,3,small_craft,3,0.0,1.0,25.6791,77.0374,True,6037.02,1152,25.0,89.21,383.4,111.63,0.073022972068177,0.1456999842946587,0.1630809554702622,200.6457744140346,97.27,103.27,104.25,6.0,/content/drive/MyDrive/SKANN_SSL/data/prototype_dataset/tensors/tensor_000975.npy,/content/drive/MyDrive/SKANN_SSL/data/prototype_dataset/waveforms/clip_000975.npy
976,1,3,small_craft,3,0.0,1.0,28.3597,85.0791,True,5971.43,1309,25.0,233.55,311.86,0.0,0.073022972068177,0.1456999842946587,0.1636194000371175,227.0703236575141,97.27,103.27,104.28,6.0,/content/drive/MyDrive/SKANN_SSL/data/prototype_dataset/tensors/tensor_000976.npy,/content/drive/MyDrive/SKANN_SSL/data/prototype_dataset/waveforms/clip_000976.npy
977,2,3,small_craft,3,0.0,1.0,27.2657,81.797,True,5966.25,1178,25.0,250.61,136.52,0.0,0.073022972068177,0.1456999842946586,0.1628033377915277,251.9540719192952,97.27,103.27,104.23,6.0,/content/drive/MyDrive/SKANN_SSL/data/prototype_dataset/tensors/tensor_000977.npy,/content/drive/MyDrive/SKANN_SSL/data/prototype_dataset/waveforms/clip_000977.npy
978,3,3,small_craft,3,0.0,1.0,20.2671,60.8014,True,5989.24,966,25.0,168.45,458.77,105.9,0.073022972068177,0.1456999842946586,0.1635744789428955,209.5702098241182,97.27,103.27,104.27,6.0,/content/drive/MyDrive/SKANN_SSL/data/prototype_dataset/tensors/tensor_000978.npy,/content/drive/MyDrive/SKANN_SSL/data/prototype_dataset/waveforms/clip_000978.npy
979,4,3,small_craft,3,0.0,1.0,19.9951,59.9852,True,6097.85,925,25.0,148.11,351.66,99.07,0.073022972068177,0.1456999842946587,0.1634981340725583,273.9366897031416,97.27,103.27,104.27,6.0,/content/drive/MyDrive/SKANN_SSL/data/prototype_dataset/tensors/tensor_000979.npy,/content/drive/MyDrive/SKANN_SSL/data/prototype_dataset/waveforms/clip_000979.npy
980,0,3,small_craft,3,50.0,0.0,23.496,70.4881,False,0.0,0,25.0,98.83,390.4,0.0,0.073022972068177,0.1456999842946586,0.1636516311964215,465.6904218903634,97.27,103.27,104.28,6.0,/content/drive/MyDrive/SKANN_SSL/data/prototype_dataset/tensors/tensor_000980.npy,/content/drive/MyDrive/SKANN_SSL/data/prototype_dataset/waveforms/clip_000980.npy
981,1,3,small_craft,3,50.0,0.0,29.8773,89.632,False,0.0,0,25.0,134.81,466.19,0.0,0.073022972068177,0.1456999842946586,0.1643098463925516,464.2604094748335,97.27,103.27,104.31,6.0,/content/drive/MyDrive/SKANN_SSL/data/prototype_dataset/tensors/tensor_000981.npy,/content/drive/MyDrive/SKANN_SSL/data/prototype_dataset/waveforms/clip_000981.npy
982,2,3,small_craft,3,50.0,0.0,17.6504,52.9511,False,0.0,0,25.0,112.94,283.59,491.6,0.073022972068177,0.1456999842946586,0.1623779860239426,465.7569084441943,97.27,103.27,104.21,6.0,/content/drive/MyDrive/SKANN_SSL/data/prototype_dataset/tensors/tensor_000982.npy,/content/drive/MyDrive/SKANN_SSL/data/prototype_dataset/waveforms/clip_000982.npy
983,3,3,small_craft,3,50.0,0.0,16.2453,48.736,False,0.0,0,25.0,68.52,261.64,0.0,0.073022972068177,0.1456999842946587,0.164129719703232,465.13946267431095,97.27,103.27,104.3,6.0,/content/drive/MyDrive/SKANN_SSL/data/prototype_dataset/tensors/tensor_000983.npy,/content/drive/MyDrive/SKANN_SSL/data/prototype_dataset/waveforms/clip_000983.npy
984,4,3,small_craft,3,50.0,0.0,23.3273,69.9818,False,0.0,0,25.0,279.66,275.52,0.0,0.073022972068177,0.1456999842946586,0.1637163778200482,464.0285116929396,97.27,103.27,104.28,6.0,/content/drive/MyDrive/SKANN_SSL/data/prototype_dataset/tensors/tensor_000984.npy,/content/drive/MyDrive/SKANN_SSL/data/prototype_dataset/waveforms/clip_000984.npy
985,0,3,small_craft,3,50.0,0.3333,15.6557,46.967,True,5865.88,277,25.0,371.16,144.1,219.93,0.073022972068177,0.1456999842946586,0.1628758717072412,461.2951550119878,97.27,103.27,104.24,6.0,/content/drive/MyDrive/SKANN_SSL/data/prototype_dataset/tensors/tensor_000985.npy,/content/drive/MyDrive/SKANN_SSL/data/prototype_dataset/waveforms/clip_000985.npy
986,1,3,small_craft,3,50.0,0.3333,20.0117,60.0352,True,5982.93,412,25.0,319.34,89.01,0.0,0.073022972068177,0.1456999842946587,0.1632734966907635,460.79423792186566,97.27,103.27,104.26,6.0,/content/drive/MyDrive/SKANN_SSL/data/prototype_dataset/tensors/tensor_000986.npy,/content/drive/MyDrive/SKANN_SSL/data/prototype_dataset/waveforms/clip_000986.npy
987,2,3,small_craft,3,50.0,0.3333,26.9854,80.9561,True,6090.59,494,25.0,112.78,284.39,0.0,0.073022972068177,0.1456999842946586,0.1621305933752992,460.5811840159122,97.27,103.27,104.2,6.0,/content/drive/MyDrive/SKANN_SSL/data/prototype_dataset/tensors/tensor_000987.npy,/content/drive/MyDrive/SKANN_SSL/data/prototype_dataset/waveforms/clip_000987.npy
988,3,3,small_craft,3,50.0,0.3333,17.6355,52.9066,True,5859.14,339,25.0,179.87,102.45,0.0,0.073022972068177,0.1456999842946587,0.1642201587839718,463.6039319920734,97.27,103.27,104.31,6.0,/content/drive/MyDrive/SKANN_SSL/data/prototype_dataset/tensors/tensor_000988.npy,/content/drive/MyDrive/SKANN_SSL/data/prototype_dataset/waveforms/clip_000988.npy
989,4,3,small_craft,3,50.0,0.3333,20.1871,60.5614,True,5886.88,356,25.0,400.66,137.48,0.0,0.073022972068177,0.1456999842946586,0.1620822188931099,462.5261906711006,97.27,103.27,104.19,6.0,/content/drive/MyDrive/SKANN_SSL/data/prototype_dataset/tensors/tensor_000989.npy,/content/drive/MyDrive/SKANN_SSL/data/prototype_dataset/waveforms/clip_000989.npy
990,0,3,small_craft,3,50.0,0.6667,15.764,47.2921,True,5887.04,511,25.0,63.16,284.01,285.83,0.073022972068177,0.1456999842946586,0.1635477066128593,392.0450981955249,97.27,103.27,104.27,6.0,/content/drive/MyDrive/SKANN_SSL/data/prototype_dataset/tensors/tensor_000990.npy,/content/drive/MyDrive/SKANN_SSL/data/prototype_dataset/waveforms/clip_000990.npy
991,1,3,small_craft,3,50.0,0.6667,15.7191,47.1574,True,6075.1,545,25.0,256.68,233.53,0.0,0.073022972068177,0.1456999842946586,0.1620339670097521,407.64976237766,97.27,103.27,104.19,6.0,/content/drive/MyDrive/SKANN_SSL/data/prototype_dataset/tensors/tensor_000991.npy,/content/drive/MyDrive/SKANN_SSL/data/prototype_dataset/waveforms/clip_000991.npy
992,2,3,small_craft,3,50.0,0.6667,24.1768,72.5303,True,6055.63,763,25.0,305.79,82.3,100.13,0.073022972068177,0.1456999842946587,0.1626475717274064,365.3626062707785,97.27,103.27,104.22,6.0,/content/drive/MyDrive/SKANN_SSL/data/prototype_dataset/tensors/tensor_000992.npy,/content/drive/MyDrive/SKANN_SSL/data/prototype_dataset/waveforms/clip_000992.npy
993,3,3,small_craft,3,50.0,0.6667,22.274,66.8221,True,6232.09,711,25.0,135.8,166.96,410.28,0.073022972068177,0.1456999842946586,0.1619445865361992,429.6468872739728,97.27,103.27,104.19,6.0,/content/drive/MyDrive/SKANN_SSL/data/prototype_dataset/tensors/tensor_000993.npy,/content/drive/MyDrive/SKANN_SSL/data/prototype_dataset/waveforms/clip_000993.npy
994,4,3,small_craft,3,50.0,0.6667,29.8361,89.5083,True,5947.32,969,25.0,279.77,297.67,0.0,0.073022972068177,0.1456999842946586,0.1625077101782273,358.4377232824473,97.27,103.27,104.22,6.0,/content/drive/MyDrive/SKANN_SSL/data/prototype_dataset/tensors/tensor_000994.npy,/content/drive/MyDrive/SKANN_SSL/data/prototype_dataset/waveforms/clip_000994.npy
995,0,3,small_craft,3,50.0,1.0,28.07,84.2101,True,5949.07,1264,25.0,472.55,138.69,201.54,0.073022972068177,0.1456999842946586,0.1633266679520938,184.52930733564048,97.27,103.27,104.26,6.0,/content/drive/MyDrive/SKANN_SSL/data/prototype_dataset/tensors/tensor_000995.npy,/content/drive/MyDrive/SKANN_SSL/data/prototype_dataset/waveforms/clip_000995.npy
996,1,3,small_craft,3,50.0,1.0,21.3171,63.9513,True,6180.49,957,25.0,285.82,113.11,0.0,0.073022972068177,0.1456999842946586,0.1631641909087975,296.6550637974015,97.27,103.27,104.25,6.0,/content/drive/MyDrive/SKANN_SSL/data/prototype_dataset/tensors/tensor_000996.npy,/content/drive/MyDrive/SKANN_SSL/data/prototype_dataset/waveforms/clip_000996.npy
997,2,3,small_craft,3,50.0,1.0,23.2309,69.6927,True,6223.06,1071,25.0,118.6,128.99,389.16,0.073022972068177,0.1456999842946587,0.1623831426457083,229.8458416237541,97.27,103.27,104.21,6.0,/content/drive/MyDrive/SKANN_SSL/data/prototype_dataset/tensors/tensor_000997.npy,/content/drive/MyDrive/SKANN_SSL/data/prototype_dataset/waveforms/clip_000997.npy
998,3,3,small_craft,3,50.0,1.0,18.0344,54.1031,True,6001.09,823,25.0,370.72,105.75,286.76,0.073022972068177,0.1456999842946586,0.1636551773931842,238.84924434755308,97.27,103.27,104.28,6.0,/content/drive/MyDrive/SKANN_SSL/data/prototype_dataset/tensors/tensor_000998.npy,/content/drive/MyDrive/SKANN_SSL/data/prototype_dataset/waveforms/clip_000998.npy
999,4,3,small_craft,3,50.0,1.0,23.4037,70.211,True,5933.33,1071,25.0,146.05,123.12,451.92,0.073022972068177,0.1456999842946586,0.1621121198837242,269.0494312376583,97.27,103.27,104.2,6.0,/content/drive/MyDrive/SKANN_SSL/data/prototype_dataset/tensors/tensor_000999.npy,/content/drive/MyDrive/SKANN_SSL/data/prototype_dataset/waveforms/clip_000999.npy
1000,0,3,small_craft,4,0.0,0.0,24.5394,98.1575,False,0.0,0,25.0,107.6,371.86,119.96,0.073022972068177,0.1456999842946586,0.1627599103783471,473.7544157786716,97.27,103.27,104.23,6.0,/content/drive/MyDrive/SKANN_SSL/data/prototype_dataset/tensors/tensor_001000.npy,/content/drive/MyDrive/SKANN_SSL/data/prototype_dataset/waveforms/clip_001000.npy
1001,1,3,small_craft,4,0.0,0.0,28.803,115.2118,False,0.0,0,25.0,78.49,144.15,468.18,0.073022972068177,0.1456999842946587,0.1632228169011843,475.41196223136905,97.27,103.27,104.26,6.0,/content/drive/MyDrive/SKANN_SSL/data/prototype_dataset/tensors/tensor_001001.npy,/content/drive/MyDrive/SKANN_SSL/data/prototype_dataset/waveforms/clip_001001.npy
1002,2,3,small_craft,4,0.0,0.0,23.3307,93.3229,False,0.0,0,25.0,289.49,196.84,90.19,0.073022972068177,0.1456999842946586,0.1630408993271004,479.8571312635903,97.27,103.27,104.25,6.0,/content/drive/MyDrive/SKANN_SSL/data/prototype_dataset/tensors/tensor_001002.npy,/content/drive/MyDrive/SKANN_SSL/data/prototype_dataset/waveforms/clip_001002.npy
1003,3,3,small_craft,4,0.0,0.0,26.5261,106.1044,False,0.0,0,25.0,196.06,263.95,115.74,0.073022972068177,0.1456999842946587,0.1642729234980031,477.1575362092221,97.27,103.27,104.31,6.0,/content/drive/MyDrive/SKANN_SSL/data/prototype_dataset/tensors/tensor_001003.npy,/content/drive/MyDrive/SKANN_SSL/data/prototype_dataset/waveforms/clip_001003.npy
1004,4,3,small_craft,4,0.0,0.0,28.9021,115.6085,False,0.0,0,25.0,65.4,108.94,0.0,0.073022972068177,0.1456999842946586,0.1616312976228634,480.2575969723964,97.27,103.27,104.17,6.0,/content/drive/MyDrive/SKANN_SSL/data/prototype_dataset/tensors/tensor_001004.npy,/content/drive/MyDrive/SKANN_SSL/data/prototype_dataset/waveforms/clip_001004.npy
1005,0,3,small_craft,4,0.0,0.3333,27.3718,109.4871,True,5975.2,655,25.0,132.36,454.23,0.0,0.073022972068177,0.1456999842946586,0.1622694816768589,468.9824466011871,97.27,103.27,104.2,6.0,/content/drive/MyDrive/SKANN_SSL/data/prototype_dataset/tensors/tensor_001005.npy,/content/drive/MyDrive/SKANN_SSL/data/prototype_dataset/waveforms/clip_001005.npy
1006,1,3,small_craft,4,0.0,0.3333,15.029,60.1159,True,6120.0,354,25.0,414.17,175.13,112.39,0.073022972068177,0.1456999842946586,0.1612869773959602,477.24032833757127,97.27,103.27,104.15,6.0,/content/drive/MyDrive/SKANN_SSL/data/prototype_dataset/tensors/tensor_001006.npy,/content/drive/MyDrive/SKANN_SSL/data/prototype_dataset/waveforms/clip_001006.npy
1007,2,3,small_craft,4,0.0,0.3333,15.184,60.7362,True,6045.49,344,25.0,94.51,103.14,0.0,0.073022972068177,0.1456999842946586,0.1628336149810386,475.5775153847942,97.27,103.27,104.23,6.0,/content/drive/MyDrive/SKANN_SSL/data/prototype_dataset/tensors/tensor_001007.npy,/content/drive/MyDrive/SKANN_SSL/data/prototype_dataset/waveforms/clip_001007.npy
1008,3,3,small_craft,4,0.0,0.3333,29.3251,117.3003,True,6065.13,701,25.0,231.75,176.62,59.38,0.073022972068177,0.1456999842946586,0.1629021045273417,463.8750466294611,97.27,103.27,104.24,6.0,/content/drive/MyDrive/SKANN_SSL/data/prototype_dataset/tensors/tensor_001008.npy,/content/drive/MyDrive/SKANN_SSL/data/prototype_dataset/waveforms/clip_001008.npy
1009,4,3,small_craft,4,0.0,0.3333,17.9119,71.6476,True,5935.31,437,25.0,220.58,448.92,0.0,0.073022972068177,0.1456999842946587,0.1635113474800654,472.6704150432668,97.27,103.27,104.27,6.0,/content/drive/MyDrive/SKANN_SSL/data/prototype_dataset/tensors/tensor_001009.npy,/content/drive/MyDrive/SKANN_SSL/data/prototype_dataset/waveforms/clip_001009.npy
1010,0,3,small_craft,4,0.0,0.6667,24.9174,99.6696,True,6016.61,1093,25.0,129.28,324.33,144.68,0.073022972068177,0.1456999842946586,0.1618466652909466,340.090050870684,97.27,103.27,104.18,6.0,/content/drive/MyDrive/SKANN_SSL/data/prototype_dataset/tensors/tensor_001010.npy,/content/drive/MyDrive/SKANN_SSL/data/prototype_dataset/waveforms/clip_001010.npy
1011,1,3,small_craft,4,0.0,0.6667,15.3534,61.4137,True,5885.72,699,25.0,67.36,147.12,332.49,0.073022972068177,0.1456999842946586,0.163081963385247,419.5571163879145,97.27,103.27,104.25,6.0,/content/drive/MyDrive/SKANN_SSL/data/prototype_dataset/tensors/tensor_001011.npy,/content/drive/MyDrive/SKANN_SSL/data/prototype_dataset/waveforms/clip_001011.npy
1012,2,3,small_craft,4,0.0,0.6667,28.3034,113.2135,True,5942.01,1263,25.0,330.05,243.71,0.0,0.073022972068177,0.1456999842946587,0.1628709858120403,334.3444285935736,97.27,103.27,104.24,6.0,/content/drive/MyDrive/SKANN_SSL/data/prototype_dataset/tensors/tensor_001012.npy,/content/drive/MyDrive/SKANN_SSL/data/prototype_dataset/waveforms/clip_001012.npy
1013,3,3,small_craft,4,0.0,0.6667,24.5681,98.2722,True,6026.75,1114,25.0,262.16,89.61,0.0,0.073022972068177,0.1456999842946586,0.1627966378952648,372.5285295688207,97.27,103.27,104.23,6.0,/content/drive/MyDrive/SKANN_SSL/data/prototype_dataset/tensors/tensor_001013.npy,/content/drive/MyDrive/SKANN_SSL/data/prototype_dataset/waveforms/clip_001013.npy
1014,4,3,small_craft,4,0.0,0.6667,17.9737,71.8946,True,6065.6,779,25.0,64.96,122.96,343.52,0.073022972068177,0.1456999842946586,0.1635526563778871,421.5152000874149,97.27,103.27,104.27,6.0,/content/drive/MyDrive/SKANN_SSL/data/prototype_dataset/tensors/tensor_001014.npy,/content/drive/MyDrive/SKANN_SSL/data/prototype_dataset/waveforms/clip_001014.npy
1015,0,3,small_craft,4,0.0,1.0,20.3108,81.243,True,5943.88,1145,25.0,128.75,124.84,0.0,0.073022972068177,0.1456999842946586,0.1627721042492254,217.8821639201879,97.27,103.27,104.23,6.0,/content/drive/MyDrive/SKANN_SSL/data/prototype_dataset/tensors/tensor_001015.npy,/content/drive/MyDrive/SKANN_SSL/data/prototype_dataset/waveforms/clip_001015.npy
1016,1,3,small_craft,4,0.0,1.0,26.6745,106.698,True,6067.03,1520,25.0,202.3,74.89,277.05,0.073022972068177,0.1456999842946586,0.1635844111500232,236.65885456126583,97.27,103.27,104.27,6.0,/content/drive/MyDrive/SKANN_SSL/data/prototype_dataset/tensors/tensor_001016.npy,/content/drive/MyDrive/SKANN_SSL/data/prototype_dataset/waveforms/clip_001016.npy
1017,2,3,small_craft,4,0.0,1.0,19.4892,77.9569,True,6093.62,1105,25.0,87.63,121.88,436.78,0.073022972068177,0.1456999842946586,0.1624276138142592,225.8076406396676,97.27,103.27,104.21,6.0,/content/drive/MyDrive/SKANN_SSL/data/prototype_dataset/tensors/tensor_001017.npy,/content/drive/MyDrive/SKANN_SSL/data/prototype_dataset/waveforms/clip_001017.npy
1018,3,3,small_craft,4,0.0,1.0,24.9637,99.8546,True,6050.22,1470,25.0,432.69,138.26,0.0,0.073022972068177,0.1456999842946586,0.1629783610138636,222.51443747330532,97.27,103.27,104.24,6.0,/content/drive/MyDrive/SKANN_SSL/data/prototype_dataset/tensors/tensor_001018.npy,/content/drive/MyDrive/SKANN_SSL/data/prototype_dataset/waveforms/clip_001018.npy
1019,4,3,small_craft,4,0.0,1.0,27.8326,111.3306,True,6035.01,1705,25.0,104.3,114.23,0.0,0.073022972068177,0.1456999842946586,0.1637178524235761,222.1079088113665,97.27,103.27,104.28,6.0,/content/drive/MyDrive/SKANN_SSL/data/prototype_dataset/tensors/tensor_001019.npy,/content/drive/MyDrive/SKANN_SSL/data/prototype_dataset/waveforms/clip_001019.npy
1020,0,3,small_craft,4,50.0,0.0,21.8264,87.3055,False,0.0,0,25.0,240.7,76.6,0.0,0.073022972068177,0.1456999842946586,0.1615148566948619,467.9009239002377,97.27,103.27,104.16,6.0,/content/drive/MyDrive/SKANN_SSL/data/prototype_dataset/tensors/tensor_001020.npy,/content/drive/MyDrive/SKANN_SSL/data/prototype_dataset/waveforms/clip_001020.npy
1021,1,3,small_craft,4,50.0,0.0,20.2159,80.8638,False,0.0,0,25.0,199.59,67.12,0.0,0.073022972068177,0.1456999842946586,0.1603944138561468,470.96760565085714,97.27,103.27,104.1,6.0,/content/drive/MyDrive/SKANN_SSL/data/prototype_dataset/tensors/tensor_001021.npy,/content/drive/MyDrive/SKANN_SSL/data/prototype_dataset/waveforms/clip_001021.npy
1022,2,3,small_craft,4,50.0,0.0,19.2509,77.0034,False,0.0,0,25.0,144.59,113.65,222.44,0.073022972068177,0.1456999842946586,0.1624584110045893,472.1485883587098,97.27,103.27,104.21,6.0,/content/drive/MyDrive/SKANN_SSL/data/prototype_dataset/tensors/tensor_001022.npy,/content/drive/MyDrive/SKANN_SSL/data/prototype_dataset/waveforms/clip_001022.npy
1023,3,3,small_craft,4,50.0,0.0,20.8648,83.4593,False,0.0,0,25.0,87.17,118.7,489.11,0.073022972068177,0.1456999842946586,0.1631669302674451,470.644406458213,97.27,103.27,104.25,6.0,/content/drive/MyDrive/SKANN_SSL/data/prototype_dataset/tensors/tensor_001023.npy,/content/drive/MyDrive/SKANN_SSL/data/prototype_dataset/waveforms/clip_001023.npy
1024,4,3,small_craft,4,50.0,0.0,22.836,91.3438,False,0.0,0,25.0,126.6,447.8,0.0,0.073022972068177,0.1456999842946586,0.1622106760493136,471.2405365241165,97.27,103.27,104.2,6.0,/content/drive/MyDrive/SKANN_SSL/data/prototype_dataset/tensors/tensor_001024.npy,/content/drive/MyDrive/SKANN_SSL/data/prototype_dataset/waveforms/clip_001024.npy
1025,0,3,small_craft,4,50.0,0.3333,28.3289,113.3157,True,6119.03,670,25.0,155.26,249.02,134.7,0.073022972068177,0.1456999842946586,0.1630783995786682,465.6388031776906,97.27,103.27,104.25,6.0,/content/drive/MyDrive/SKANN_SSL/data/prototype_dataset/tensors/tensor_001025.npy,/content/drive/MyDrive/SKANN_SSL/data/prototype_dataset/waveforms/clip_001025.npy
1026,1,3,small_craft,4,50.0,0.3333,15.0001,60.0003,True,5780.44,354,25.0,124.8,261.92,0.0,0.073022972068177,0.1456999842946586,0.1626647532721667,466.168481831482,97.27,103.27,104.23,6.0,/content/drive/MyDrive/SKANN_SSL/data/prototype_dataset/tensors/tensor_001026.npy,/content/drive/MyDrive/SKANN_SSL/data/prototype_dataset/waveforms/clip_001026.npy
1027,2,3,small_craft,4,50.0,0.3333,24.305,97.2202,True,6026.55,544,25.0,435.04,137.38,0.0,0.073022972068177,0.1456999842946586,0.163336355584508,465.1027411631197,97.27,103.27,104.26,6.0,/content/drive/MyDrive/SKANN_SSL/data/prototype_dataset/tensors/tensor_001027.npy,/content/drive/MyDrive/SKANN_SSL/data/prototype_dataset/waveforms/clip_001027.npy
1028,3,3,small_craft,4,50.0,0.3333,19.6962,78.7848,True,6028.07,474,25.0,113.95,472.0,0.0,0.073022972068177,0.1456999842946586,0.1624464281840625,462.1422220282282,97.27,103.27,104.21,6.0,/content/drive/MyDrive/SKANN_SSL/data/prototype_dataset/tensors/tensor_001028.npy,/content/drive/MyDrive/SKANN_SSL/data/prototype_dataset/waveforms/clip_001028.npy
1029,4,3,small_craft,4,50.0,0.3333,21.0042,84.0167,True,5892.75,491,25.0,81.78,418.62,122.39,0.073022972068177,0.1456999842946586,0.1632815937571073,462.80727660802506,97.27,103.27,104.26,6.0,/content/drive/MyDrive/SKANN_SSL/data/prototype_dataset/tensors/tensor_001029.npy,/content/drive/MyDrive/SKANN_SSL/data/prototype_dataset/waveforms/clip_001029.npy
1030,0,3,small_craft,4,50.0,0.6667,17.5371,70.1486,True,6103.56,761,25.0,467.47,145.44,195.75,0.073022972068177,0.1456999842946586,0.1639146217442748,383.5424004825284,97.27,103.27,104.29,6.0,/content/drive/MyDrive/SKANN_SSL/data/prototype_dataset/tensors/tensor_001030.npy,/content/drive/MyDrive/SKANN_SSL/data/prototype_dataset/waveforms/clip_001030.npy
1031,1,3,small_craft,4,50.0,0.6667,22.9444,91.7777,True,6004.46,988,25.0,135.16,178.43,434.21,0.073022972068177,0.1456999842946586,0.1619387096899137,363.75439658491774,97.27,103.27,104.19,6.0,/content/drive/MyDrive/SKANN_SSL/data/prototype_dataset/tensors/tensor_001031.npy,/content/drive/MyDrive/SKANN_SSL/data/prototype_dataset/waveforms/clip_001031.npy
1032,2,3,small_craft,4,50.0,0.6667,29.4485,117.7938,True,6034.95,1325,25.0,465.5,277.04,50.14,0.073022972068177,0.1456999842946586,0.163442451525086,367.7064785022365,97.27,103.27,104.27,6.0,/content/drive/MyDrive/SKANN_SSL/data/prototype_dataset/tensors/tensor_001032.npy,/content/drive/MyDrive/SKANN_SSL/data/prototype_dataset/waveforms/clip_001032.npy
1033,3,3,small_craft,4,50.0,0.6667,23.5753,94.3011,True,6013.34,1030,25.0,239.62,269.07,0.0,0.073022972068177,0.1456999842946586,0.1632366886200273,347.4136405008848,97.27,103.27,104.26,6.0,/content/drive/MyDrive/SKANN_SSL/data/prototype_dataset/tensors/tensor_001033.npy,/content/drive/MyDrive/SKANN_SSL/data/prototype_dataset/waveforms/clip_001033.npy
1034,4,3,small_craft,4,50.0,0.6667,27.2743,109.097,True,5951.27,1224,25.0,343.35,79.05,272.85,0.073022972068177,0.1456999842946587,0.1630067440284879,330.0464352737489,97.27,103.27,104.24,6.0,/content/drive/MyDrive/SKANN_SSL/data/prototype_dataset/tensors/tensor_001034.npy,/content/drive/MyDrive/SKANN_SSL/data/prototype_dataset/waveforms/clip_001034.npy
1035,0,3,small_craft,4,50.0,1.0,15.595,62.3799,True,6052.5,935,25.0,296.44,107.05,101.45,0.073022972068177,0.1456999842946586,0.1629435224426303,263.88217132405595,97.27,103.27,104.24,6.0,/content/drive/MyDrive/SKANN_SSL/data/prototype_dataset/tensors/tensor_001035.npy,/content/drive/MyDrive/SKANN_SSL/data/prototype_dataset/waveforms/clip_001035.npy
1036,1,3,small_craft,4,50.0,1.0,27.0108,108.0431,True,6059.2,1636,25.0,234.67,482.24,103.93,0.073022972068177,0.1456999842946586,0.1628487760101024,216.7506083453025,97.27,103.27,104.24,6.0,/content/drive/MyDrive/SKANN_SSL/data/prototype_dataset/tensors/tensor_001036.npy,/content/drive/MyDrive/SKANN_SSL/data/prototype_dataset/waveforms/clip_001036.npy
1037,2,3,small_craft,4,50.0,1.0,25.5086,102.0346,True,6068.41,1570,25.0,258.06,103.15,0.0,0.073022972068177,0.1456999842946586,0.1633344894196219,175.6755829869266,97.27,103.27,104.26,6.0,/content/drive/MyDrive/SKANN_SSL/data/prototype_dataset/tensors/tensor_001037.npy,/content/drive/MyDrive/SKANN_SSL/data/prototype_dataset/waveforms/clip_001037.npy
1038,3,3,small_craft,4,50.0,1.0,28.8118,115.2473,True,6007.02,1766,25.0,119.49,285.42,144.24,0.073022972068177,0.1456999842946586,0.1627234153293291,197.08840972922707,97.27,103.27,104.23,6.0,/content/drive/MyDrive/SKANN_SSL/data/prototype_dataset/tensors/tensor_001038.npy,/content/drive/MyDrive/SKANN_SSL/data/prototype_dataset/waveforms/clip_001038.npy
1039,4,3,small_craft,4,50.0,1.0,17.0127,68.0509,True,5955.84,1016,25.0,406.74,140.38,125.02,0.073022972068177,0.1456999842946586,0.162720032506998,261.00121679234815,97.27,103.27,104.23,6.0,/content/drive/MyDrive/SKANN_SSL/data/prototype_dataset/tensors/tensor_001039.npy,/content/drive/MyDrive/SKANN_SSL/data/prototype_dataset/waveforms/clip_001039.npy
1040,0,3,small_craft,5,0.0,0.0,29.4165,147.0826,False,0.0,0,25.0,79.49,137.46,0.0,0.073022972068177,0.1456999842946586,0.1640548800875112,485.1567849852535,97.27,103.27,104.3,6.0,/content/drive/MyDrive/SKANN_SSL/data/prototype_dataset/tensors/tensor_001040.npy,/content/drive/MyDrive/SKANN_SSL/data/prototype_dataset/waveforms/clip_001040.npy
1041,1,3,small_craft,5,0.0,0.0,23.2324,116.1621,False,0.0,0,25.0,91.5,262.57,0.0,0.073022972068177,0.1456999842946587,0.1632621356809262,485.1619602555314,97.27,103.27,104.26,6.0,/content/drive/MyDrive/SKANN_SSL/data/prototype_dataset/tensors/tensor_001041.npy,/content/drive/MyDrive/SKANN_SSL/data/prototype_dataset/waveforms/clip_001041.npy
1042,2,3,small_craft,5,0.0,0.0,15.0991,75.4957,False,0.0,0,25.0,311.76,128.6,0.0,0.073022972068177,0.1456999842946586,0.1631046501311215,481.3047444659063,97.27,103.27,104.25,6.0,/content/drive/MyDrive/SKANN_SSL/data/prototype_dataset/tensors/tensor_001042.npy,/content/drive/MyDrive/SKANN_SSL/data/prototype_dataset/waveforms/clip_001042.npy
1043,3,3,small_craft,5,0.0,0.0,17.0475,85.2373,False,0.0,0,25.0,223.87,87.38,150.03,0.073022972068177,0.1456999842946587,0.1615012253017638,483.65020661285,97.27,103.27,104.16,6.0,/content/drive/MyDrive/SKANN_SSL/data/prototype_dataset/tensors/tensor_001043.npy,/content/drive/MyDrive/SKANN_SSL/data/prototype_dataset/waveforms/clip_001043.npy
1044,4,3,small_craft,5,0.0,0.0,17.6317,88.1587,False,0.0,0,25.0,232.48,206.36,136.71,0.073022972068177,0.1456999842946586,0.1635636845196626,483.9665362008256,97.27,103.27,104.27,6.0,/content/drive/MyDrive/SKANN_SSL/data/prototype_dataset/tensors/tensor_001044.npy,/content/drive/MyDrive/SKANN_SSL/data/prototype_dataset/waveforms/clip_001044.npy
1045,0,3,small_craft,5,0.0,0.3333,25.6057,128.0285,True,6272.59,749,25.0,478.07,187.82,145.12,0.073022972068177,0.1456999842946586,0.1619466924688833,475.6335879409013,97.27,103.27,104.19,6.0,/content/drive/MyDrive/SKANN_SSL/data/prototype_dataset/tensors/tensor_001045.npy,/content/drive/MyDrive/SKANN_SSL/data/prototype_dataset/waveforms/clip_001045.npy
1046,1,3,small_craft,5,0.0,0.3333,24.4101,122.0507,True,5993.03,765,25.0,126.7,241.01,114.91,0.073022972068177,0.1456999842946587,0.1638453602082047,477.2398064061055,97.27,103.27,104.29,6.0,/content/drive/MyDrive/SKANN_SSL/data/prototype_dataset/tensors/tensor_001046.npy,/content/drive/MyDrive/SKANN_SSL/data/prototype_dataset/waveforms/clip_001046.npy
1047,2,3,small_craft,5,0.0,0.3333,26.6589,133.2946,True,6086.06,831,25.0,381.75,70.33,0.0,0.073022972068177,0.1456999842946586,0.1619068419541723,476.80093855663097,97.27,103.27,104.19,6.0,/content/drive/MyDrive/SKANN_SSL/data/prototype_dataset/tensors/tensor_001047.npy,/content/drive/MyDrive/SKANN_SSL/data/prototype_dataset/waveforms/clip_001047.npy
1048,3,3,small_craft,5,0.0,0.3333,26.0137,130.0683,True,5984.4,753,25.0,123.71,274.83,148.38,0.073022972068177,0.1456999842946586,0.1642238501613571,480.7406041643297,97.27,103.27,104.31,6.0,/content/drive/MyDrive/SKANN_SSL/data/prototype_dataset/tensors/tensor_001048.npy,/content/drive/MyDrive/SKANN_SSL/data/prototype_dataset/waveforms/clip_001048.npy
1049,4,3,small_craft,5,0.0,0.3333,19.6111,98.0554,True,6135.84,548,25.0,171.61,444.65,0.0,0.073022972068177,0.1456999842946586,0.1618695785216554,475.39053305891866,97.27,103.27,104.18,6.0,/content/drive/MyDrive/SKANN_SSL/data/prototype_dataset/tensors/tensor_001049.npy,/content/drive/MyDrive/SKANN_SSL/data/prototype_dataset/waveforms/clip_001049.npy
1050,0,3,small_craft,5,0.0,0.6667,24.8381,124.1906,True,6029.09,1364,25.0,121.25,136.8,445.19,0.073022972068177,0.1456999842946586,0.1621469083588466,324.1940943693369,97.27,103.27,104.2,6.0,/content/drive/MyDrive/SKANN_SSL/data/prototype_dataset/tensors/tensor_001050.npy,/content/drive/MyDrive/SKANN_SSL/data/prototype_dataset/waveforms/clip_001050.npy
1051,1,3,small_craft,5,0.0,0.6667,15.3612,76.8058,True,6034.0,871,25.0,185.19,327.03,0.0,0.073022972068177,0.1456999842946586,0.1634485222086226,408.57712937913954,97.27,103.27,104.27,6.0,/content/drive/MyDrive/SKANN_SSL/data/prototype_dataset/tensors/tensor_001051.npy,/content/drive/MyDrive/SKANN_SSL/data/prototype_dataset/waveforms/clip_001051.npy
1052,2,3,small_craft,5,0.0,0.6667,23.7544,118.7719,True,6070.08,1306,25.0,75.49,161.0,0.0,0.073022972068177,0.1456999842946586,0.1637513584724741,393.3423191761315,97.27,103.27,104.28,6.0,/content/drive/MyDrive/SKANN_SSL/data/prototype_dataset/tensors/tensor_001052.npy,/content/drive/MyDrive/SKANN_SSL/data/prototype_dataset/waveforms/clip_001052.npy
1053,3,3,small_craft,5,0.0,0.6667,21.3906,106.9532,True,6055.63,1222,25.0,110.7,419.67,104.36,0.073022972068177,0.1456999842946586,0.1627322976558578,402.0271169217834,97.27,103.27,104.23,6.0,/content/drive/MyDrive/SKANN_SSL/data/prototype_dataset/tensors/tensor_001053.npy,/content/drive/MyDrive/SKANN_SSL/data/prototype_dataset/waveforms/clip_001053.npy
1054,4,3,small_craft,5,0.0,0.6667,15.7753,78.8764,True,6080.32,857,25.0,219.4,199.2,0.0,0.073022972068177,0.1456999842946586,0.1639649506977455,417.71243058873216,97.27,103.27,104.3,6.0,/content/drive/MyDrive/SKANN_SSL/data/prototype_dataset/tensors/tensor_001054.npy,/content/drive/MyDrive/SKANN_SSL/data/prototype_dataset/waveforms/clip_001054.npy
1055,0,3,small_craft,5,0.0,1.0,25.6633,128.3167,True,6035.41,1946,25.0,213.5,322.31,131.27,0.073022972068177,0.1456999842946586,0.1629309326193105,201.38114119919635,97.27,103.27,104.24,6.0,/content/drive/MyDrive/SKANN_SSL/data/prototype_dataset/tensors/tensor_001055.npy,/content/drive/MyDrive/SKANN_SSL/data/prototype_dataset/waveforms/clip_001055.npy
1056,1,3,small_craft,5,0.0,1.0,17.8554,89.2772,True,5951.64,1348,25.0,227.3,86.47,285.1,0.073022972068177,0.1456999842946586,0.162987304166123,179.38200570675366,97.27,103.27,104.24,6.0,/content/drive/MyDrive/SKANN_SSL/data/prototype_dataset/tensors/tensor_001056.npy,/content/drive/MyDrive/SKANN_SSL/data/prototype_dataset/waveforms/clip_001056.npy
1057,2,3,small_craft,5,0.0,1.0,24.0629,120.3143,True,5967.85,1751,25.0,374.7,113.02,0.0,0.073022972068177,0.1456999842946586,0.1626086678263224,196.31008724503823,97.27,103.27,104.22,6.0,/content/drive/MyDrive/SKANN_SSL/data/prototype_dataset/tensors/tensor_001057.npy,/content/drive/MyDrive/SKANN_SSL/data/prototype_dataset/waveforms/clip_001057.npy
1058,3,3,small_craft,5,0.0,1.0,29.5611,147.8057,True,6054.57,2205,25.0,154.5,488.58,0.0,0.073022972068177,0.1456999842946586,0.1637788140615104,212.74864675700545,97.27,103.27,104.29,6.0,/content/drive/MyDrive/SKANN_SSL/data/prototype_dataset/tensors/tensor_001058.npy,/content/drive/MyDrive/SKANN_SSL/data/prototype_dataset/waveforms/clip_001058.npy
1059,4,3,small_craft,5,0.0,1.0,17.9376,89.6879,True,6083.33,1372,25.0,158.82,104.26,0.0,0.073022972068177,0.1456999842946586,0.162804108288008,254.9256679653072,97.27,103.27,104.23,6.0,/content/drive/MyDrive/SKANN_SSL/data/prototype_dataset/tensors/tensor_001059.npy,/content/drive/MyDrive/SKANN_SSL/data/prototype_dataset/waveforms/clip_001059.npy
1060,0,3,small_craft,5,50.0,0.0,17.0375,85.1877,False,0.0,0,25.0,146.9,272.76,156.91,0.073022972068177,0.1456999842946586,0.1636707669170905,475.8455064159302,97.27,103.27,104.28,6.0,/content/drive/MyDrive/SKANN_SSL/data/prototype_dataset/tensors/tensor_001060.npy,/content/drive/MyDrive/SKANN_SSL/data/prototype_dataset/waveforms/clip_001060.npy
1061,1,3,small_craft,5,50.0,0.0,20.0897,100.4484,False,0.0,0,25.0,142.63,423.26,55.03,0.073022972068177,0.1456999842946586,0.1625899781337348,463.2625956503008,97.27,103.27,104.22,6.0,/content/drive/MyDrive/SKANN_SSL/data/prototype_dataset/tensors/tensor_001061.npy,/content/drive/MyDrive/SKANN_SSL/data/prototype_dataset/waveforms/clip_001061.npy
1062,2,3,small_craft,5,50.0,0.0,28.4626,142.3129,False,0.0,0,25.0,74.13,301.72,0.0,0.073022972068177,0.1456999842946586,0.1637193810952464,476.5776362410537,97.27,103.27,104.28,6.0,/content/drive/MyDrive/SKANN_SSL/data/prototype_dataset/tensors/tensor_001062.npy,/content/drive/MyDrive/SKANN_SSL/data/prototype_dataset/waveforms/clip_001062.npy
1063,3,3,small_craft,5,50.0,0.0,24.2728,121.364,False,0.0,0,25.0,294.08,215.24,0.0,0.073022972068177,0.1456999842946587,0.1635777202394002,477.8007272026466,97.27,103.27,104.27,6.0,/content/drive/MyDrive/SKANN_SSL/data/prototype_dataset/tensors/tensor_001063.npy,/content/drive/MyDrive/SKANN_SSL/data/prototype_dataset/waveforms/clip_001063.npy
1064,4,3,small_craft,5,50.0,0.0,16.1619,80.8097,False,0.0,0,25.0,452.41,143.44,0.0,0.073022972068177,0.1456999842946586,0.1627506929686321,476.8519349810411,97.27,103.27,104.23,6.0,/content/drive/MyDrive/SKANN_SSL/data/prototype_dataset/tensors/tensor_001064.npy,/content/drive/MyDrive/SKANN_SSL/data/prototype_dataset/waveforms/clip_001064.npy
1065,0,3,small_craft,5,50.0,0.3333,15.3784,76.8918,True,6203.57,434,25.0,459.68,122.09,257.6,0.073022972068177,0.1456999842946586,0.163332602826533,469.8109531056122,97.27,103.27,104.26,6.0,/content/drive/MyDrive/SKANN_SSL/data/prototype_dataset/tensors/tensor_001065.npy,/content/drive/MyDrive/SKANN_SSL/data/prototype_dataset/waveforms/clip_001065.npy
1066,1,3,small_craft,5,50.0,0.3333,21.7176,108.588,True,6055.81,633,25.0,77.48,225.9,0.0,0.073022972068177,0.1456999842946586,0.1633471533783347,469.9464601197349,97.27,103.27,104.26,6.0,/content/drive/MyDrive/SKANN_SSL/data/prototype_dataset/tensors/tensor_001066.npy,/content/drive/MyDrive/SKANN_SSL/data/prototype_dataset/waveforms/clip_001066.npy
1067,2,3,small_craft,5,50.0,0.3333,24.3925,121.9624,True,6009.95,723,25.0,488.11,144.0,0.0,0.073022972068177,0.1456999842946586,0.1617952207722254,467.3454706139017,97.27,103.27,104.18,6.0,/content/drive/MyDrive/SKANN_SSL/data/prototype_dataset/tensors/tensor_001067.npy,/content/drive/MyDrive/SKANN_SSL/data/prototype_dataset/waveforms/clip_001067.npy
1068,3,3,small_craft,5,50.0,0.3333,19.525,97.6252,True,6345.4,585,25.0,108.07,112.71,273.19,0.073022972068177,0.1456999842946586,0.1635453203654262,467.0535785898031,97.27,103.27,104.27,6.0,/content/drive/MyDrive/SKANN_SSL/data/prototype_dataset/tensors/tensor_001068.npy,/content/drive/MyDrive/SKANN_SSL/data/prototype_dataset/waveforms/clip_001068.npy
1069,4,3,small_craft,5,50.0,0.3333,22.2386,111.193,True,5890.04,652,25.0,78.39,192.52,384.88,0.073022972068177,0.1456999842946586,0.1615429600168715,466.1869511293031,97.27,103.27,104.17,6.0,/content/drive/MyDrive/SKANN_SSL/data/prototype_dataset/tensors/tensor_001069.npy,/content/drive/MyDrive/SKANN_SSL/data/prototype_dataset/waveforms/clip_001069.npy
1070,0,3,small_craft,5,50.0,0.6667,26.9549,134.7744,True,6021.21,1513,25.0,444.59,264.12,0.0,0.073022972068177,0.1456999842946587,0.1631266227771752,327.7947374431891,97.27,103.27,104.25,6.0,/content/drive/MyDrive/SKANN_SSL/data/prototype_dataset/tensors/tensor_001070.npy,/content/drive/MyDrive/SKANN_SSL/data/prototype_dataset/waveforms/clip_001070.npy
1071,1,3,small_craft,5,50.0,0.6667,24.0122,120.0608,True,6083.13,1311,25.0,481.36,167.88,0.0,0.073022972068177,0.1456999842946586,0.1628949660466547,351.287991391731,97.27,103.27,104.24,6.0,/content/drive/MyDrive/SKANN_SSL/data/prototype_dataset/tensors/tensor_001071.npy,/content/drive/MyDrive/SKANN_SSL/data/prototype_dataset/waveforms/clip_001071.npy
1072,2,3,small_craft,5,50.0,0.6667,21.807,109.0348,True,5970.12,1210,25.0,141.88,430.68,298.02,0.073022972068177,0.1456999842946586,0.1623872210177657,342.2762676159094,97.27,103.27,104.21,6.0,/content/drive/MyDrive/SKANN_SSL/data/prototype_dataset/tensors/tensor_001072.npy,/content/drive/MyDrive/SKANN_SSL/data/prototype_dataset/waveforms/clip_001072.npy
1073,3,3,small_craft,5,50.0,0.6667,20.1488,100.7438,True,5883.47,1145,25.0,107.37,59.67,0.0,0.073022972068177,0.1456999842946586,0.164024327429954,373.8293569507919,97.27,103.27,104.3,6.0,/content/drive/MyDrive/SKANN_SSL/data/prototype_dataset/tensors/tensor_001073.npy,/content/drive/MyDrive/SKANN_SSL/data/prototype_dataset/waveforms/clip_001073.npy
1074,4,3,small_craft,5,50.0,0.6667,24.2428,121.214,True,5944.54,1406,25.0,244.61,74.66,0.0,0.073022972068177,0.1456999842946586,0.1630456610476512,338.04864116272256,97.27,103.27,104.25,6.0,/content/drive/MyDrive/SKANN_SSL/data/prototype_dataset/tensors/tensor_001074.npy,/content/drive/MyDrive/SKANN_SSL/data/prototype_dataset/waveforms/clip_001074.npy
1075,0,3,small_craft,5,50.0,1.0,16.7318,83.6589,True,6080.01,1268,25.0,130.14,469.95,0.0,0.073022972068177,0.1456999842946586,0.163009831515223,256.17911112523063,97.27,103.27,104.24,6.0,/content/drive/MyDrive/SKANN_SSL/data/prototype_dataset/tensors/tensor_001075.npy,/content/drive/MyDrive/SKANN_SSL/data/prototype_dataset/waveforms/clip_001075.npy
1076,1,3,small_craft,5,50.0,1.0,21.6574,108.2868,True,6091.41,1552,25.0,402.17,81.14,251.86,0.073022972068177,0.1456999842946587,0.1634039404829567,225.1206502851404,97.27,103.27,104.27,6.0,/content/drive/MyDrive/SKANN_SSL/data/prototype_dataset/tensors/tensor_001076.npy,/content/drive/MyDrive/SKANN_SSL/data/prototype_dataset/waveforms/clip_001076.npy
1077,2,3,small_craft,5,50.0,1.0,17.0537,85.2683,True,6031.72,1335,25.0,120.68,378.22,228.6,0.073022972068177,0.1456999842946586,0.1635039106129931,175.21769196585456,97.27,103.27,104.27,6.0,/content/drive/MyDrive/SKANN_SSL/data/prototype_dataset/tensors/tensor_001077.npy,/content/drive/MyDrive/SKANN_SSL/data/prototype_dataset/waveforms/clip_001077.npy
1078,3,3,small_craft,5,50.0,1.0,26.8238,134.119,True,6007.37,2043,25.0,79.53,155.56,373.11,0.073022972068177,0.1456999842946586,0.1628522180533711,179.84228306576472,97.27,103.27,104.24,6.0,/content/drive/MyDrive/SKANN_SSL/data/prototype_dataset/tensors/tensor_001078.npy,/content/drive/MyDrive/SKANN_SSL/data/prototype_dataset/waveforms/clip_001078.npy
1079,4,3,small_craft,5,50.0,1.0,27.7931,138.9655,True,6031.23,2043,25.0,271.49,131.57,0.0,0.073022972068177,0.1456999842946586,0.1629335188044889,147.8056781285725,97.27,103.27,104.24,6.0,/content/drive/MyDrive/SKANN_SSL/data/prototype_dataset/tensors/tensor_001079.npy,/content/drive/MyDrive/SKANN_SSL/data/prototype_dataset/waveforms/clip_001079.npy
1080,0,3,fishing_vessel,3,0.0,0.0,6.2116,18.6349,False,0.0,0,25.0,114.3,92.79,467.67,0.073022972068177,0.1456999842946586,0.1628606914068321,448.45284639834574,97.27,103.27,104.24,6.0,/content/drive/MyDrive/SKANN_SSL/data/prototype_dataset/tensors/tensor_001080.npy,/content/drive/MyDrive/SKANN_SSL/data/prototype_dataset/waveforms/clip_001080.npy
1081,1,3,fishing_vessel,3,0.0,0.0,5.4093,16.2278,False,0.0,0,25.0,131.89,146.13,222.66,0.073022972068177,0.1456999842946586,0.162835146627144,456.1988093839806,97.27,103.27,104.23,6.0,/content/drive/MyDrive/SKANN_SSL/data/prototype_dataset/tensors/tensor_001081.npy,/content/drive/MyDrive/SKANN_SSL/data/prototype_dataset/waveforms/clip_001081.npy
1082,2,3,fishing_vessel,3,0.0,0.0,6.2914,18.8741,False,0.0,0,25.0,115.74,87.51,0.0,0.073022972068177,0.1456999842946586,0.1631696582513692,454.1769537221469,97.27,103.27,104.25,6.0,/content/drive/MyDrive/SKANN_SSL/data/prototype_dataset/tensors/tensor_001082.npy,/content/drive/MyDrive/SKANN_SSL/data/prototype_dataset/waveforms/clip_001082.npy
1083,3,3,fishing_vessel,3,0.0,0.0,7.6054,22.8163,False,0.0,0,25.0,141.26,116.98,0.0,0.073022972068177,0.1456999842946586,0.1618609649836049,457.3977182112213,97.27,103.27,104.18,6.0,/content/drive/MyDrive/SKANN_SSL/data/prototype_dataset/tensors/tensor_001083.npy,/content/drive/MyDrive/SKANN_SSL/data/prototype_dataset/waveforms/clip_001083.npy
1084,4,3,fishing_vessel,3,0.0,0.0,5.3013,15.9038,False,0.0,0,25.0,186.42,448.09,85.08,0.073022972068177,0.1456999842946586,0.1614984673056343,455.2935441274882,97.27,103.27,104.16,6.0,/content/drive/MyDrive/SKANN_SSL/data/prototype_dataset/tensors/tensor_001084.npy,/content/drive/MyDrive/SKANN_SSL/data/prototype_dataset/waveforms/clip_001084.npy
1085,0,3,fishing_vessel,3,0.0,0.3333,4.6506,13.9517,True,1617.8,98,25.0,166.34,215.4,76.17,0.073022972068177,0.1456999842946586,0.162473138527349,467.5932138836707,97.27,103.27,104.22,6.0,/content/drive/MyDrive/SKANN_SSL/data/prototype_dataset/tensors/tensor_001085.npy,/content/drive/MyDrive/SKANN_SSL/data/prototype_dataset/waveforms/clip_001085.npy
1086,1,3,fishing_vessel,3,0.0,0.3333,7.1784,21.5353,True,1766.57,109,25.0,123.72,268.67,148.71,0.073022972068177,0.1456999842946586,0.1616822504028888,452.0157849548807,97.27,103.27,104.17,6.0,/content/drive/MyDrive/SKANN_SSL/data/prototype_dataset/tensors/tensor_001086.npy,/content/drive/MyDrive/SKANN_SSL/data/prototype_dataset/waveforms/clip_001086.npy
1087,2,3,fishing_vessel,3,0.0,0.3333,6.9846,20.9537,True,1793.17,127,25.0,130.78,352.74,0.0,0.073022972068177,0.1456999842946587,0.1628262766923609,456.19202312972016,97.27,103.27,104.23,6.0,/content/drive/MyDrive/SKANN_SSL/data/prototype_dataset/tensors/tensor_001087.npy,/content/drive/MyDrive/SKANN_SSL/data/prototype_dataset/waveforms/clip_001087.npy
1088,3,3,fishing_vessel,3,0.0,0.3333,6.5515,19.6545,True,1742.01,131,25.0,153.16,325.68,0.0,0.073022972068177,0.1456999842946586,0.1627688998761794,457.1297800840511,97.27,103.27,104.23,6.0,/content/drive/MyDrive/SKANN_SSL/data/prototype_dataset/tensors/tensor_001088.npy,/content/drive/MyDrive/SKANN_SSL/data/prototype_dataset/waveforms/clip_001088.npy
1089,4,3,fishing_vessel,3,0.0,0.3333,5.24,15.7201,True,1872.64,110,25.0,132.44,188.99,0.0,0.073022972068177,0.1456999842946586,0.1642822734010619,456.6107979815341,97.27,103.27,104.31,6.0,/content/drive/MyDrive/SKANN_SSL/data/prototype_dataset/tensors/tensor_001089.npy,/content/drive/MyDrive/SKANN_SSL/data/prototype_dataset/waveforms/clip_001089.npy
1090,0,3,fishing_vessel,3,0.0,0.6667,5.6401,16.9203,True,1826.87,169,25.0,135.53,154.78,417.51,0.073022972068177,0.1456999842946587,0.1614720463815702,436.0714584647064,97.27,103.27,104.16,6.0,/content/drive/MyDrive/SKANN_SSL/data/prototype_dataset/tensors/tensor_001090.npy,/content/drive/MyDrive/SKANN_SSL/data/prototype_dataset/waveforms/clip_001090.npy
1091,1,3,fishing_vessel,3,0.0,0.6667,5.931,17.7929,True,1766.23,227,25.0,494.89,129.05,215.91,0.073022972068177,0.1456999842946586,0.1632960371707348,426.0349375948207,97.27,103.27,104.26,6.0,/content/drive/MyDrive/SKANN_SSL/data/prototype_dataset/tensors/tensor_001091.npy,/content/drive/MyDrive/SKANN_SSL/data/prototype_dataset/waveforms/clip_001091.npy
1092,2,3,fishing_vessel,3,0.0,0.6667,7.6742,23.0227,True,1814.07,299,25.0,204.01,133.8,0.0,0.073022972068177,0.1456999842946586,0.1641520170406042,428.3626537958445,97.27,103.27,104.3,6.0,/content/drive/MyDrive/SKANN_SSL/data/prototype_dataset/tensors/tensor_001092.npy,/content/drive/MyDrive/SKANN_SSL/data/prototype_dataset/waveforms/clip_001092.npy
1093,3,3,fishing_vessel,3,0.0,0.6667,6.5559,19.6676,True,1783.29,232,25.0,409.9,227.42,0.0,0.073022972068177,0.1456999842946586,0.1627472706381731,426.21580857486464,97.27,103.27,104.23,6.0,/content/drive/MyDrive/SKANN_SSL/data/prototype_dataset/tensors/tensor_001093.npy,/content/drive/MyDrive/SKANN_SSL/data/prototype_dataset/waveforms/clip_001093.npy
1094,4,3,fishing_vessel,3,0.0,0.6667,5.3808,16.1423,True,1881.63,135,25.0,165.97,200.38,0.0,0.073022972068177,0.1456999842946587,0.163517606780172,416.2050762944051,97.27,103.27,104.27,6.0,/content/drive/MyDrive/SKANN_SSL/data/prototype_dataset/tensors/tensor_001094.npy,/content/drive/MyDrive/SKANN_SSL/data/prototype_dataset/waveforms/clip_001094.npy
1095,0,3,fishing_vessel,3,0.0,1.0,4.1875,12.5625,True,1776.61,197,25.0,312.14,113.82,60.6,0.073022972068177,0.1456999842946586,0.1623405704084411,345.8306117920585,97.27,103.27,104.21,6.0,/content/drive/MyDrive/SKANN_SSL/data/prototype_dataset/tensors/tensor_001095.npy,/content/drive/MyDrive/SKANN_SSL/data/prototype_dataset/waveforms/clip_001095.npy
1096,1,3,fishing_vessel,3,0.0,1.0,5.8901,17.6702,True,1792.79,283,25.0,469.33,141.44,0.0,0.073022972068177,0.1456999842946586,0.1623724584349101,297.86023764724155,97.27,103.27,104.21,6.0,/content/drive/MyDrive/SKANN_SSL/data/prototype_dataset/tensors/tensor_001096.npy,/content/drive/MyDrive/SKANN_SSL/data/prototype_dataset/waveforms/clip_001096.npy
1097,2,3,fishing_vessel,3,0.0,1.0,7.0776,21.2329,True,1880.66,326,25.0,140.36,250.33,0.0,0.073022972068177,0.1456999842946586,0.1636223851901158,304.89231107259843,97.27,103.27,104.28,6.0,/content/drive/MyDrive/SKANN_SSL/data/prototype_dataset/tensors/tensor_001097.npy,/content/drive/MyDrive/SKANN_SSL/data/prototype_dataset/waveforms/clip_001097.npy
1098,3,3,fishing_vessel,3,0.0,1.0,4.9293,14.7879,True,1821.34,191,25.0,273.3,122.65,0.0,0.073022972068177,0.1456999842946586,0.1634324081318725,352.2328846130076,97.27,103.27,104.27,6.0,/content/drive/MyDrive/SKANN_SSL/data/prototype_dataset/tensors/tensor_001098.npy,/content/drive/MyDrive/SKANN_SSL/data/prototype_dataset/waveforms/clip_001098.npy
1099,4,3,fishing_vessel,3,0.0,1.0,5.2296,15.6888,True,1797.76,276,25.0,290.45,356.03,0.0,0.073022972068177,0.1456999842946586,0.1624336290077395,300.47887678081867,97.27,103.27,104.21,6.0,/content/drive/MyDrive/SKANN_SSL/data/prototype_dataset/tensors/tensor_001099.npy,/content/drive/MyDrive/SKANN_SSL/data/prototype_dataset/waveforms/clip_001099.npy
1100,0,3,fishing_vessel,3,50.0,0.0,5.2251,15.6754,False,0.0,0,25.0,404.33,123.14,184.0,0.073022972068177,0.1456999842946586,0.1628425356187007,449.4865638257505,97.27,103.27,104.24,6.0,/content/drive/MyDrive/SKANN_SSL/data/prototype_dataset/tensors/tensor_001100.npy,/content/drive/MyDrive/SKANN_SSL/data/prototype_dataset/waveforms/clip_001100.npy
1101,1,3,fishing_vessel,3,50.0,0.0,5.5482,16.6446,False,0.0,0,25.0,56.36,351.85,0.0,0.073022972068177,0.1456999842946586,0.1634039216619556,445.77699361730777,97.27,103.27,104.27,6.0,/content/drive/MyDrive/SKANN_SSL/data/prototype_dataset/tensors/tensor_001101.npy,/content/drive/MyDrive/SKANN_SSL/data/prototype_dataset/waveforms/clip_001101.npy
1102,2,3,fishing_vessel,3,50.0,0.0,6.8564,20.5692,False,0.0,0,25.0,212.81,360.93,134.84,0.073022972068177,0.1456999842946586,0.1636738836012321,447.2352137178466,97.27,103.27,104.28,6.0,/content/drive/MyDrive/SKANN_SSL/data/prototype_dataset/tensors/tensor_001102.npy,/content/drive/MyDrive/SKANN_SSL/data/prototype_dataset/waveforms/clip_001102.npy
1103,3,3,fishing_vessel,3,50.0,0.0,4.155,12.4651,False,0.0,0,25.0,88.66,236.3,220.06,0.073022972068177,0.1456999842946586,0.1627845600551671,450.56657341396783,97.27,103.27,104.23,6.0,/content/drive/MyDrive/SKANN_SSL/data/prototype_dataset/tensors/tensor_001103.npy,/content/drive/MyDrive/SKANN_SSL/data/prototype_dataset/waveforms/clip_001103.npy
1104,4,3,fishing_vessel,3,50.0,0.0,7.0278,21.0833,False,0.0,0,25.0,51.25,258.8,402.28,0.073022972068177,0.1456999842946586,0.1630149509554443,447.0056374858512,97.27,103.27,104.24,6.0,/content/drive/MyDrive/SKANN_SSL/data/prototype_dataset/tensors/tensor_001104.npy,/content/drive/MyDrive/SKANN_SSL/data/prototype_dataset/waveforms/clip_001104.npy
1105,0,3,fishing_vessel,3,50.0,0.3333,6.599,19.7971,True,1665.64,124,25.0,315.99,83.9,166.86,0.073022972068177,0.1456999842946586,0.1626949309196298,447.22365476891736,97.27,103.27,104.23,6.0,/content/drive/MyDrive/SKANN_SSL/data/prototype_dataset/tensors/tensor_001105.npy,/content/drive/MyDrive/SKANN_SSL/data/prototype_dataset/waveforms/clip_001105.npy
1106,1,3,fishing_vessel,3,50.0,0.3333,6.4435,19.3306,True,1766.95,112,25.0,81.24,335.68,0.0,0.073022972068177,0.1456999842946587,0.1635823508138317,448.2461015040521,97.27,103.27,104.27,6.0,/content/drive/MyDrive/SKANN_SSL/data/prototype_dataset/tensors/tensor_001106.npy,/content/drive/MyDrive/SKANN_SSL/data/prototype_dataset/waveforms/clip_001106.npy
1107,2,3,fishing_vessel,3,50.0,0.3333,7.1416,21.4247,True,1819.04,125,25.0,310.24,154.74,110.06,0.073022972068177,0.1456999842946586,0.1628225258174481,443.05868615229525,97.27,103.27,104.23,6.0,/content/drive/MyDrive/SKANN_SSL/data/prototype_dataset/tensors/tensor_001107.npy,/content/drive/MyDrive/SKANN_SSL/data/prototype_dataset/waveforms/clip_001107.npy
1108,3,3,fishing_vessel,3,50.0,0.3333,5.5752,16.7255,True,1868.83,113,25.0,192.92,99.15,242.14,0.073022972068177,0.1456999842946586,0.1626589322374255,442.6861657238728,97.27,103.27,104.23,6.0,/content/drive/MyDrive/SKANN_SSL/data/prototype_dataset/tensors/tensor_001108.npy,/content/drive/MyDrive/SKANN_SSL/data/prototype_dataset/waveforms/clip_001108.npy
1109,4,3,fishing_vessel,3,50.0,0.3333,7.0092,21.0276,True,1807.66,126,25.0,202.72,445.08,0.0,0.073022972068177,0.1456999842946586,0.1624019917628268,450.0545539595509,97.27,103.27,104.21,6.0,/content/drive/MyDrive/SKANN_SSL/data/prototype_dataset/tensors/tensor_001109.npy,/content/drive/MyDrive/SKANN_SSL/data/prototype_dataset/waveforms/clip_001109.npy
1110,0,3,fishing_vessel,3,50.0,0.6667,7.4153,22.2459,True,1786.5,236,25.0,62.08,208.64,179.94,0.073022972068177,0.1456999842946586,0.161327071243793,426.1502083755087,97.27,103.27,104.15,6.0,/content/drive/MyDrive/SKANN_SSL/data/prototype_dataset/tensors/tensor_001110.npy,/content/drive/MyDrive/SKANN_SSL/data/prototype_dataset/waveforms/clip_001110.npy
1111,1,3,fishing_vessel,3,50.0,0.6667,5.8547,17.564,True,1876.91,173,25.0,360.2,284.39,0.0,0.073022972068177,0.1456999842946586,0.1636376846468664,436.5948495076324,97.27,103.27,104.28,6.0,/content/drive/MyDrive/SKANN_SSL/data/prototype_dataset/tensors/tensor_001111.npy,/content/drive/MyDrive/SKANN_SSL/data/prototype_dataset/waveforms/clip_001111.npy
1112,2,3,fishing_vessel,3,50.0,0.6667,7.9791,23.9373,True,1726.39,246,25.0,74.26,226.38,0.0,0.073022972068177,0.1456999842946586,0.1635090903709165,415.0302871509559,97.27,103.27,104.27,6.0,/content/drive/MyDrive/SKANN_SSL/data/prototype_dataset/tensors/tensor_001112.npy,/content/drive/MyDrive/SKANN_SSL/data/prototype_dataset/waveforms/clip_001112.npy
1113,3,3,fishing_vessel,3,50.0,0.6667,4.6373,13.912,True,1769.19,150,25.0,131.18,110.87,0.0,0.073022972068177,0.1456999842946587,0.162057677237408,434.6497971471333,97.27,103.27,104.19,6.0,/content/drive/MyDrive/SKANN_SSL/data/prototype_dataset/tensors/tensor_001113.npy,/content/drive/MyDrive/SKANN_SSL/data/prototype_dataset/waveforms/clip_001113.npy
1114,4,3,fishing_vessel,3,50.0,0.6667,5.1249,15.3748,True,1773.9,167,25.0,467.29,123.44,0.0,0.073022972068177,0.1456999842946586,0.1630682272270282,413.6665118894618,97.27,103.27,104.25,6.0,/content/drive/MyDrive/SKANN_SSL/data/prototype_dataset/tensors/tensor_001114.npy,/content/drive/MyDrive/SKANN_SSL/data/prototype_dataset/waveforms/clip_001114.npy
1115,0,3,fishing_vessel,3,50.0,1.0,5.73,17.19,True,1795.87,243,25.0,53.45,235.54,477.81,0.073022972068177,0.1456999842946587,0.1627382216971964,344.44761689241784,97.27,103.27,104.23,6.0,/content/drive/MyDrive/SKANN_SSL/data/prototype_dataset/tensors/tensor_001115.npy,/content/drive/MyDrive/SKANN_SSL/data/prototype_dataset/waveforms/clip_001115.npy
1116,1,3,fishing_vessel,3,50.0,1.0,5.0652,15.1955,True,1757.33,202,25.0,74.17,442.13,0.0,0.073022972068177,0.1456999842946586,0.162272630697012,347.0730843133933,97.27,103.27,104.2,6.0,/content/drive/MyDrive/SKANN_SSL/data/prototype_dataset/tensors/tensor_001116.npy,/content/drive/MyDrive/SKANN_SSL/data/prototype_dataset/waveforms/clip_001116.npy
1117,2,3,fishing_vessel,3,50.0,1.0,6.2336,18.7008,True,1796.09,257,25.0,260.62,126.9,0.0,0.073022972068177,0.1456999842946586,0.1639354405859035,386.433511157943,97.27,103.27,104.29,6.0,/content/drive/MyDrive/SKANN_SSL/data/prototype_dataset/tensors/tensor_001117.npy,/content/drive/MyDrive/SKANN_SSL/data/prototype_dataset/waveforms/clip_001117.npy
1118,3,3,fishing_vessel,3,50.0,1.0,4.8923,14.6769,True,1724.21,214,25.0,475.36,112.49,0.0,0.073022972068177,0.1456999842946587,0.1609511291184673,306.07943428576004,97.27,103.27,104.13,6.0,/content/drive/MyDrive/SKANN_SSL/data/prototype_dataset/tensors/tensor_001118.npy,/content/drive/MyDrive/SKANN_SSL/data/prototype_dataset/waveforms/clip_001118.npy
1119,4,3,fishing_vessel,3,50.0,1.0,4.211,12.6331,True,1804.52,203,25.0,155.91,254.49,103.66,0.073022972068177,0.1456999842946586,0.1634151919860026,389.51012855825127,97.27,103.27,104.27,6.0,/content/drive/MyDrive/SKANN_SSL/data/prototype_dataset/tensors/tensor_001119.npy,/content/drive/MyDrive/SKANN_SSL/data/prototype_dataset/waveforms/clip_001119.npy
1120,0,3,fishing_vessel,4,0.0,0.0,5.881,23.524,False,0.0,0,25.0,275.31,165.78,0.0,0.073022972068177,0.1456999842946586,0.1627225684411631,463.3982998052157,97.27,103.27,104.23,6.0,/content/drive/MyDrive/SKANN_SSL/data/prototype_dataset/tensors/tensor_001120.npy,/content/drive/MyDrive/SKANN_SSL/data/prototype_dataset/waveforms/clip_001120.npy
1121,1,3,fishing_vessel,4,0.0,0.0,6.2531,25.0125,False,0.0,0,25.0,121.65,394.31,0.0,0.073022972068177,0.1456999842946586,0.1630319477353062,449.88925724068497,97.27,103.27,104.25,6.0,/content/drive/MyDrive/SKANN_SSL/data/prototype_dataset/tensors/tensor_001121.npy,/content/drive/MyDrive/SKANN_SSL/data/prototype_dataset/waveforms/clip_001121.npy
1122,2,3,fishing_vessel,4,0.0,0.0,4.6274,18.5097,False,0.0,0,25.0,104.02,324.0,272.67,0.073022972068177,0.1456999842946586,0.1632075654789559,474.0032849483065,97.27,103.27,104.25,6.0,/content/drive/MyDrive/SKANN_SSL/data/prototype_dataset/tensors/tensor_001122.npy,/content/drive/MyDrive/SKANN_SSL/data/prototype_dataset/waveforms/clip_001122.npy
1123,3,3,fishing_vessel,4,0.0,0.0,5.1365,20.5461,False,0.0,0,25.0,210.55,334.98,77.97,0.073022972068177,0.1456999842946586,0.1648042186410031,459.1705185623413,97.27,103.27,104.34,6.0,/content/drive/MyDrive/SKANN_SSL/data/prototype_dataset/tensors/tensor_001123.npy,/content/drive/MyDrive/SKANN_SSL/data/prototype_dataset/waveforms/clip_001123.npy
1124,4,3,fishing_vessel,4,0.0,0.0,7.3234,29.2936,False,0.0,0,25.0,255.96,104.38,356.8,0.073022972068177,0.1456999842946586,0.1615260999835218,462.0708369787375,97.27,103.27,104.16,6.0,/content/drive/MyDrive/SKANN_SSL/data/prototype_dataset/tensors/tensor_001124.npy,/content/drive/MyDrive/SKANN_SSL/data/prototype_dataset/waveforms/clip_001124.npy
1125,0,3,fishing_vessel,4,0.0,0.3333,6.1295,24.5181,True,1909.91,135,25.0,280.0,245.19,97.67,0.073022972068177,0.1456999842946586,0.1643855508086594,452.9601231589832,97.27,103.27,104.32,6.0,/content/drive/MyDrive/SKANN_SSL/data/prototype_dataset/tensors/tensor_001125.npy,/content/drive/MyDrive/SKANN_SSL/data/prototype_dataset/waveforms/clip_001125.npy
1126,1,3,fishing_vessel,4,0.0,0.3333,7.2903,29.1613,True,1717.99,157,25.0,79.17,261.87,280.09,0.073022972068177,0.1456999842946586,0.1615026643679512,461.1014638008072,97.27,103.27,104.16,6.0,/content/drive/MyDrive/SKANN_SSL/data/prototype_dataset/tensors/tensor_001126.npy,/content/drive/MyDrive/SKANN_SSL/data/prototype_dataset/waveforms/clip_001126.npy
1127,2,3,fishing_vessel,4,0.0,0.3333,7.3169,29.2674,True,1799.04,168,25.0,85.35,178.73,288.93,0.073022972068177,0.1456999842946586,0.1616433686048355,458.7027143018884,97.27,103.27,104.17,6.0,/content/drive/MyDrive/SKANN_SSL/data/prototype_dataset/tensors/tensor_001127.npy,/content/drive/MyDrive/SKANN_SSL/data/prototype_dataset/waveforms/clip_001127.npy
1128,3,3,fishing_vessel,4,0.0,0.3333,6.9543,27.8171,True,1819.47,161,25.0,488.94,287.3,0.0,0.073022972068177,0.1456999842946586,0.1625091608290948,463.11991531043566,97.27,103.27,104.22,6.0,/content/drive/MyDrive/SKANN_SSL/data/prototype_dataset/tensors/tensor_001128.npy,/content/drive/MyDrive/SKANN_SSL/data/prototype_dataset/waveforms/clip_001128.npy
1129,4,3,fishing_vessel,4,0.0,0.3333,7.3984,29.5937,True,1764.26,191,25.0,107.31,395.62,0.0,0.073022972068177,0.1456999842946586,0.163183753699991,462.2288645760056,97.27,103.27,104.25,6.0,/content/drive/MyDrive/SKANN_SSL/data/prototype_dataset/tensors/tensor_001129.npy,/content/drive/MyDrive/SKANN_SSL/data/prototype_dataset/waveforms/clip_001129.npy
1130,0,3,fishing_vessel,4,0.0,0.6667,4.4193,17.6773,True,1804.88,215,25.0,75.75,214.39,292.33,0.073022972068177,0.1456999842946587,0.1633175896180609,426.6815878282892,97.27,103.27,104.26,6.0,/content/drive/MyDrive/SKANN_SSL/data/prototype_dataset/tensors/tensor_001130.npy,/content/drive/MyDrive/SKANN_SSL/data/prototype_dataset/waveforms/clip_001130.npy
1131,1,3,fishing_vessel,4,0.0,0.6667,4.7133,18.8532,True,1872.65,206,25.0,129.9,337.51,292.2,0.073022972068177,0.1456999842946587,0.1627980693964925,457.94814750571,97.27,103.27,104.23,6.0,/content/drive/MyDrive/SKANN_SSL/data/prototype_dataset/tensors/tensor_001131.npy,/content/drive/MyDrive/SKANN_SSL/data/prototype_dataset/waveforms/clip_001131.npy
1132,2,3,fishing_vessel,4,0.0,0.6667,7.9352,31.7408,True,1774.81,340,25.0,258.32,146.9,401.67,0.073022972068177,0.1456999842946586,0.1635459354504772,409.7097007891907,97.27,103.27,104.27,6.0,/content/drive/MyDrive/SKANN_SSL/data/prototype_dataset/tensors/tensor_001132.npy,/content/drive/MyDrive/SKANN_SSL/data/prototype_dataset/waveforms/clip_001132.npy
1133,3,3,fishing_vessel,4,0.0,0.6667,7.3431,29.3724,True,1798.9,367,25.0,101.73,271.86,0.0,0.073022972068177,0.1456999842946587,0.1637747691127809,381.8573333339815,97.27,103.27,104.28,6.0,/content/drive/MyDrive/SKANN_SSL/data/prototype_dataset/tensors/tensor_001133.npy,/content/drive/MyDrive/SKANN_SSL/data/prototype_dataset/waveforms/clip_001133.npy
1134,4,3,fishing_vessel,4,0.0,0.6667,6.4652,25.861,True,1867.02,257,25.0,118.14,346.21,0.0,0.073022972068177,0.1456999842946586,0.1622898580124617,436.58981506033336,97.27,103.27,104.21,6.0,/content/drive/MyDrive/SKANN_SSL/data/prototype_dataset/tensors/tensor_001134.npy,/content/drive/MyDrive/SKANN_SSL/data/prototype_dataset/waveforms/clip_001134.npy
1135,0,3,fishing_vessel,4,0.0,1.0,4.5249,18.0995,True,1903.24,291,25.0,296.88,97.5,0.0,0.073022972068177,0.1456999842946587,0.162301116359732,362.15728321997017,97.27,103.27,104.21,6.0,/content/drive/MyDrive/SKANN_SSL/data/prototype_dataset/tensors/tensor_001135.npy,/content/drive/MyDrive/SKANN_SSL/data/prototype_dataset/waveforms/clip_001135.npy
1136,1,3,fishing_vessel,4,0.0,1.0,5.3523,21.4091,True,1838.74,312,25.0,83.73,142.3,339.56,0.073022972068177,0.1456999842946586,0.1634049419742459,299.8286379343937,97.27,103.27,104.27,6.0,/content/drive/MyDrive/SKANN_SSL/data/prototype_dataset/tensors/tensor_001136.npy,/content/drive/MyDrive/SKANN_SSL/data/prototype_dataset/waveforms/clip_001136.npy
1137,2,3,fishing_vessel,4,0.0,1.0,4.1153,16.461,True,1864.47,233,25.0,96.46,213.77,297.32,0.073022972068177,0.1456999842946587,0.1634330587466559,377.2737528696341,97.27,103.27,104.27,6.0,/content/drive/MyDrive/SKANN_SSL/data/prototype_dataset/tensors/tensor_001137.npy,/content/drive/MyDrive/SKANN_SSL/data/prototype_dataset/waveforms/clip_001137.npy
1138,3,3,fishing_vessel,4,0.0,1.0,6.5703,26.2813,True,1836.33,429,25.0,422.48,92.24,131.42,0.073022972068177,0.1456999842946586,0.1635085974421671,266.07150702480567,97.27,103.27,104.27,6.0,/content/drive/MyDrive/SKANN_SSL/data/prototype_dataset/tensors/tensor_001138.npy,/content/drive/MyDrive/SKANN_SSL/data/prototype_dataset/waveforms/clip_001138.npy
1139,4,3,fishing_vessel,4,0.0,1.0,6.8162,27.2648,True,1857.17,395,25.0,306.5,194.54,0.0,0.073022972068177,0.1456999842946586,0.1637036857369246,287.71861002779724,97.27,103.27,104.28,6.0,/content/drive/MyDrive/SKANN_SSL/data/prototype_dataset/tensors/tensor_001139.npy,/content/drive/MyDrive/SKANN_SSL/data/prototype_dataset/waveforms/clip_001139.npy
1140,0,3,fishing_vessel,4,50.0,0.0,7.1522,28.609,False,0.0,0,25.0,254.8,127.64,486.71,0.073022972068177,0.1456999842946586,0.1620598044246113,450.7391085699604,97.27,103.27,104.19,6.0,/content/drive/MyDrive/SKANN_SSL/data/prototype_dataset/tensors/tensor_001140.npy,/content/drive/MyDrive/SKANN_SSL/data/prototype_dataset/waveforms/clip_001140.npy
1141,1,3,fishing_vessel,4,50.0,0.0,4.6786,18.7143,False,0.0,0,25.0,255.0,169.44,132.57,0.073022972068177,0.1456999842946586,0.1627218697483063,459.5923820009726,97.27,103.27,104.23,6.0,/content/drive/MyDrive/SKANN_SSL/data/prototype_dataset/tensors/tensor_001141.npy,/content/drive/MyDrive/SKANN_SSL/data/prototype_dataset/waveforms/clip_001141.npy
1142,2,3,fishing_vessel,4,50.0,0.0,6.5888,26.355,False,0.0,0,25.0,260.29,239.73,78.12,0.073022972068177,0.1456999842946586,0.1634025138072364,452.2148091695776,97.27,103.27,104.27,6.0,/content/drive/MyDrive/SKANN_SSL/data/prototype_dataset/tensors/tensor_001142.npy,/content/drive/MyDrive/SKANN_SSL/data/prototype_dataset/waveforms/clip_001142.npy
1143,3,3,fishing_vessel,4,50.0,0.0,7.0062,28.0246,False,0.0,0,25.0,224.67,382.19,0.0,0.073022972068177,0.1456999842946586,0.1649976365113267,456.1152568666227,97.27,103.27,104.35,6.0,/content/drive/MyDrive/SKANN_SSL/data/prototype_dataset/tensors/tensor_001143.npy,/content/drive/MyDrive/SKANN_SSL/data/prototype_dataset/waveforms/clip_001143.npy
1144,4,3,fishing_vessel,4,50.0,0.0,6.9059,27.6237,False,0.0,0,25.0,69.85,202.95,0.0,0.073022972068177,0.1456999842946586,0.1626253405645513,454.0276997135445,97.27,103.27,104.22,6.0,/content/drive/MyDrive/SKANN_SSL/data/prototype_dataset/tensors/tensor_001144.npy,/content/drive/MyDrive/SKANN_SSL/data/prototype_dataset/waveforms/clip_001144.npy
1145,0,3,fishing_vessel,4,50.0,0.3333,5.7177,22.8709,True,1819.68,154,25.0,306.31,75.91,258.44,0.073022972068177,0.1456999842946586,0.1629818527896397,452.43996762537125,97.27,103.27,104.24,6.0,/content/drive/MyDrive/SKANN_SSL/data/prototype_dataset/tensors/tensor_001145.npy,/content/drive/MyDrive/SKANN_SSL/data/prototype_dataset/waveforms/clip_001145.npy
1146,1,3,fishing_vessel,4,50.0,0.3333,4.5373,18.1493,True,1760.62,119,25.0,53.4,139.83,498.16,0.073022972068177,0.1456999842946586,0.1630760264217408,462.1888939669519,97.27,103.27,104.25,6.0,/content/drive/MyDrive/SKANN_SSL/data/prototype_dataset/tensors/tensor_001146.npy,/content/drive/MyDrive/SKANN_SSL/data/prototype_dataset/waveforms/clip_001146.npy
1147,2,3,fishing_vessel,4,50.0,0.3333,7.8415,31.3658,True,1820.66,201,25.0,148.73,190.62,323.97,0.073022972068177,0.1456999842946586,0.1627564968844146,452.1187725423502,97.27,103.27,104.23,6.0,/content/drive/MyDrive/SKANN_SSL/data/prototype_dataset/tensors/tensor_001147.npy,/content/drive/MyDrive/SKANN_SSL/data/prototype_dataset/waveforms/clip_001147.npy
1148,3,3,fishing_vessel,4,50.0,0.3333,7.405,29.62,True,1784.94,189,25.0,143.35,381.08,0.0,0.073022972068177,0.1456999842946586,0.1629206562583665,452.9329998497918,97.27,103.27,104.24,6.0,/content/drive/MyDrive/SKANN_SSL/data/prototype_dataset/tensors/tensor_001148.npy,/content/drive/MyDrive/SKANN_SSL/data/prototype_dataset/waveforms/clip_001148.npy
1149,4,3,fishing_vessel,4,50.0,0.3333,6.9427,27.7708,True,1710.21,181,25.0,269.25,294.46,135.6,0.073022972068177,0.1456999842946586,0.1641109647581688,451.8414235768482,97.27,103.27,104.3,6.0,/content/drive/MyDrive/SKANN_SSL/data/prototype_dataset/tensors/tensor_001149.npy,/content/drive/MyDrive/SKANN_SSL/data/prototype_dataset/waveforms/clip_001149.npy
1150,0,3,fishing_vessel,4,50.0,0.6667,5.6445,22.5781,True,1791.79,265,25.0,220.56,84.8,238.08,0.073022972068177,0.1456999842946586,0.16228007495216,419.8807193537999,97.27,103.27,104.21,6.0,/content/drive/MyDrive/SKANN_SSL/data/prototype_dataset/tensors/tensor_001150.npy,/content/drive/MyDrive/SKANN_SSL/data/prototype_dataset/waveforms/clip_001150.npy
1151,1,3,fishing_vessel,4,50.0,0.6667,6.6023,26.4094,True,1821.55,283,25.0,463.4,121.93,143.57,0.073022972068177,0.1456999842946587,0.1619757442173987,408.8429005195612,97.27,103.27,104.19,6.0,/content/drive/MyDrive/SKANN_SSL/data/prototype_dataset/tensors/tensor_001151.npy,/content/drive/MyDrive/SKANN_SSL/data/prototype_dataset/waveforms/clip_001151.npy
1152,2,3,fishing_vessel,4,50.0,0.6667,6.7239,26.8954,True,1827.3,302,25.0,123.15,229.35,0.0,0.073022972068177,0.1456999842946586,0.16368303214817,417.3942921419197,97.27,103.27,104.28,6.0,/content/drive/MyDrive/SKANN_SSL/data/prototype_dataset/tensors/tensor_001152.npy,/content/drive/MyDrive/SKANN_SSL/data/prototype_dataset/waveforms/clip_001152.npy
1153,3,3,fishing_vessel,4,50.0,0.6667,6.5974,26.3897,True,1898.99,284,25.0,148.94,359.26,266.4,0.073022972068177,0.1456999842946587,0.1624863098237929,428.7959140765372,97.27,103.27,104.22,6.0,/content/drive/MyDrive/SKANN_SSL/data/prototype_dataset/tensors/tensor_001153.npy,/content/drive/MyDrive/SKANN_SSL/data/prototype_dataset/waveforms/clip_001153.npy
1154,4,3,fishing_vessel,4,50.0,0.6667,5.3095,21.2379,True,1886.91,234,25.0,105.0,481.51,0.0,0.073022972068177,0.1456999842946586,0.1621893617779534,412.2092227461116,97.27,103.27,104.2,6.0,/content/drive/MyDrive/SKANN_SSL/data/prototype_dataset/tensors/tensor_001154.npy,/content/drive/MyDrive/SKANN_SSL/data/prototype_dataset/waveforms/clip_001154.npy
1155,0,3,fishing_vessel,4,50.0,1.0,6.7155,26.8622,True,1790.16,432,25.0,293.7,65.91,226.84,0.073022972068177,0.1456999842946586,0.162663897462722,259.9152969520068,97.27,103.27,104.23,6.0,/content/drive/MyDrive/SKANN_SSL/data/prototype_dataset/tensors/tensor_001155.npy,/content/drive/MyDrive/SKANN_SSL/data/prototype_dataset/waveforms/clip_001155.npy
1156,1,3,fishing_vessel,4,50.0,1.0,5.0748,20.2993,True,1786.89,285,25.0,215.89,77.16,0.0,0.073022972068177,0.1456999842946587,0.1634638970407995,342.8993923647092,97.27,103.27,104.27,6.0,/content/drive/MyDrive/SKANN_SSL/data/prototype_dataset/tensors/tensor_001156.npy,/content/drive/MyDrive/SKANN_SSL/data/prototype_dataset/waveforms/clip_001156.npy
1157,2,3,fishing_vessel,4,50.0,1.0,7.1446,28.5784,True,1756.13,474,25.0,124.92,484.72,0.0,0.073022972068177,0.1456999842946586,0.1619317610478138,327.69506482895326,97.27,103.27,104.19,6.0,/content/drive/MyDrive/SKANN_SSL/data/prototype_dataset/tensors/tensor_001157.npy,/content/drive/MyDrive/SKANN_SSL/data/prototype_dataset/waveforms/clip_001157.npy
1158,3,3,fishing_vessel,4,50.0,1.0,4.8879,19.5518,True,1777.71,308,25.0,84.03,469.96,0.0,0.073022972068177,0.1456999842946586,0.1626579423209234,342.63638166652004,97.27,103.27,104.23,6.0,/content/drive/MyDrive/SKANN_SSL/data/prototype_dataset/tensors/tensor_001158.npy,/content/drive/MyDrive/SKANN_SSL/data/prototype_dataset/waveforms/clip_001158.npy
1159,4,3,fishing_vessel,4,50.0,1.0,5.7362,22.9447,True,1811.6,319,25.0,332.51,135.77,0.0,0.073022972068177,0.1456999842946586,0.1642596082540832,323.8898471000491,97.27,103.27,104.31,6.0,/content/drive/MyDrive/SKANN_SSL/data/prototype_dataset/tensors/tensor_001159.npy,/content/drive/MyDrive/SKANN_SSL/data/prototype_dataset/waveforms/clip_001159.npy
1160,0,3,fishing_vessel,5,0.0,0.0,4.9845,24.9224,False,0.0,0,25.0,240.6,67.48,227.73,0.073022972068177,0.1456999842946586,0.1638014990820216,465.7007691306335,97.27,103.27,104.29,6.0,/content/drive/MyDrive/SKANN_SSL/data/prototype_dataset/tensors/tensor_001160.npy,/content/drive/MyDrive/SKANN_SSL/data/prototype_dataset/waveforms/clip_001160.npy
1161,1,3,fishing_vessel,5,0.0,0.0,4.5719,22.8597,False,0.0,0,25.0,111.22,60.19,0.0,0.073022972068177,0.1456999842946586,0.1634031774337827,478.99483221722926,97.27,103.27,104.27,6.0,/content/drive/MyDrive/SKANN_SSL/data/prototype_dataset/tensors/tensor_001161.npy,/content/drive/MyDrive/SKANN_SSL/data/prototype_dataset/waveforms/clip_001161.npy
1162,2,3,fishing_vessel,5,0.0,0.0,6.61,33.0499,False,0.0,0,25.0,347.04,82.23,104.26,0.073022972068177,0.1456999842946586,0.1636657658227665,466.08336548596014,97.27,103.27,104.28,6.0,/content/drive/MyDrive/SKANN_SSL/data/prototype_dataset/tensors/tensor_001162.npy,/content/drive/MyDrive/SKANN_SSL/data/prototype_dataset/waveforms/clip_001162.npy
1163,3,3,fishing_vessel,5,0.0,0.0,5.3409,26.7045,False,0.0,0,25.0,410.63,258.94,0.0,0.073022972068177,0.1456999842946586,0.1628656159017747,467.2749742736257,97.27,103.27,104.24,6.0,/content/drive/MyDrive/SKANN_SSL/data/prototype_dataset/tensors/tensor_001163.npy,/content/drive/MyDrive/SKANN_SSL/data/prototype_dataset/waveforms/clip_001163.npy
1164,4,3,fishing_vessel,5,0.0,0.0,7.541,37.7052,False,0.0,0,25.0,106.96,454.32,117.45,0.073022972068177,0.1456999842946586,0.1636719617054664,464.7491918078583,97.27,103.27,104.28,6.0,/content/drive/MyDrive/SKANN_SSL/data/prototype_dataset/tensors/tensor_001164.npy,/content/drive/MyDrive/SKANN_SSL/data/prototype_dataset/waveforms/clip_001164.npy
1165,0,3,fishing_vessel,5,0.0,0.3333,4.5205,22.6027,True,1790.04,140,25.0,313.46,132.09,0.0,0.073022972068177,0.1456999842946587,0.1631495642855539,476.2681135496946,97.27,103.27,104.25,6.0,/content/drive/MyDrive/SKANN_SSL/data/prototype_dataset/tensors/tensor_001165.npy,/content/drive/MyDrive/SKANN_SSL/data/prototype_dataset/waveforms/clip_001165.npy
1166,1,3,fishing_vessel,5,0.0,0.3333,6.882,34.4098,True,1795.8,190,25.0,485.61,83.46,235.6,0.073022972068177,0.1456999842946586,0.1621126923733707,465.1189266593023,97.27,103.27,104.2,6.0,/content/drive/MyDrive/SKANN_SSL/data/prototype_dataset/tensors/tensor_001166.npy,/content/drive/MyDrive/SKANN_SSL/data/prototype_dataset/waveforms/clip_001166.npy
1167,2,3,fishing_vessel,5,0.0,0.3333,5.2975,26.4877,True,1816.06,174,25.0,276.11,60.29,391.5,0.073022972068177,0.1456999842946586,0.1634102061341147,461.63047806676633,97.27,103.27,104.27,6.0,/content/drive/MyDrive/SKANN_SSL/data/prototype_dataset/tensors/tensor_001167.npy,/content/drive/MyDrive/SKANN_SSL/data/prototype_dataset/waveforms/clip_001167.npy
1168,3,3,fishing_vessel,5,0.0,0.3333,6.9142,34.5708,True,1740.44,200,25.0,382.26,297.72,0.0,0.073022972068177,0.1456999842946586,0.1630877646710769,462.3933106397049,97.27,103.27,104.25,6.0,/content/drive/MyDrive/SKANN_SSL/data/prototype_dataset/tensors/tensor_001168.npy,/content/drive/MyDrive/SKANN_SSL/data/prototype_dataset/waveforms/clip_001168.npy
1169,4,3,fishing_vessel,5,0.0,0.3333,7.1361,35.6804,True,1824.19,202,25.0,480.85,268.56,0.0,0.073022972068177,0.1456999842946586,0.1627249039343886,465.7633936583348,97.27,103.27,104.23,6.0,/content/drive/MyDrive/SKANN_SSL/data/prototype_dataset/tensors/tensor_001169.npy,/content/drive/MyDrive/SKANN_SSL/data/prototype_dataset/waveforms/clip_001169.npy
1170,0,3,fishing_vessel,5,0.0,0.6667,4.4551,22.2756,True,1805.0,248,25.0,86.54,370.78,284.02,0.073022972068177,0.1456999842946586,0.1613413934830272,432.1212880711444,97.27,103.27,104.15,6.0,/content/drive/MyDrive/SKANN_SSL/data/prototype_dataset/tensors/tensor_001170.npy,/content/drive/MyDrive/SKANN_SSL/data/prototype_dataset/waveforms/clip_001170.npy
1171,1,3,fishing_vessel,5,0.0,0.6667,4.4033,22.0166,True,1760.33,242,25.0,474.44,83.54,101.17,0.073022972068177,0.1456999842946586,0.1624539520787328,454.24419499650895,97.27,103.27,104.21,6.0,/content/drive/MyDrive/SKANN_SSL/data/prototype_dataset/tensors/tensor_001171.npy,/content/drive/MyDrive/SKANN_SSL/data/prototype_dataset/waveforms/clip_001171.npy
1172,2,3,fishing_vessel,5,0.0,0.6667,6.8698,34.3489,True,1844.73,378,25.0,170.16,64.76,0.0,0.073022972068177,0.1456999842946586,0.1625368350076279,435.2926003463826,97.27,103.27,104.22,6.0,/content/drive/MyDrive/SKANN_SSL/data/prototype_dataset/tensors/tensor_001172.npy,/content/drive/MyDrive/SKANN_SSL/data/prototype_dataset/waveforms/clip_001172.npy
1173,3,3,fishing_vessel,5,0.0,0.6667,7.4326,37.163,True,1746.31,400,25.0,208.57,100.32,0.0,0.073022972068177,0.1456999842946586,0.1633783555342943,407.7773846288661,97.27,103.27,104.26,6.0,/content/drive/MyDrive/SKANN_SSL/data/prototype_dataset/tensors/tensor_001173.npy,/content/drive/MyDrive/SKANN_SSL/data/prototype_dataset/waveforms/clip_001173.npy
1174,4,3,fishing_vessel,5,0.0,0.6667,4.9884,24.9422,True,1818.23,300,25.0,129.64,213.63,256.79,0.073022972068177,0.1456999842946586,0.1623267638302312,409.49563710688886,97.27,103.27,104.21,6.0,/content/drive/MyDrive/SKANN_SSL/data/prototype_dataset/tensors/tensor_001174.npy,/content/drive/MyDrive/SKANN_SSL/data/prototype_dataset/waveforms/clip_001174.npy
1175,0,3,fishing_vessel,5,0.0,1.0,4.7861,23.9304,True,1731.34,379,25.0,127.22,139.15,0.0,0.073022972068177,0.1456999842946586,0.1625557845629684,309.4130002546486,97.27,103.27,104.22,6.0,/content/drive/MyDrive/SKANN_SSL/data/prototype_dataset/tensors/tensor_001175.npy,/content/drive/MyDrive/SKANN_SSL/data/prototype_dataset/waveforms/clip_001175.npy
1176,1,3,fishing_vessel,5,0.0,1.0,7.7107,38.5536,True,1847.2,586,25.0,274.86,61.91,0.0,0.073022972068177,0.1456999842946586,0.16322897340558,282.22615030519466,97.27,103.27,104.26,6.0,/content/drive/MyDrive/SKANN_SSL/data/prototype_dataset/tensors/tensor_001176.npy,/content/drive/MyDrive/SKANN_SSL/data/prototype_dataset/waveforms/clip_001176.npy
1177,2,3,fishing_vessel,5,0.0,1.0,4.4691,22.3455,True,1919.41,331,25.0,283.07,88.6,0.0,0.073022972068177,0.1456999842946587,0.1628991312869669,344.8244300763141,97.27,103.27,104.24,6.0,/content/drive/MyDrive/SKANN_SSL/data/prototype_dataset/tensors/tensor_001177.npy,/content/drive/MyDrive/SKANN_SSL/data/prototype_dataset/waveforms/clip_001177.npy
1178,3,3,fishing_vessel,5,0.0,1.0,5.1388,25.6941,True,1854.67,416,25.0,206.8,126.68,0.0,0.073022972068177,0.1456999842946586,0.1637742458398184,317.9102278243821,97.27,103.27,104.28,6.0,/content/drive/MyDrive/SKANN_SSL/data/prototype_dataset/tensors/tensor_001178.npy,/content/drive/MyDrive/SKANN_SSL/data/prototype_dataset/waveforms/clip_001178.npy
1179,4,3,fishing_vessel,5,0.0,1.0,4.0757,20.3786,True,1792.67,314,25.0,246.66,281.14,0.0,0.073022972068177,0.1456999842946586,0.162927280865447,298.4109500642026,97.27,103.27,104.24,6.0,/content/drive/MyDrive/SKANN_SSL/data/prototype_dataset/tensors/tensor_001179.npy,/content/drive/MyDrive/SKANN_SSL/data/prototype_dataset/waveforms/clip_001179.npy
1180,0,3,fishing_vessel,5,50.0,0.0,4.4185,22.0926,False,0.0,0,25.0,171.86,124.47,0.0,0.073022972068177,0.1456999842946586,0.1624982709023215,470.05301053581246,97.27,103.27,104.22,6.0,/content/drive/MyDrive/SKANN_SSL/data/prototype_dataset/tensors/tensor_001180.npy,/content/drive/MyDrive/SKANN_SSL/data/prototype_dataset/waveforms/clip_001180.npy
1181,1,3,fishing_vessel,5,50.0,0.0,4.8005,24.0025,False,0.0,0,25.0,67.47,352.55,163.1,0.073022972068177,0.1456999842946586,0.1634557620994804,467.4402585962013,97.27,103.27,104.27,6.0,/content/drive/MyDrive/SKANN_SSL/data/prototype_dataset/tensors/tensor_001181.npy,/content/drive/MyDrive/SKANN_SSL/data/prototype_dataset/waveforms/clip_001181.npy
1182,2,3,fishing_vessel,5,50.0,0.0,5.3781,26.8905,False,0.0,0,25.0,366.7,58.73,160.64,0.073022972068177,0.1456999842946586,0.1614264854949447,456.4437608510236,97.27,103.27,104.16,6.0,/content/drive/MyDrive/SKANN_SSL/data/prototype_dataset/tensors/tensor_001182.npy,/content/drive/MyDrive/SKANN_SSL/data/prototype_dataset/waveforms/clip_001182.npy
1183,3,3,fishing_vessel,5,50.0,0.0,6.2302,31.151,False,0.0,0,25.0,260.81,97.06,0.0,0.073022972068177,0.1456999842946586,0.1622531628116715,454.4496236422775,97.27,103.27,104.2,6.0,/content/drive/MyDrive/SKANN_SSL/data/prototype_dataset/tensors/tensor_001183.npy,/content/drive/MyDrive/SKANN_SSL/data/prototype_dataset/waveforms/clip_001183.npy
1184,4,3,fishing_vessel,5,50.0,0.0,6.2219,31.1093,False,0.0,0,25.0,142.07,213.25,0.0,0.073022972068177,0.1456999842946587,0.1637711055675603,456.1909980867651,97.27,103.27,104.28,6.0,/content/drive/MyDrive/SKANN_SSL/data/prototype_dataset/tensors/tensor_001184.npy,/content/drive/MyDrive/SKANN_SSL/data/prototype_dataset/waveforms/clip_001184.npy
1185,0,3,fishing_vessel,5,50.0,0.3333,4.5795,22.8976,True,1900.91,132,25.0,169.99,50.01,0.0,0.073022972068177,0.1456999842946586,0.1624301505602754,468.16174218670034,97.27,103.27,104.21,6.0,/content/drive/MyDrive/SKANN_SSL/data/prototype_dataset/tensors/tensor_001185.npy,/content/drive/MyDrive/SKANN_SSL/data/prototype_dataset/waveforms/clip_001185.npy
1186,1,3,fishing_vessel,5,50.0,0.3333,4.1483,20.7414,True,1836.01,123,25.0,126.45,494.85,0.0,0.073022972068177,0.1456999842946586,0.1626363888238155,466.9381122749667,97.27,103.27,104.22,6.0,/content/drive/MyDrive/SKANN_SSL/data/prototype_dataset/tensors/tensor_001186.npy,/content/drive/MyDrive/SKANN_SSL/data/prototype_dataset/waveforms/clip_001186.npy
1187,2,3,fishing_vessel,5,50.0,0.3333,4.7454,23.7272,True,1830.83,137,25.0,323.1,291.68,0.0,0.073022972068177,0.1456999842946586,0.1638559180016576,467.72972355125,97.27,103.27,104.29,6.0,/content/drive/MyDrive/SKANN_SSL/data/prototype_dataset/tensors/tensor_001187.npy,/content/drive/MyDrive/SKANN_SSL/data/prototype_dataset/waveforms/clip_001187.npy
1188,3,3,fishing_vessel,5,50.0,0.3333,5.0706,25.3529,True,1879.55,141,25.0,367.19,252.97,0.0,0.073022972068177,0.1456999842946586,0.1636291601757229,449.1315455640503,97.27,103.27,104.28,6.0,/content/drive/MyDrive/SKANN_SSL/data/prototype_dataset/tensors/tensor_001188.npy,/content/drive/MyDrive/SKANN_SSL/data/prototype_dataset/waveforms/clip_001188.npy
1189,4,3,fishing_vessel,5,50.0,0.3333,5.7548,28.7741,True,1812.96,197,25.0,114.7,109.16,404.3,0.073022972068177,0.1456999842946586,0.162660464542286,452.0687383094594,97.27,103.27,104.23,6.0,/content/drive/MyDrive/SKANN_SSL/data/prototype_dataset/tensors/tensor_001189.npy,/content/drive/MyDrive/SKANN_SSL/data/prototype_dataset/waveforms/clip_001189.npy
1190,0,3,fishing_vessel,5,50.0,0.6667,4.4301,22.1505,True,1883.85,231,25.0,64.11,158.62,0.0,0.073022972068177,0.1456999842946586,0.1626440488817718,444.4775640404784,97.27,103.27,104.22,6.0,/content/drive/MyDrive/SKANN_SSL/data/prototype_dataset/tensors/tensor_001190.npy,/content/drive/MyDrive/SKANN_SSL/data/prototype_dataset/waveforms/clip_001190.npy
1191,1,3,fishing_vessel,5,50.0,0.6667,7.9735,39.8674,True,1873.99,432,25.0,78.76,348.77,0.0,0.073022972068177,0.1456999842946586,0.1641819207073595,401.568244502639,97.27,103.27,104.31,6.0,/content/drive/MyDrive/SKANN_SSL/data/prototype_dataset/tensors/tensor_001191.npy,/content/drive/MyDrive/SKANN_SSL/data/prototype_dataset/waveforms/clip_001191.npy
1192,2,3,fishing_vessel,5,50.0,0.6667,5.3941,26.9704,True,1775.92,308,25.0,113.92,190.9,0.0,0.073022972068177,0.1456999842946586,0.1626625474156808,423.0318450460817,97.27,103.27,104.23,6.0,/content/drive/MyDrive/SKANN_SSL/data/prototype_dataset/tensors/tensor_001192.npy,/content/drive/MyDrive/SKANN_SSL/data/prototype_dataset/waveforms/clip_001192.npy
1193,3,3,fishing_vessel,5,50.0,0.6667,5.4872,27.4361,True,1790.7,321,25.0,304.17,133.2,0.0,0.073022972068177,0.1456999842946586,0.1625100254679879,390.59285042643546,97.27,103.27,104.22,6.0,/content/drive/MyDrive/SKANN_SSL/data/prototype_dataset/tensors/tensor_001193.npy,/content/drive/MyDrive/SKANN_SSL/data/prototype_dataset/waveforms/clip_001193.npy
1194,4,3,fishing_vessel,5,50.0,0.6667,4.4144,22.072,True,1779.84,249,25.0,91.54,141.23,0.0,0.073022972068177,0.1456999842946586,0.1624143457211708,432.985920786764,97.27,103.27,104.21,6.0,/content/drive/MyDrive/SKANN_SSL/data/prototype_dataset/tensors/tensor_001194.npy,/content/drive/MyDrive/SKANN_SSL/data/prototype_dataset/waveforms/clip_001194.npy
1195,0,3,fishing_vessel,5,50.0,1.0,5.4213,27.1063,True,1856.95,407,25.0,163.88,481.81,0.0,0.073022972068177,0.1456999842946586,0.1620417506330878,284.683453054873,97.27,103.27,104.19,6.0,/content/drive/MyDrive/SKANN_SSL/data/prototype_dataset/tensors/tensor_001195.npy,/content/drive/MyDrive/SKANN_SSL/data/prototype_dataset/waveforms/clip_001195.npy
1196,1,3,fishing_vessel,5,50.0,1.0,5.0942,25.471,True,1779.95,366,25.0,136.34,112.5,295.69,0.073022972068177,0.1456999842946587,0.1639968564115255,284.4307485972876,97.27,103.27,104.3,6.0,/content/drive/MyDrive/SKANN_SSL/data/prototype_dataset/tensors/tensor_001196.npy,/content/drive/MyDrive/SKANN_SSL/data/prototype_dataset/waveforms/clip_001196.npy
1197,2,3,fishing_vessel,5,50.0,1.0,5.0909,25.4545,True,1837.46,379,25.0,245.42,378.14,0.0,0.073022972068177,0.1456999842946587,0.1636768675352202,277.5094298799301,97.27,103.27,104.28,6.0,/content/drive/MyDrive/SKANN_SSL/data/prototype_dataset/tensors/tensor_001197.npy,/content/drive/MyDrive/SKANN_SSL/data/prototype_dataset/waveforms/clip_001197.npy
1198,3,3,fishing_vessel,5,50.0,1.0,6.1175,30.5876,True,1874.46,450,25.0,382.76,275.28,0.0,0.073022972068177,0.1456999842946586,0.1611347494275466,284.11151879705494,97.27,103.27,104.14,6.0,/content/drive/MyDrive/SKANN_SSL/data/prototype_dataset/tensors/tensor_001198.npy,/content/drive/MyDrive/SKANN_SSL/data/prototype_dataset/waveforms/clip_001198.npy
1199,4,3,fishing_vessel,5,50.0,1.0,4.3306,21.6529,True,1881.16,323,25.0,496.25,204.32,129.63,0.073022972068177,0.1456999842946586,0.1633176582649032,315.7504550966755,97.27,103.27,104.26,6.0,/content/drive/MyDrive/SKANN_SSL/data/prototype_dataset/tensors/tensor_001199.npy,/content/drive/MyDrive/SKANN_SSL/data/prototype_dataset/waveforms/clip_001199.npy
1200,0,3,cargo_ship,3,0.0,0.0,1.6597,4.9792,False,0.0,0,25.0,160.65,240.43,134.68,0.073022972068177,0.1456999842946586,0.161785090687932,475.7809052050136,97.27,103.27,104.18,6.0,/content/drive/MyDrive/SKANN_SSL/data/prototype_dataset/tensors/tensor_001200.npy,/content/drive/MyDrive/SKANN_SSL/data/prototype_dataset/waveforms/clip_001200.npy
1201,1,3,cargo_ship,3,0.0,0.0,2.4966,7.4899,False,0.0,0,25.0,173.65,346.41,0.0,0.073022972068177,0.1456999842946586,0.1628980282969121,463.2103436943756,97.27,103.27,104.24,6.0,/content/drive/MyDrive/SKANN_SSL/data/prototype_dataset/tensors/tensor_001201.npy,/content/drive/MyDrive/SKANN_SSL/data/prototype_dataset/waveforms/clip_001201.npy
1202,2,3,cargo_ship,3,0.0,0.0,2.0645,6.1934,False,0.0,0,25.0,234.86,131.44,245.15,0.073022972068177,0.1456999842946586,0.1621683952661067,462.2288764927028,97.27,103.27,104.2,6.0,/content/drive/MyDrive/SKANN_SSL/data/prototype_dataset/tensors/tensor_001202.npy,/content/drive/MyDrive/SKANN_SSL/data/prototype_dataset/waveforms/clip_001202.npy
1203,3,3,cargo_ship,3,0.0,0.0,1.5882,4.7647,False,0.0,0,25.0,53.18,222.62,0.0,0.073022972068177,0.1456999842946587,0.1618881360609258,474.6101209817648,97.27,103.27,104.18,6.0,/content/drive/MyDrive/SKANN_SSL/data/prototype_dataset/tensors/tensor_001203.npy,/content/drive/MyDrive/SKANN_SSL/data/prototype_dataset/waveforms/clip_001203.npy
1204,4,3,cargo_ship,3,0.0,0.0,2.0036,6.0107,False,0.0,0,25.0,79.34,419.51,0.0,0.073022972068177,0.1456999842946586,0.1629598497436314,462.109850218744,97.27,103.27,104.24,6.0,/content/drive/MyDrive/SKANN_SSL/data/prototype_dataset/tensors/tensor_001204.npy,/content/drive/MyDrive/SKANN_SSL/data/prototype_dataset/waveforms/clip_001204.npy
1205,0,3,cargo_ship,3,0.0,0.3333,1.6262,4.8786,True,723.28,37,25.0,139.03,134.86,0.0,0.073022972068177,0.1456999842946586,0.1621049815084292,476.770862588486,97.27,103.27,104.2,6.0,/content/drive/MyDrive/SKANN_SSL/data/prototype_dataset/tensors/tensor_001205.npy,/content/drive/MyDrive/SKANN_SSL/data/prototype_dataset/waveforms/clip_001205.npy
1206,1,3,cargo_ship,3,0.0,0.3333,1.5806,4.7417,True,692.64,36,25.0,92.61,235.66,252.06,0.073022972068177,0.1456999842946586,0.1633698077359623,473.84975674689247,97.27,103.27,104.26,6.0,/content/drive/MyDrive/SKANN_SSL/data/prototype_dataset/tensors/tensor_001206.npy,/content/drive/MyDrive/SKANN_SSL/data/prototype_dataset/waveforms/clip_001206.npy
1207,2,3,cargo_ship,3,0.0,0.3333,1.8513,5.554,True,752.3,33,25.0,204.21,427.67,0.0,0.073022972068177,0.1456999842946586,0.1617943740862612,467.47342880755656,97.27,103.27,104.18,6.0,/content/drive/MyDrive/SKANN_SSL/data/prototype_dataset/tensors/tensor_001207.npy,/content/drive/MyDrive/SKANN_SSL/data/prototype_dataset/waveforms/clip_001207.npy
1208,3,3,cargo_ship,3,0.0,0.3333,2.3007,6.9022,True,689.8,40,25.0,98.68,111.09,0.0,0.073022972068177,0.1456999842946586,0.162986072767222,462.2705616358304,97.27,103.27,104.24,6.0,/content/drive/MyDrive/SKANN_SSL/data/prototype_dataset/tensors/tensor_001208.npy,/content/drive/MyDrive/SKANN_SSL/data/prototype_dataset/waveforms/clip_001208.npy
1209,4,3,cargo_ship,3,0.0,0.3333,1.7164,5.1493,True,689.34,44,25.0,59.02,386.65,0.0,0.073022972068177,0.1456999842946586,0.1652713650997966,465.9069124411936,97.27,103.27,104.36,6.0,/content/drive/MyDrive/SKANN_SSL/data/prototype_dataset/tensors/tensor_001209.npy,/content/drive/MyDrive/SKANN_SSL/data/prototype_dataset/waveforms/clip_001209.npy
1210,0,3,cargo_ship,3,0.0,0.6667,1.9721,5.9164,True,683.8,54,25.0,211.53,106.14,0.0,0.073022972068177,0.1456999842946586,0.1635087298614587,451.81463912032433,97.27,103.27,104.27,6.0,/content/drive/MyDrive/SKANN_SSL/data/prototype_dataset/tensors/tensor_001210.npy,/content/drive/MyDrive/SKANN_SSL/data/prototype_dataset/waveforms/clip_001210.npy
1211,1,3,cargo_ship,3,0.0,0.6667,1.5833,4.7499,True,737.16,45,25.0,208.01,151.61,147.27,0.073022972068177,0.1456999842946586,0.1631375338714775,472.5018272130933,97.27,103.27,104.25,6.0,/content/drive/MyDrive/SKANN_SSL/data/prototype_dataset/tensors/tensor_001211.npy,/content/drive/MyDrive/SKANN_SSL/data/prototype_dataset/waveforms/clip_001211.npy
1212,2,3,cargo_ship,3,0.0,0.6667,1.9756,5.9269,True,702.3,77,25.0,231.86,339.38,105.98,0.073022972068177,0.1456999842946586,0.1640188722992539,454.3424516385333,97.27,103.27,104.3,6.0,/content/drive/MyDrive/SKANN_SSL/data/prototype_dataset/tensors/tensor_001212.npy,/content/drive/MyDrive/SKANN_SSL/data/prototype_dataset/waveforms/clip_001212.npy
1213,3,3,cargo_ship,3,0.0,0.6667,2.2882,6.8647,True,782.68,73,25.0,494.66,63.85,252.49,0.073022972068177,0.1456999842946586,0.1626837374346628,459.584457460179,97.27,103.27,104.23,6.0,/content/drive/MyDrive/SKANN_SSL/data/prototype_dataset/tensors/tensor_001213.npy,/content/drive/MyDrive/SKANN_SSL/data/prototype_dataset/waveforms/clip_001213.npy
1214,4,3,cargo_ship,3,0.0,0.6667,2.3947,7.184,True,746.62,77,25.0,78.7,234.1,0.0,0.073022972068177,0.1456999842946586,0.1644730397685968,457.2721629479954,97.27,103.27,104.32,6.0,/content/drive/MyDrive/SKANN_SSL/data/prototype_dataset/tensors/tensor_001214.npy,/content/drive/MyDrive/SKANN_SSL/data/prototype_dataset/waveforms/clip_001214.npy
1215,0,3,cargo_ship,3,0.0,1.0,2.3814,7.1441,True,749.38,115,25.0,72.85,259.94,332.59,0.073022972068177,0.1456999842946586,0.162149524084336,403.11290659053816,97.27,103.27,104.2,6.0,/content/drive/MyDrive/SKANN_SSL/data/prototype_dataset/tensors/tensor_001215.npy,/content/drive/MyDrive/SKANN_SSL/data/prototype_dataset/waveforms/clip_001215.npy
1216,1,3,cargo_ship,3,0.0,1.0,1.7145,5.1436,True,761.96,63,25.0,91.06,340.27,120.04,0.073022972068177,0.1456999842946586,0.1619414485159406,436.0167351775113,97.27,103.27,104.19,6.0,/content/drive/MyDrive/SKANN_SSL/data/prototype_dataset/tensors/tensor_001216.npy,/content/drive/MyDrive/SKANN_SSL/data/prototype_dataset/waveforms/clip_001216.npy
1217,2,3,cargo_ship,3,0.0,1.0,2.0963,6.2889,True,749.76,114,25.0,105.7,433.78,115.58,0.073022972068177,0.1456999842946586,0.1620833032932948,375.1828621515616,97.27,103.27,104.19,6.0,/content/drive/MyDrive/SKANN_SSL/data/prototype_dataset/tensors/tensor_001217.npy,/content/drive/MyDrive/SKANN_SSL/data/prototype_dataset/waveforms/clip_001217.npy
1218,3,3,cargo_ship,3,0.0,1.0,2.3902,7.1705,True,739.55,109,25.0,104.11,111.6,294.25,0.073022972068177,0.1456999842946586,0.1639943230420405,412.7190272138735,97.27,103.27,104.3,6.0,/content/drive/MyDrive/SKANN_SSL/data/prototype_dataset/tensors/tensor_001218.npy,/content/drive/MyDrive/SKANN_SSL/data/prototype_dataset/waveforms/clip_001218.npy
1219,4,3,cargo_ship,3,0.0,1.0,2.3102,6.9306,True,691.41,97,25.0,317.62,204.66,97.01,0.073022972068177,0.1456999842946586,0.1645029362676092,359.0536386329007,97.27,103.27,104.32,6.0,/content/drive/MyDrive/SKANN_SSL/data/prototype_dataset/tensors/tensor_001219.npy,/content/drive/MyDrive/SKANN_SSL/data/prototype_dataset/waveforms/clip_001219.npy
1220,0,3,cargo_ship,3,50.0,0.0,2.2079,6.6238,False,0.0,0,25.0,74.82,358.22,0.0,0.073022972068177,0.1456999842946586,0.1631925117764953,457.9034934609607,97.27,103.27,104.25,6.0,/content/drive/MyDrive/SKANN_SSL/data/prototype_dataset/tensors/tensor_001220.npy,/content/drive/MyDrive/SKANN_SSL/data/prototype_dataset/waveforms/clip_001220.npy
1221,1,3,cargo_ship,3,50.0,0.0,2.3682,7.1045,False,0.0,0,25.0,324.36,92.99,290.36,0.073022972068177,0.1456999842946586,0.1628832916563349,454.8606520931536,97.27,103.27,104.24,6.0,/content/drive/MyDrive/SKANN_SSL/data/prototype_dataset/tensors/tensor_001221.npy,/content/drive/MyDrive/SKANN_SSL/data/prototype_dataset/waveforms/clip_001221.npy
1222,2,3,cargo_ship,3,50.0,0.0,1.5977,4.7931,False,0.0,0,25.0,147.15,114.56,467.74,0.073022972068177,0.1456999842946586,0.1630026942744445,467.163169114529,97.27,103.27,104.24,6.0,/content/drive/MyDrive/SKANN_SSL/data/prototype_dataset/tensors/tensor_001222.npy,/content/drive/MyDrive/SKANN_SSL/data/prototype_dataset/waveforms/clip_001222.npy
1223,3,3,cargo_ship,3,50.0,0.0,2.3062,6.9185,False,0.0,0,25.0,289.79,133.78,225.7,0.073022972068177,0.1456999842946586,0.163481357986005,453.7857231351522,97.27,103.27,104.27,6.0,/content/drive/MyDrive/SKANN_SSL/data/prototype_dataset/tensors/tensor_001223.npy,/content/drive/MyDrive/SKANN_SSL/data/prototype_dataset/waveforms/clip_001223.npy
1224,4,3,cargo_ship,3,50.0,0.0,2.4321,7.2963,False,0.0,0,25.0,455.81,241.47,126.55,0.073022972068177,0.1456999842946586,0.1643447532739052,454.2190567941124,97.27,103.27,104.32,6.0,/content/drive/MyDrive/SKANN_SSL/data/prototype_dataset/tensors/tensor_001224.npy,/content/drive/MyDrive/SKANN_SSL/data/prototype_dataset/waveforms/clip_001224.npy
1225,0,3,cargo_ship,3,50.0,0.3333,2.1991,6.5972,True,670.51,36,25.0,350.29,59.8,0.0,0.073022972068177,0.1456999842946586,0.1649408115036546,456.77288929365744,97.27,103.27,104.35,6.0,/content/drive/MyDrive/SKANN_SSL/data/prototype_dataset/tensors/tensor_001225.npy,/content/drive/MyDrive/SKANN_SSL/data/prototype_dataset/waveforms/clip_001225.npy
1226,1,3,cargo_ship,3,50.0,0.3333,2.3462,7.0387,True,710.16,48,25.0,270.32,64.65,456.9,0.073022972068177,0.1456999842946587,0.1634085911683842,456.30607787123097,97.27,103.27,104.27,6.0,/content/drive/MyDrive/SKANN_SSL/data/prototype_dataset/tensors/tensor_001226.npy,/content/drive/MyDrive/SKANN_SSL/data/prototype_dataset/waveforms/clip_001226.npy
1227,2,3,cargo_ship,3,50.0,0.3333,1.7387,5.2161,True,780.8,28,25.0,112.6,176.72,0.0,0.073022972068177,0.1456999842946586,0.1625229155428118,456.54469980945606,97.27,103.27,104.22,6.0,/content/drive/MyDrive/SKANN_SSL/data/prototype_dataset/tensors/tensor_001227.npy,/content/drive/MyDrive/SKANN_SSL/data/prototype_dataset/waveforms/clip_001227.npy
1228,3,3,cargo_ship,3,50.0,0.3333,2.0347,6.104,True,799.24,29,25.0,271.1,115.62,0.0,0.073022972068177,0.1456999842946586,0.161307816994725,456.32128471486976,97.27,103.27,104.15,6.0,/content/drive/MyDrive/SKANN_SSL/data/prototype_dataset/tensors/tensor_001228.npy,/content/drive/MyDrive/SKANN_SSL/data/prototype_dataset/waveforms/clip_001228.npy
1229,4,3,cargo_ship,3,50.0,0.3333,1.9247,5.7742,True,699.15,33,25.0,243.26,130.01,0.0,0.073022972068177,0.1456999842946586,0.1629431482954286,459.5201856777877,97.27,103.27,104.24,6.0,/content/drive/MyDrive/SKANN_SSL/data/prototype_dataset/tensors/tensor_001229.npy,/content/drive/MyDrive/SKANN_SSL/data/prototype_dataset/waveforms/clip_001229.npy
1230,0,3,cargo_ship,3,50.0,0.6667,1.8156,5.4468,True,720.98,52,25.0,288.73,95.59,327.87,0.073022972068177,0.1456999842946586,0.1635222634210263,451.5779919388983,97.27,103.27,104.27,6.0,/content/drive/MyDrive/SKANN_SSL/data/prototype_dataset/tensors/tensor_001230.npy,/content/drive/MyDrive/SKANN_SSL/data/prototype_dataset/waveforms/clip_001230.npy
1231,1,3,cargo_ship,3,50.0,0.6667,1.8671,5.6014,True,727.74,62,25.0,319.84,238.67,0.0,0.073022972068177,0.1456999842946586,0.1634141932823105,445.4603846097909,97.27,103.27,104.27,6.0,/content/drive/MyDrive/SKANN_SSL/data/prototype_dataset/tensors/tensor_001231.npy,/content/drive/MyDrive/SKANN_SSL/data/prototype_dataset/waveforms/clip_001231.npy
1232,2,3,cargo_ship,3,50.0,0.6667,2.0709,6.2127,True,741.6,71,25.0,358.4,96.91,0.0,0.073022972068177,0.1456999842946586,0.1622183532151232,448.73607638334187,97.27,103.27,104.2,6.0,/content/drive/MyDrive/SKANN_SSL/data/prototype_dataset/tensors/tensor_001232.npy,/content/drive/MyDrive/SKANN_SSL/data/prototype_dataset/waveforms/clip_001232.npy
1233,3,3,cargo_ship,3,50.0,0.6667,1.9478,5.8435,True,739.04,60,25.0,356.26,66.94,165.5,0.073022972068177,0.1456999842946586,0.1640540122059684,453.3172962571468,97.27,103.27,104.3,6.0,/content/drive/MyDrive/SKANN_SSL/data/prototype_dataset/tensors/tensor_001233.npy,/content/drive/MyDrive/SKANN_SSL/data/prototype_dataset/waveforms/clip_001233.npy
1234,4,3,cargo_ship,3,50.0,0.6667,1.7421,5.2262,True,653.54,44,25.0,127.78,431.34,0.0,0.073022972068177,0.1456999842946586,0.1626011041131219,450.16656572053824,97.27,103.27,104.22,6.0,/content/drive/MyDrive/SKANN_SSL/data/prototype_dataset/tensors/tensor_001234.npy,/content/drive/MyDrive/SKANN_SSL/data/prototype_dataset/waveforms/clip_001234.npy
1235,0,3,cargo_ship,3,50.0,1.0,2.4845,7.4535,True,725.99,112,25.0,225.83,248.52,0.0,0.073022972068177,0.1456999842946587,0.1636719582294838,356.5286355785624,97.27,103.27,104.28,6.0,/content/drive/MyDrive/SKANN_SSL/data/prototype_dataset/tensors/tensor_001235.npy,/content/drive/MyDrive/SKANN_SSL/data/prototype_dataset/waveforms/clip_001235.npy
1236,1,3,cargo_ship,3,50.0,1.0,1.9961,5.9882,True,759.84,100,25.0,353.37,200.37,101.81,0.073022972068177,0.1456999842946586,0.1630629777571338,406.4293802601576,97.27,103.27,104.25,6.0,/content/drive/MyDrive/SKANN_SSL/data/prototype_dataset/tensors/tensor_001236.npy,/content/drive/MyDrive/SKANN_SSL/data/prototype_dataset/waveforms/clip_001236.npy
1237,2,3,cargo_ship,3,50.0,1.0,1.9087,5.7261,True,704.49,74,25.0,341.66,90.61,0.0,0.073022972068177,0.1456999842946586,0.1626055825682859,381.87085776814826,97.27,103.27,104.22,6.0,/content/drive/MyDrive/SKANN_SSL/data/prototype_dataset/tensors/tensor_001237.npy,/content/drive/MyDrive/SKANN_SSL/data/prototype_dataset/waveforms/clip_001237.npy
1238,3,3,cargo_ship,3,50.0,1.0,2.415,7.245,True,755.27,96,25.0,239.64,62.73,0.0,0.073022972068177,0.1456999842946586,0.1640150592712408,418.48245601996,97.27,103.27,104.3,6.0,/content/drive/MyDrive/SKANN_SSL/data/prototype_dataset/tensors/tensor_001238.npy,/content/drive/MyDrive/SKANN_SSL/data/prototype_dataset/waveforms/clip_001238.npy
1239,4,3,cargo_ship,3,50.0,1.0,1.5953,4.7858,True,731.27,71,25.0,341.35,124.54,245.75,0.073022972068177,0.1456999842946586,0.1627054911819198,436.7567169879818,97.27,103.27,104.23,6.0,/content/drive/MyDrive/SKANN_SSL/data/prototype_dataset/tensors/tensor_001239.npy,/content/drive/MyDrive/SKANN_SSL/data/prototype_dataset/waveforms/clip_001239.npy
1240,0,3,cargo_ship,4,0.0,0.0,1.5679,6.2715,False,0.0,0,25.0,118.24,211.88,451.95,0.073022972068177,0.1456999842946586,0.16434585920553,469.0393727998373,97.27,103.27,104.32,6.0,/content/drive/MyDrive/SKANN_SSL/data/prototype_dataset/tensors/tensor_001240.npy,/content/drive/MyDrive/SKANN_SSL/data/prototype_dataset/waveforms/clip_001240.npy
1241,1,3,cargo_ship,4,0.0,0.0,2.0395,8.158,False,0.0,0,25.0,446.81,274.69,0.0,0.073022972068177,0.1456999842946587,0.1641785289719471,466.6045374182544,97.27,103.27,104.31,6.0,/content/drive/MyDrive/SKANN_SSL/data/prototype_dataset/tensors/tensor_001241.npy,/content/drive/MyDrive/SKANN_SSL/data/prototype_dataset/waveforms/clip_001241.npy
1242,2,3,cargo_ship,4,0.0,0.0,2.062,8.248,False,0.0,0,25.0,75.65,315.2,0.0,0.073022972068177,0.1456999842946586,0.1648034156858064,463.9940023524596,97.27,103.27,104.34,6.0,/content/drive/MyDrive/SKANN_SSL/data/prototype_dataset/tensors/tensor_001242.npy,/content/drive/MyDrive/SKANN_SSL/data/prototype_dataset/waveforms/clip_001242.npy
1243,3,3,cargo_ship,4,0.0,0.0,1.8395,7.3579,False,0.0,0,25.0,371.86,214.68,118.38,0.073022972068177,0.1456999842946586,0.1635057144281315,467.2914278958677,97.27,103.27,104.27,6.0,/content/drive/MyDrive/SKANN_SSL/data/prototype_dataset/tensors/tensor_001243.npy,/content/drive/MyDrive/SKANN_SSL/data/prototype_dataset/waveforms/clip_001243.npy
1244,4,3,cargo_ship,4,0.0,0.0,1.7676,7.0706,False,0.0,0,25.0,234.48,192.35,0.0,0.073022972068177,0.1456999842946586,0.1633790863616849,470.53196516018295,97.27,103.27,104.26,6.0,/content/drive/MyDrive/SKANN_SSL/data/prototype_dataset/tensors/tensor_001244.npy,/content/drive/MyDrive/SKANN_SSL/data/prototype_dataset/waveforms/clip_001244.npy
1245,0,3,cargo_ship,4,0.0,0.3333,2.1187,8.4748,True,750.81,55,25.0,62.19,163.36,0.0,0.073022972068177,0.1456999842946586,0.1647028197216756,462.68817060481166,97.27,103.27,104.33,6.0,/content/drive/MyDrive/SKANN_SSL/data/prototype_dataset/tensors/tensor_001245.npy,/content/drive/MyDrive/SKANN_SSL/data/prototype_dataset/waveforms/clip_001245.npy
1246,1,3,cargo_ship,4,0.0,0.3333,1.6776,6.7106,True,697.2,45,25.0,370.52,162.3,144.16,0.073022972068177,0.1456999842946587,0.1643730945209887,467.3324459304831,97.27,103.27,104.32,6.0,/content/drive/MyDrive/SKANN_SSL/data/prototype_dataset/tensors/tensor_001246.npy,/content/drive/MyDrive/SKANN_SSL/data/prototype_dataset/waveforms/clip_001246.npy
1247,2,3,cargo_ship,4,0.0,0.3333,1.9761,7.9044,True,708.61,52,25.0,72.82,440.3,0.0,0.073022972068177,0.1456999842946586,0.1635064541078178,468.7317440862048,97.27,103.27,104.27,6.0,/content/drive/MyDrive/SKANN_SSL/data/prototype_dataset/tensors/tensor_001247.npy,/content/drive/MyDrive/SKANN_SSL/data/prototype_dataset/waveforms/clip_001247.npy
1248,3,3,cargo_ship,4,0.0,0.3333,2.4725,9.89,True,705.05,58,25.0,184.34,122.52,475.02,0.073022972068177,0.1456999842946586,0.1635875101479469,465.213374447492,97.27,103.27,104.28,6.0,/content/drive/MyDrive/SKANN_SSL/data/prototype_dataset/tensors/tensor_001248.npy,/content/drive/MyDrive/SKANN_SSL/data/prototype_dataset/waveforms/clip_001248.npy
1249,4,3,cargo_ship,4,0.0,0.3333,1.6808,6.7232,True,710.24,39,25.0,307.64,115.8,0.0,0.073022972068177,0.1456999842946586,0.1631828992918,468.7539003701543,97.27,103.27,104.25,6.0,/content/drive/MyDrive/SKANN_SSL/data/prototype_dataset/tensors/tensor_001249.npy,/content/drive/MyDrive/SKANN_SSL/data/prototype_dataset/waveforms/clip_001249.npy
1250,0,3,cargo_ship,4,0.0,0.6667,2.2317,8.9268,True,714.09,114,25.0,264.75,93.59,270.84,0.073022972068177,0.1456999842946586,0.1631266519668012,447.3049223486856,97.27,103.27,104.25,6.0,/content/drive/MyDrive/SKANN_SSL/data/prototype_dataset/tensors/tensor_001250.npy,/content/drive/MyDrive/SKANN_SSL/data/prototype_dataset/waveforms/clip_001250.npy
1251,1,3,cargo_ship,4,0.0,0.6667,1.8062,7.2248,True,759.3,70,25.0,68.81,414.53,180.78,0.073022972068177,0.1456999842946586,0.1636272960813876,464.61104393279487,97.27,103.27,104.28,6.0,/content/drive/MyDrive/SKANN_SSL/data/prototype_dataset/tensors/tensor_001251.npy,/content/drive/MyDrive/SKANN_SSL/data/prototype_dataset/waveforms/clip_001251.npy
1252,2,3,cargo_ship,4,0.0,0.6667,2.2348,8.9394,True,739.16,111,25.0,121.87,157.41,0.0,0.073022972068177,0.1456999842946586,0.162226243278509,453.459495746448,97.27,103.27,104.2,6.0,/content/drive/MyDrive/SKANN_SSL/data/prototype_dataset/tensors/tensor_001252.npy,/content/drive/MyDrive/SKANN_SSL/data/prototype_dataset/waveforms/clip_001252.npy
1253,3,3,cargo_ship,4,0.0,0.6667,2.0244,8.0977,True,712.73,90,25.0,56.51,294.75,319.72,0.073022972068177,0.1456999842946586,0.1647126655160118,451.6684548533746,97.27,103.27,104.33,6.0,/content/drive/MyDrive/SKANN_SSL/data/prototype_dataset/tensors/tensor_001253.npy,/content/drive/MyDrive/SKANN_SSL/data/prototype_dataset/waveforms/clip_001253.npy
1254,4,3,cargo_ship,4,0.0,0.6667,1.8103,7.2411,True,656.63,66,25.0,240.65,101.02,256.15,0.073022972068177,0.1456999842946586,0.1634081915589713,455.2779488560899,97.27,103.27,104.27,6.0,/content/drive/MyDrive/SKANN_SSL/data/prototype_dataset/tensors/tensor_001254.npy,/content/drive/MyDrive/SKANN_SSL/data/prototype_dataset/waveforms/clip_001254.npy
1255,0,3,cargo_ship,4,0.0,1.0,2.4526,9.8104,True,746.25,156,25.0,199.7,333.94,50.83,0.073022972068177,0.1456999842946586,0.1627869716911176,401.8159446542279,97.27,103.27,104.23,6.0,/content/drive/MyDrive/SKANN_SSL/data/prototype_dataset/tensors/tensor_001255.npy,/content/drive/MyDrive/SKANN_SSL/data/prototype_dataset/waveforms/clip_001255.npy
1256,1,3,cargo_ship,4,0.0,1.0,2.3551,9.4203,True,750.51,130,25.0,122.01,242.7,0.0,0.073022972068177,0.1456999842946586,0.1632039417684615,410.3984219130087,97.27,103.27,104.25,6.0,/content/drive/MyDrive/SKANN_SSL/data/prototype_dataset/tensors/tensor_001256.npy,/content/drive/MyDrive/SKANN_SSL/data/prototype_dataset/waveforms/clip_001256.npy
1257,2,3,cargo_ship,4,0.0,1.0,2.4397,9.759,True,748.05,136,25.0,114.51,83.83,0.0,0.073022972068177,0.1456999842946586,0.1626498921755355,396.78636128881527,97.27,103.27,104.23,6.0,/content/drive/MyDrive/SKANN_SSL/data/prototype_dataset/tensors/tensor_001257.npy,/content/drive/MyDrive/SKANN_SSL/data/prototype_dataset/waveforms/clip_001257.npy
1258,3,3,cargo_ship,4,0.0,1.0,1.6114,6.4455,True,735.3,80,25.0,88.39,322.8,0.0,0.073022972068177,0.1456999842946586,0.1645107147977554,437.1663591321621,97.27,103.27,104.32,6.0,/content/drive/MyDrive/SKANN_SSL/data/prototype_dataset/tensors/tensor_001258.npy,/content/drive/MyDrive/SKANN_SSL/data/prototype_dataset/waveforms/clip_001258.npy
1259,4,3,cargo_ship,4,0.0,1.0,1.7598,7.039,True,678.37,115,25.0,257.65,281.24,140.96,0.073022972068177,0.1456999842946586,0.1641531228303852,426.627594977979,97.27,103.27,104.3,6.0,/content/drive/MyDrive/SKANN_SSL/data/prototype_dataset/tensors/tensor_001259.npy,/content/drive/MyDrive/SKANN_SSL/data/prototype_dataset/waveforms/clip_001259.npy
1260,0,3,cargo_ship,4,50.0,0.0,1.562,6.2479,False,0.0,0,25.0,105.44,85.78,0.0,0.073022972068177,0.1456999842946586,0.1619057623793558,462.5226949464874,97.27,103.27,104.19,6.0,/content/drive/MyDrive/SKANN_SSL/data/prototype_dataset/tensors/tensor_001260.npy,/content/drive/MyDrive/SKANN_SSL/data/prototype_dataset/waveforms/clip_001260.npy
1261,1,3,cargo_ship,4,50.0,0.0,2.2446,8.9785,False,0.0,0,25.0,138.77,70.63,436.49,0.073022972068177,0.1456999842946586,0.1625630910413429,456.4400133136133,97.27,103.27,104.22,6.0,/content/drive/MyDrive/SKANN_SSL/data/prototype_dataset/tensors/tensor_001261.npy,/content/drive/MyDrive/SKANN_SSL/data/prototype_dataset/waveforms/clip_001261.npy
1262,2,3,cargo_ship,4,50.0,0.0,1.9207,7.6827,False,0.0,0,25.0,129.41,377.02,60.24,0.073022972068177,0.1456999842946587,0.1619278549530577,459.29621616277245,97.27,103.27,104.19,6.0,/content/drive/MyDrive/SKANN_SSL/data/prototype_dataset/tensors/tensor_001262.npy,/content/drive/MyDrive/SKANN_SSL/data/prototype_dataset/waveforms/clip_001262.npy
1263,3,3,cargo_ship,4,50.0,0.0,2.1662,8.6647,False,0.0,0,25.0,459.89,129.08,0.0,0.073022972068177,0.1456999842946586,0.1629992175840111,458.432577379196,97.27,103.27,104.24,6.0,/content/drive/MyDrive/SKANN_SSL/data/prototype_dataset/tensors/tensor_001263.npy,/content/drive/MyDrive/SKANN_SSL/data/prototype_dataset/waveforms/clip_001263.npy
1264,4,3,cargo_ship,4,50.0,0.0,2.2891,9.1564,False,0.0,0,25.0,296.71,470.1,0.0,0.073022972068177,0.1456999842946586,0.1641929822210012,459.0280607365572,97.27,103.27,104.31,6.0,/content/drive/MyDrive/SKANN_SSL/data/prototype_dataset/tensors/tensor_001264.npy,/content/drive/MyDrive/SKANN_SSL/data/prototype_dataset/waveforms/clip_001264.npy
1265,0,3,cargo_ship,4,50.0,0.3333,1.8259,7.3036,True,722.18,54,25.0,404.2,120.42,0.0,0.073022972068177,0.1456999842946586,0.1633016707405284,460.2828865477868,97.27,103.27,104.26,6.0,/content/drive/MyDrive/SKANN_SSL/data/prototype_dataset/tensors/tensor_001265.npy,/content/drive/MyDrive/SKANN_SSL/data/prototype_dataset/waveforms/clip_001265.npy
1266,1,3,cargo_ship,4,50.0,0.3333,1.7833,7.1331,True,741.52,38,25.0,228.46,112.32,470.82,0.073022972068177,0.1456999842946586,0.1640548589994849,457.78559148356254,97.27,103.27,104.3,6.0,/content/drive/MyDrive/SKANN_SSL/data/prototype_dataset/tensors/tensor_001266.npy,/content/drive/MyDrive/SKANN_SSL/data/prototype_dataset/waveforms/clip_001266.npy
1267,2,3,cargo_ship,4,50.0,0.3333,1.7041,6.8165,True,804.42,43,25.0,338.25,249.92,0.0,0.073022972068177,0.1456999842946586,0.1625802468599412,458.9809282002517,97.27,103.27,104.22,6.0,/content/drive/MyDrive/SKANN_SSL/data/prototype_dataset/tensors/tensor_001267.npy,/content/drive/MyDrive/SKANN_SSL/data/prototype_dataset/waveforms/clip_001267.npy
1268,3,3,cargo_ship,4,50.0,0.3333,2.3798,9.5192,True,706.14,64,25.0,202.4,492.89,140.16,0.073022972068177,0.1456999842946586,0.161768838084249,457.6734177939815,97.27,103.27,104.18,6.0,/content/drive/MyDrive/SKANN_SSL/data/prototype_dataset/tensors/tensor_001268.npy,/content/drive/MyDrive/SKANN_SSL/data/prototype_dataset/waveforms/clip_001268.npy
1269,4,3,cargo_ship,4,50.0,0.3333,1.6886,6.7544,True,765.15,47,25.0,303.74,110.7,0.0,0.073022972068177,0.1456999842946586,0.163523980026245,458.85396321111625,97.27,103.27,104.27,6.0,/content/drive/MyDrive/SKANN_SSL/data/prototype_dataset/tensors/tensor_001269.npy,/content/drive/MyDrive/SKANN_SSL/data/prototype_dataset/waveforms/clip_001269.npy
1270,0,3,cargo_ship,4,50.0,0.6667,2.2187,8.8747,True,740.92,117,25.0,146.77,459.4,0.0,0.073022972068177,0.1456999842946586,0.161759309403152,436.32194003161214,97.27,103.27,104.18,6.0,/content/drive/MyDrive/SKANN_SSL/data/prototype_dataset/tensors/tensor_001270.npy,/content/drive/MyDrive/SKANN_SSL/data/prototype_dataset/waveforms/clip_001270.npy
1271,1,3,cargo_ship,4,50.0,0.6667,1.5863,6.3452,True,724.67,75,25.0,212.13,346.84,103.56,0.073022972068177,0.1456999842946586,0.1617134751338169,449.042226123201,97.27,103.27,104.17,6.0,/content/drive/MyDrive/SKANN_SSL/data/prototype_dataset/tensors/tensor_001271.npy,/content/drive/MyDrive/SKANN_SSL/data/prototype_dataset/waveforms/clip_001271.npy
1272,2,3,cargo_ship,4,50.0,0.6667,1.984,7.9361,True,711.82,81,25.0,240.92,138.13,288.97,0.073022972068177,0.1456999842946586,0.1638366920996147,435.7365131115647,97.27,103.27,104.29,6.0,/content/drive/MyDrive/SKANN_SSL/data/prototype_dataset/tensors/tensor_001272.npy,/content/drive/MyDrive/SKANN_SSL/data/prototype_dataset/waveforms/clip_001272.npy
1273,3,3,cargo_ship,4,50.0,0.6667,2.1777,8.7109,True,705.28,90,25.0,104.12,187.29,209.86,0.073022972068177,0.1456999842946586,0.1624989951760702,454.1190761795333,97.27,103.27,104.22,6.0,/content/drive/MyDrive/SKANN_SSL/data/prototype_dataset/tensors/tensor_001273.npy,/content/drive/MyDrive/SKANN_SSL/data/prototype_dataset/waveforms/clip_001273.npy
1274,4,3,cargo_ship,4,50.0,0.6667,2.1597,8.6389,True,748.23,98,25.0,66.73,244.78,291.14,0.073022972068177,0.1456999842946586,0.1616262360362813,438.8680769147002,97.27,103.27,104.17,6.0,/content/drive/MyDrive/SKANN_SSL/data/prototype_dataset/tensors/tensor_001274.npy,/content/drive/MyDrive/SKANN_SSL/data/prototype_dataset/waveforms/clip_001274.npy
1275,0,3,cargo_ship,4,50.0,1.0,2.4738,9.8953,True,720.37,160,25.0,219.53,80.53,0.0,0.073022972068177,0.1456999842946586,0.1631372929094034,343.3879108103645,97.27,103.27,104.25,6.0,/content/drive/MyDrive/SKANN_SSL/data/prototype_dataset/tensors/tensor_001275.npy,/content/drive/MyDrive/SKANN_SSL/data/prototype_dataset/waveforms/clip_001275.npy
1276,1,3,cargo_ship,4,50.0,1.0,2.3781,9.5123,True,718.6,172,25.0,322.62,122.88,269.12,0.073022972068177,0.1456999842946586,0.1615741421725397,368.2999821817106,97.27,103.27,104.17,6.0,/content/drive/MyDrive/SKANN_SSL/data/prototype_dataset/tensors/tensor_001276.npy,/content/drive/MyDrive/SKANN_SSL/data/prototype_dataset/waveforms/clip_001276.npy
1277,2,3,cargo_ship,4,50.0,1.0,1.8976,7.5906,True,756.01,105,25.0,406.75,151.31,78.7,0.073022972068177,0.1456999842946586,0.1654122913273485,406.1730554504514,97.27,103.27,104.37,6.0,/content/drive/MyDrive/SKANN_SSL/data/prototype_dataset/tensors/tensor_001277.npy,/content/drive/MyDrive/SKANN_SSL/data/prototype_dataset/waveforms/clip_001277.npy
1278,3,3,cargo_ship,4,50.0,1.0,2.0921,8.3685,True,725.94,137,25.0,137.11,144.57,487.1,0.073022972068177,0.1456999842946586,0.1637954127856138,368.7812372766933,97.27,103.27,104.29,6.0,/content/drive/MyDrive/SKANN_SSL/data/prototype_dataset/tensors/tensor_001278.npy,/content/drive/MyDrive/SKANN_SSL/data/prototype_dataset/waveforms/clip_001278.npy
1279,4,3,cargo_ship,4,50.0,1.0,2.1293,8.517,True,662.17,124,25.0,62.32,205.94,434.09,0.073022972068177,0.1456999842946586,0.1630822228782288,378.2804047144555,97.27,103.27,104.25,6.0,/content/drive/MyDrive/SKANN_SSL/data/prototype_dataset/tensors/tensor_001279.npy,/content/drive/MyDrive/SKANN_SSL/data/prototype_dataset/waveforms/clip_001279.npy
1280,0,3,cargo_ship,5,0.0,0.0,2.1575,10.7877,False,0.0,0,25.0,135.62,108.88,0.0,0.073022972068177,0.1456999842946586,0.1622599348255874,449.8501338917338,97.27,103.27,104.2,6.0,/content/drive/MyDrive/SKANN_SSL/data/prototype_dataset/tensors/tensor_001280.npy,/content/drive/MyDrive/SKANN_SSL/data/prototype_dataset/waveforms/clip_001280.npy
1281,1,3,cargo_ship,5,0.0,0.0,2.3161,11.5804,False,0.0,0,25.0,141.55,315.01,138.09,0.073022972068177,0.1456999842946586,0.1619648432611128,449.65680514588814,97.27,103.27,104.19,6.0,/content/drive/MyDrive/SKANN_SSL/data/prototype_dataset/tensors/tensor_001281.npy,/content/drive/MyDrive/SKANN_SSL/data/prototype_dataset/waveforms/clip_001281.npy
1282,2,3,cargo_ship,5,0.0,0.0,1.8557,9.2785,False,0.0,0,25.0,85.21,225.95,203.96,0.073022972068177,0.1456999842946586,0.1640429683970528,467.37955592017255,97.27,103.27,104.3,6.0,/content/drive/MyDrive/SKANN_SSL/data/prototype_dataset/tensors/tensor_001282.npy,/content/drive/MyDrive/SKANN_SSL/data/prototype_dataset/waveforms/clip_001282.npy
1283,3,3,cargo_ship,5,0.0,0.0,2.2719,11.3593,False,0.0,0,25.0,72.11,264.04,0.0,0.073022972068177,0.1456999842946586,0.164337999655726,451.3315960151314,97.27,103.27,104.31,6.0,/content/drive/MyDrive/SKANN_SSL/data/prototype_dataset/tensors/tensor_001283.npy,/content/drive/MyDrive/SKANN_SSL/data/prototype_dataset/waveforms/clip_001283.npy
1284,4,3,cargo_ship,5,0.0,0.0,2.2316,11.1578,False,0.0,0,25.0,76.19,458.52,0.0,0.073022972068177,0.1456999842946587,0.160237334647825,452.3562480967663,97.27,103.27,104.1,6.0,/content/drive/MyDrive/SKANN_SSL/data/prototype_dataset/tensors/tensor_001284.npy,/content/drive/MyDrive/SKANN_SSL/data/prototype_dataset/waveforms/clip_001284.npy
1285,0,3,cargo_ship,5,0.0,0.3333,1.6158,8.0788,True,682.48,41,25.0,89.42,278.49,0.0,0.073022972068177,0.1456999842946586,0.1627110474931416,468.1995373769335,97.27,103.27,104.23,6.0,/content/drive/MyDrive/SKANN_SSL/data/prototype_dataset/tensors/tensor_001285.npy,/content/drive/MyDrive/SKANN_SSL/data/prototype_dataset/waveforms/clip_001285.npy
1286,1,3,cargo_ship,5,0.0,0.3333,1.8354,9.1769,True,793.8,66,25.0,469.32,246.68,0.0,0.073022972068177,0.1456999842946586,0.1635018009415454,470.3184196122175,97.27,103.27,104.27,6.0,/content/drive/MyDrive/SKANN_SSL/data/prototype_dataset/tensors/tensor_001286.npy,/content/drive/MyDrive/SKANN_SSL/data/prototype_dataset/waveforms/clip_001286.npy
1287,2,3,cargo_ship,5,0.0,0.3333,1.5473,7.7367,True,794.17,45,25.0,209.5,128.49,0.0,0.073022972068177,0.1456999842946586,0.1632389531182097,471.295824841268,97.27,103.27,104.26,6.0,/content/drive/MyDrive/SKANN_SSL/data/prototype_dataset/tensors/tensor_001287.npy,/content/drive/MyDrive/SKANN_SSL/data/prototype_dataset/waveforms/clip_001287.npy
1288,3,3,cargo_ship,5,0.0,0.3333,1.7117,8.5585,True,736.85,59,25.0,108.16,359.58,289.15,0.073022972068177,0.1456999842946586,0.161212634193067,469.332800400686,97.27,103.27,104.15,6.0,/content/drive/MyDrive/SKANN_SSL/data/prototype_dataset/tensors/tensor_001288.npy,/content/drive/MyDrive/SKANN_SSL/data/prototype_dataset/waveforms/clip_001288.npy
1289,4,3,cargo_ship,5,0.0,0.3333,1.7485,8.7424,True,670.25,46,25.0,270.36,260.26,120.65,0.073022972068177,0.1456999842946586,0.1625124577885483,469.3808223330989,97.27,103.27,104.22,6.0,/content/drive/MyDrive/SKANN_SSL/data/prototype_dataset/tensors/tensor_001289.npy,/content/drive/MyDrive/SKANN_SSL/data/prototype_dataset/waveforms/clip_001289.npy
1290,0,3,cargo_ship,5,0.0,0.6667,2.1448,10.7239,True,708.38,112,25.0,145.88,430.65,99.35,0.073022972068177,0.1456999842946586,0.1632465760093478,426.65932758195856,97.27,103.27,104.26,6.0,/content/drive/MyDrive/SKANN_SSL/data/prototype_dataset/tensors/tensor_001290.npy,/content/drive/MyDrive/SKANN_SSL/data/prototype_dataset/waveforms/clip_001290.npy
1291,1,3,cargo_ship,5,0.0,0.6667,2.1507,10.7534,True,743.1,132,25.0,223.21,114.8,0.0,0.073022972068177,0.1456999842946587,0.1626480011040856,426.4193859946227,97.27,103.27,104.22,6.0,/content/drive/MyDrive/SKANN_SSL/data/prototype_dataset/tensors/tensor_001291.npy,/content/drive/MyDrive/SKANN_SSL/data/prototype_dataset/waveforms/clip_001291.npy
1292,2,3,cargo_ship,5,0.0,0.6667,2.3538,11.7691,True,721.18,124,25.0,51.26,218.51,244.35,0.073022972068177,0.1456999842946587,0.1618457454573277,424.9198528367183,97.27,103.27,104.18,6.0,/content/drive/MyDrive/SKANN_SSL/data/prototype_dataset/tensors/tensor_001292.npy,/content/drive/MyDrive/SKANN_SSL/data/prototype_dataset/waveforms/clip_001292.npy
1293,3,3,cargo_ship,5,0.0,0.6667,1.5305,7.6525,True,720.04,93,25.0,230.11,133.04,0.0,0.073022972068177,0.1456999842946587,0.164017283152982,462.4457813392203,97.27,103.27,104.3,6.0,/content/drive/MyDrive/SKANN_SSL/data/prototype_dataset/tensors/tensor_001293.npy,/content/drive/MyDrive/SKANN_SSL/data/prototype_dataset/waveforms/clip_001293.npy
1294,4,3,cargo_ship,5,0.0,0.6667,2.1333,10.6667,True,708.81,129,25.0,243.66,138.84,118.68,0.073022972068177,0.1456999842946586,0.1627257355086005,423.5476459476653,97.27,103.27,104.23,6.0,/content/drive/MyDrive/SKANN_SSL/data/prototype_dataset/tensors/tensor_001294.npy,/content/drive/MyDrive/SKANN_SSL/data/prototype_dataset/waveforms/clip_001294.npy
1295,0,3,cargo_ship,5,0.0,1.0,1.885,9.4249,True,768.6,132,25.0,238.71,138.73,0.0,0.073022972068177,0.1456999842946587,0.1637435439521066,406.8576531647505,97.27,103.27,104.28,6.0,/content/drive/MyDrive/SKANN_SSL/data/prototype_dataset/tensors/tensor_001295.npy,/content/drive/MyDrive/SKANN_SSL/data/prototype_dataset/waveforms/clip_001295.npy
1296,1,3,cargo_ship,5,0.0,1.0,2.4912,12.4561,True,729.28,177,25.0,127.14,234.76,236.23,0.073022972068177,0.1456999842946586,0.1658418741341873,325.4344788323648,97.27,103.27,104.39,6.0,/content/drive/MyDrive/SKANN_SSL/data/prototype_dataset/tensors/tensor_001296.npy,/content/drive/MyDrive/SKANN_SSL/data/prototype_dataset/waveforms/clip_001296.npy
1297,2,3,cargo_ship,5,0.0,1.0,1.6305,8.1524,True,744.23,117,25.0,138.77,290.4,216.56,0.073022972068177,0.1456999842946587,0.1622975360751126,360.4550319600232,97.27,103.27,104.21,6.0,/content/drive/MyDrive/SKANN_SSL/data/prototype_dataset/tensors/tensor_001297.npy,/content/drive/MyDrive/SKANN_SSL/data/prototype_dataset/waveforms/clip_001297.npy
1298,3,3,cargo_ship,5,0.0,1.0,2.0903,10.4513,True,704.4,164,25.0,318.96,293.27,0.0,0.073022972068177,0.1456999842946587,0.1629475389661697,417.2199828544629,97.27,103.27,104.24,6.0,/content/drive/MyDrive/SKANN_SSL/data/prototype_dataset/tensors/tensor_001298.npy,/content/drive/MyDrive/SKANN_SSL/data/prototype_dataset/waveforms/clip_001298.npy
1299,4,3,cargo_ship,5,0.0,1.0,2.0403,10.2017,True,638.55,135,25.0,210.71,204.93,84.34,0.073022972068177,0.1456999842946586,0.1614487084753769,336.1763785518328,97.27,103.27,104.16,6.0,/content/drive/MyDrive/SKANN_SSL/data/prototype_dataset/tensors/tensor_001299.npy,/content/drive/MyDrive/SKANN_SSL/data/prototype_dataset/waveforms/clip_001299.npy
1300,0,3,cargo_ship,5,50.0,0.0,1.8347,9.1737,False,0.0,0,25.0,102.88,71.26,451.93,0.073022972068177,0.1456999842946586,0.1632747007479642,460.2517634893756,97.27,103.27,104.26,6.0,/content/drive/MyDrive/SKANN_SSL/data/prototype_dataset/tensors/tensor_001300.npy,/content/drive/MyDrive/SKANN_SSL/data/prototype_dataset/waveforms/clip_001300.npy
1301,1,3,cargo_ship,5,50.0,0.0,2.2039,11.0194,False,0.0,0,25.0,113.07,472.06,125.95,0.073022972068177,0.1456999842946586,0.1624224587258449,441.5728531138763,97.27,103.27,104.21,6.0,/content/drive/MyDrive/SKANN_SSL/data/prototype_dataset/tensors/tensor_001301.npy,/content/drive/MyDrive/SKANN_SSL/data/prototype_dataset/waveforms/clip_001301.npy
1302,2,3,cargo_ship,5,50.0,0.0,2.1251,10.6255,False,0.0,0,25.0,361.42,197.43,0.0,0.073022972068177,0.1456999842946586,0.1634218847555306,444.8091355611735,97.27,103.27,104.27,6.0,/content/drive/MyDrive/SKANN_SSL/data/prototype_dataset/tensors/tensor_001302.npy,/content/drive/MyDrive/SKANN_SSL/data/prototype_dataset/waveforms/clip_001302.npy
1303,3,3,cargo_ship,5,50.0,0.0,2.2373,11.1865,False,0.0,0,25.0,77.38,252.49,0.0,0.073022972068177,0.1456999842946586,0.1622167092207911,442.78007918866734,97.27,103.27,104.2,6.0,/content/drive/MyDrive/SKANN_SSL/data/prototype_dataset/tensors/tensor_001303.npy,/content/drive/MyDrive/SKANN_SSL/data/prototype_dataset/waveforms/clip_001303.npy
1304,4,3,cargo_ship,5,50.0,0.0,1.8228,9.1142,False,0.0,0,25.0,239.01,411.59,139.22,0.073022972068177,0.1456999842946586,0.1623978327016725,459.2186916565368,97.27,103.27,104.21,6.0,/content/drive/MyDrive/SKANN_SSL/data/prototype_dataset/tensors/tensor_001304.npy,/content/drive/MyDrive/SKANN_SSL/data/prototype_dataset/waveforms/clip_001304.npy
1305,0,3,cargo_ship,5,50.0,0.3333,1.7577,8.7883,True,734.52,49,25.0,297.75,102.68,0.0,0.073022972068177,0.1456999842946586,0.1634087831549695,460.813225505912,97.27,103.27,104.27,6.0,/content/drive/MyDrive/SKANN_SSL/data/prototype_dataset/tensors/tensor_001305.npy,/content/drive/MyDrive/SKANN_SSL/data/prototype_dataset/waveforms/clip_001305.npy
1306,1,3,cargo_ship,5,50.0,0.3333,2.3381,11.6904,True,732.47,64,25.0,192.32,133.18,221.58,0.073022972068177,0.1456999842946586,0.1624925363144391,441.4435595957369,97.27,103.27,104.22,6.0,/content/drive/MyDrive/SKANN_SSL/data/prototype_dataset/tensors/tensor_001306.npy,/content/drive/MyDrive/SKANN_SSL/data/prototype_dataset/waveforms/clip_001306.npy
1307,2,3,cargo_ship,5,50.0,0.3333,1.7192,8.596,True,748.94,50,25.0,480.9,281.24,129.93,0.073022972068177,0.1456999842946587,0.1640466632839469,459.46031182005504,97.27,103.27,104.3,6.0,/content/drive/MyDrive/SKANN_SSL/data/prototype_dataset/tensors/tensor_001307.npy,/content/drive/MyDrive/SKANN_SSL/data/prototype_dataset/waveforms/clip_001307.npy
1308,3,3,cargo_ship,5,50.0,0.3333,2.465,12.3249,True,744.26,68,25.0,159.01,69.07,365.34,0.073022972068177,0.1456999842946586,0.1626759881370568,438.3107624823581,97.27,103.27,104.23,6.0,/content/drive/MyDrive/SKANN_SSL/data/prototype_dataset/tensors/tensor_001308.npy,/content/drive/MyDrive/SKANN_SSL/data/prototype_dataset/waveforms/clip_001308.npy
1309,4,3,cargo_ship,5,50.0,0.3333,2.3054,11.5272,True,697.42,64,25.0,157.65,423.93,110.47,0.073022972068177,0.1456999842946586,0.1637115120420171,441.03842403856135,97.27,103.27,104.28,6.0,/content/drive/MyDrive/SKANN_SSL/data/prototype_dataset/tensors/tensor_001309.npy,/content/drive/MyDrive/SKANN_SSL/data/prototype_dataset/waveforms/clip_001309.npy
1310,0,3,cargo_ship,5,50.0,0.6667,2.2902,11.4509,True,718.2,132,25.0,382.71,186.18,117.33,0.073022972068177,0.1456999842946586,0.1630480371154645,427.4824579901693,97.27,103.27,104.25,6.0,/content/drive/MyDrive/SKANN_SSL/data/prototype_dataset/tensors/tensor_001310.npy,/content/drive/MyDrive/SKANN_SSL/data/prototype_dataset/waveforms/clip_001310.npy
1311,1,3,cargo_ship,5,50.0,0.6667,2.4647,12.3234,True,710.64,122,25.0,192.63,433.26,96.91,0.073022972068177,0.1456999842946587,0.1633140248558937,423.7318972764122,97.27,103.27,104.26,6.0,/content/drive/MyDrive/SKANN_SSL/data/prototype_dataset/tensors/tensor_001311.npy,/content/drive/MyDrive/SKANN_SSL/data/prototype_dataset/waveforms/clip_001311.npy
1312,2,3,cargo_ship,5,50.0,0.6667,2.0674,10.3372,True,730.48,106,25.0,234.98,207.49,0.0,0.073022972068177,0.1456999842946586,0.1641607512877089,424.3062698065192,97.27,103.27,104.31,6.0,/content/drive/MyDrive/SKANN_SSL/data/prototype_dataset/tensors/tensor_001312.npy,/content/drive/MyDrive/SKANN_SSL/data/prototype_dataset/waveforms/clip_001312.npy
1313,3,3,cargo_ship,5,50.0,0.6667,2.4189,12.0945,True,729.14,137,25.0,210.74,92.36,453.61,0.073022972068177,0.1456999842946586,0.1624999331165535,407.1003428501929,97.27,103.27,104.22,6.0,/content/drive/MyDrive/SKANN_SSL/data/prototype_dataset/tensors/tensor_001313.npy,/content/drive/MyDrive/SKANN_SSL/data/prototype_dataset/waveforms/clip_001313.npy
1314,4,3,cargo_ship,5,50.0,0.6667,1.8166,9.0829,True,700.85,106,25.0,93.19,466.76,0.0,0.073022972068177,0.1456999842946586,0.1618671813612295,451.42987132142144,97.27,103.27,104.18,6.0,/content/drive/MyDrive/SKANN_SSL/data/prototype_dataset/tensors/tensor_001314.npy,/content/drive/MyDrive/SKANN_SSL/data/prototype_dataset/waveforms/clip_001314.npy
1315,0,3,cargo_ship,5,50.0,1.0,2.3613,11.8066,True,750.16,187,25.0,263.46,99.18,167.95,0.073022972068177,0.1456999842946586,0.164023413278631,357.6274508633289,97.27,103.27,104.3,6.0,/content/drive/MyDrive/SKANN_SSL/data/prototype_dataset/tensors/tensor_001315.npy,/content/drive/MyDrive/SKANN_SSL/data/prototype_dataset/waveforms/clip_001315.npy
1316,1,3,cargo_ship,5,50.0,1.0,1.6948,8.4741,True,707.06,154,25.0,245.3,124.97,111.47,0.073022972068177,0.1456999842946586,0.1635507404645713,331.605707122527,97.27,103.27,104.27,6.0,/content/drive/MyDrive/SKANN_SSL/data/prototype_dataset/tensors/tensor_001316.npy,/content/drive/MyDrive/SKANN_SSL/data/prototype_dataset/waveforms/clip_001316.npy
1317,2,3,cargo_ship,5,50.0,1.0,2.4941,12.4704,True,752.32,180,25.0,195.34,375.6,0.0,0.073022972068177,0.1456999842946586,0.163182662624705,353.7772683623558,97.27,103.27,104.25,6.0,/content/drive/MyDrive/SKANN_SSL/data/prototype_dataset/tensors/tensor_001317.npy,/content/drive/MyDrive/SKANN_SSL/data/prototype_dataset/waveforms/clip_001317.npy
1318,3,3,cargo_ship,5,50.0,1.0,2.1891,10.9455,True,689.36,160,25.0,442.38,268.69,119.64,0.073022972068177,0.1456999842946586,0.1616644572482917,336.36721680920044,97.27,103.27,104.17,6.0,/content/drive/MyDrive/SKANN_SSL/data/prototype_dataset/tensors/tensor_001318.npy,/content/drive/MyDrive/SKANN_SSL/data/prototype_dataset/waveforms/clip_001318.npy
1319,4,3,cargo_ship,5,50.0,1.0,1.8537,9.2685,True,738.55,142,25.0,80.7,212.2,0.0,0.073022972068177,0.1456999842946586,0.1637692034789978,383.9240205113337,97.27,103.27,104.28,6.0,/content/drive/MyDrive/SKANN_SSL/data/prototype_dataset/tensors/tensor_001319.npy,/content/drive/MyDrive/SKANN_SSL/data/prototype_dataset/waveforms/clip_001319.npy
1320,0,3,tanker,3,0.0,0.0,1.472,4.416,False,0.0,0,25.0,404.34,94.75,239.01,0.073022972068177,0.1456999842946586,0.1631517144218197,442.31584211315,97.27,103.27,104.25,6.0,/content/drive/MyDrive/SKANN_SSL/data/prototype_dataset/tensors/tensor_001320.npy,/content/drive/MyDrive/SKANN_SSL/data/prototype_dataset/waveforms/clip_001320.npy
1321,1,3,tanker,3,0.0,0.0,1.1363,3.4088,False,0.0,0,25.0,196.52,139.0,405.68,0.073022972068177,0.1456999842946586,0.1630902645552179,442.271714435746,97.27,103.27,104.25,6.0,/content/drive/MyDrive/SKANN_SSL/data/prototype_dataset/tensors/tensor_001321.npy,/content/drive/MyDrive/SKANN_SSL/data/prototype_dataset/waveforms/clip_001321.npy
1322,2,3,tanker,3,0.0,0.0,1.4898,4.4693,False,0.0,0,25.0,56.45,233.45,233.16,0.073022972068177,0.1456999842946586,0.1636398658517492,438.5418080043455,97.27,103.27,104.28,6.0,/content/drive/MyDrive/SKANN_SSL/data/prototype_dataset/tensors/tensor_001322.npy,/content/drive/MyDrive/SKANN_SSL/data/prototype_dataset/waveforms/clip_001322.npy
1323,3,3,tanker,3,0.0,0.0,1.2797,3.8392,False,0.0,0,25.0,169.72,436.23,109.9,0.073022972068177,0.1456999842946587,0.1634507641806616,441.2113703676463,97.27,103.27,104.27,6.0,/content/drive/MyDrive/SKANN_SSL/data/prototype_dataset/tensors/tensor_001323.npy,/content/drive/MyDrive/SKANN_SSL/data/prototype_dataset/waveforms/clip_001323.npy
1324,4,3,tanker,3,0.0,0.0,1.4106,4.2318,False,0.0,0,25.0,275.92,74.4,382.53,0.073022972068177,0.1456999842946586,0.162168700666367,442.2750211817011,97.27,103.27,104.2,6.0,/content/drive/MyDrive/SKANN_SSL/data/prototype_dataset/tensors/tensor_001324.npy,/content/drive/MyDrive/SKANN_SSL/data/prototype_dataset/waveforms/clip_001324.npy
1325,0,3,tanker,3,0.0,0.3333,1.3844,4.1531,True,465.79,25,25.0,94.15,238.83,0.0,0.073022972068177,0.1456999842946586,0.1627956390382429,442.3188464799709,97.27,103.27,104.23,6.0,/content/drive/MyDrive/SKANN_SSL/data/prototype_dataset/tensors/tensor_001325.npy,/content/drive/MyDrive/SKANN_SSL/data/prototype_dataset/waveforms/clip_001325.npy
1326,1,3,tanker,3,0.0,0.3333,1.4851,4.4553,True,440.45,29,25.0,54.31,207.21,0.0,0.073022972068177,0.1456999842946586,0.163984655436594,442.4610398955395,97.27,103.27,104.3,6.0,/content/drive/MyDrive/SKANN_SSL/data/prototype_dataset/tensors/tensor_001326.npy,/content/drive/MyDrive/SKANN_SSL/data/prototype_dataset/waveforms/clip_001326.npy
1327,2,3,tanker,3,0.0,0.3333,1.1561,3.4684,True,492.16,23,25.0,136.55,69.77,0.0,0.073022972068177,0.1456999842946586,0.1646165095162451,442.5536553537742,97.27,103.27,104.33,6.0,/content/drive/MyDrive/SKANN_SSL/data/prototype_dataset/tensors/tensor_001327.npy,/content/drive/MyDrive/SKANN_SSL/data/prototype_dataset/waveforms/clip_001327.npy
1328,3,3,tanker,3,0.0,0.3333,1.0837,3.2512,True,488.16,18,25.0,85.79,291.65,262.67,0.073022972068177,0.1456999842946586,0.1626659461993589,444.1570863831195,97.27,103.27,104.23,6.0,/content/drive/MyDrive/SKANN_SSL/data/prototype_dataset/tensors/tensor_001328.npy,/content/drive/MyDrive/SKANN_SSL/data/prototype_dataset/waveforms/clip_001328.npy
1329,4,3,tanker,3,0.0,0.3333,1.124,3.3721,True,489.07,19,25.0,143.57,239.6,0.0,0.073022972068177,0.1456999842946586,0.1630991147691353,442.4618519499172,97.27,103.27,104.25,6.0,/content/drive/MyDrive/SKANN_SSL/data/prototype_dataset/tensors/tensor_001329.npy,/content/drive/MyDrive/SKANN_SSL/data/prototype_dataset/waveforms/clip_001329.npy
1330,0,3,tanker,3,0.0,0.6667,1.3014,3.9041,True,465.4,42,25.0,52.21,193.27,300.46,0.073022972068177,0.1456999842946586,0.1625279321104235,439.5133399297906,97.27,103.27,104.22,6.0,/content/drive/MyDrive/SKANN_SSL/data/prototype_dataset/tensors/tensor_001330.npy,/content/drive/MyDrive/SKANN_SSL/data/prototype_dataset/waveforms/clip_001330.npy
1331,1,3,tanker,3,0.0,0.6667,1.2491,3.7473,True,528.01,34,25.0,290.61,289.23,0.0,0.073022972068177,0.1456999842946586,0.1630359269842437,441.6737813975707,97.27,103.27,104.25,6.0,/content/drive/MyDrive/SKANN_SSL/data/prototype_dataset/tensors/tensor_001331.npy,/content/drive/MyDrive/SKANN_SSL/data/prototype_dataset/waveforms/clip_001331.npy
1332,2,3,tanker,3,0.0,0.6667,1.4849,4.4548,True,449.25,49,25.0,186.82,100.94,282.66,0.073022972068177,0.1456999842946586,0.1616150280819834,430.05848003255306,97.27,103.27,104.17,6.0,/content/drive/MyDrive/SKANN_SSL/data/prototype_dataset/tensors/tensor_001332.npy,/content/drive/MyDrive/SKANN_SSL/data/prototype_dataset/waveforms/clip_001332.npy
1333,3,3,tanker,3,0.0,0.6667,1.1322,3.3965,True,438.72,43,25.0,102.2,234.69,0.0,0.073022972068177,0.1456999842946586,0.1635449781431331,439.7978062974856,97.27,103.27,104.27,6.0,/content/drive/MyDrive/SKANN_SSL/data/prototype_dataset/tensors/tensor_001333.npy,/content/drive/MyDrive/SKANN_SSL/data/prototype_dataset/waveforms/clip_001333.npy
1334,4,3,tanker,3,0.0,0.6667,1.4784,4.4353,True,478.31,49,25.0,243.27,171.58,0.0,0.073022972068177,0.1456999842946586,0.164823659124643,438.920915210765,97.27,103.27,104.34,6.0,/content/drive/MyDrive/SKANN_SSL/data/prototype_dataset/tensors/tensor_001334.npy,/content/drive/MyDrive/SKANN_SSL/data/prototype_dataset/waveforms/clip_001334.npy
1335,0,3,tanker,3,0.0,1.0,1.1543,3.4628,True,511.41,50,25.0,95.16,172.47,0.0,0.073022972068177,0.1456999842946586,0.1623374522216139,406.97722717937125,97.27,103.27,104.21,6.0,/content/drive/MyDrive/SKANN_SSL/data/prototype_dataset/tensors/tensor_001335.npy,/content/drive/MyDrive/SKANN_SSL/data/prototype_dataset/waveforms/clip_001335.npy
1336,1,3,tanker,3,0.0,1.0,1.13,3.3901,True,447.32,51,25.0,289.41,128.84,253.18,0.073022972068177,0.1456999842946586,0.1627949481001448,421.9209897977306,97.27,103.27,104.23,6.0,/content/drive/MyDrive/SKANN_SSL/data/prototype_dataset/tensors/tensor_001336.npy,/content/drive/MyDrive/SKANN_SSL/data/prototype_dataset/waveforms/clip_001336.npy
1337,2,3,tanker,3,0.0,1.0,1.0828,3.2483,True,537.66,39,25.0,368.59,96.26,196.93,0.073022972068177,0.1456999842946586,0.163725444399145,422.1359848884962,97.27,103.27,104.28,6.0,/content/drive/MyDrive/SKANN_SSL/data/prototype_dataset/tensors/tensor_001337.npy,/content/drive/MyDrive/SKANN_SSL/data/prototype_dataset/waveforms/clip_001337.npy
1338,3,3,tanker,3,0.0,1.0,1.3358,4.0073,True,503.68,68,25.0,370.47,299.92,51.96,0.073022972068177,0.1456999842946586,0.1632855683607461,412.9260085023108,97.27,103.27,104.26,6.0,/content/drive/MyDrive/SKANN_SSL/data/prototype_dataset/tensors/tensor_001338.npy,/content/drive/MyDrive/SKANN_SSL/data/prototype_dataset/waveforms/clip_001338.npy
1339,4,3,tanker,3,0.0,1.0,1.4902,4.4707,True,504.09,66,25.0,396.15,51.17,0.0,0.073022972068177,0.1456999842946586,0.1616886166347373,422.6350560067279,97.27,103.27,104.17,6.0,/content/drive/MyDrive/SKANN_SSL/data/prototype_dataset/tensors/tensor_001339.npy,/content/drive/MyDrive/SKANN_SSL/data/prototype_dataset/waveforms/clip_001339.npy
1340,0,3,tanker,3,50.0,0.0,1.435,4.3051,False,0.0,0,25.0,303.33,203.06,106.59,0.073022972068177,0.1456999842946587,0.1629787713319369,434.4506089836383,97.27,103.27,104.24,6.0,/content/drive/MyDrive/SKANN_SSL/data/prototype_dataset/tensors/tensor_001340.npy,/content/drive/MyDrive/SKANN_SSL/data/prototype_dataset/waveforms/clip_001340.npy
1341,1,3,tanker,3,50.0,0.0,1.1429,3.4288,False,0.0,0,25.0,236.99,281.74,0.0,0.073022972068177,0.1456999842946586,0.1634422041048742,435.8696285180346,97.27,103.27,104.27,6.0,/content/drive/MyDrive/SKANN_SSL/data/prototype_dataset/tensors/tensor_001341.npy,/content/drive/MyDrive/SKANN_SSL/data/prototype_dataset/waveforms/clip_001341.npy
1342,2,3,tanker,3,50.0,0.0,1.4294,4.2881,False,0.0,0,25.0,73.7,151.18,0.0,0.073022972068177,0.1456999842946586,0.1614453353739179,435.57342748886674,97.27,103.27,104.16,6.0,/content/drive/MyDrive/SKANN_SSL/data/prototype_dataset/tensors/tensor_001342.npy,/content/drive/MyDrive/SKANN_SSL/data/prototype_dataset/waveforms/clip_001342.npy
1343,3,3,tanker,3,50.0,0.0,1.0393,3.118,False,0.0,0,25.0,128.59,366.83,0.0,0.073022972068177,0.1456999842946586,0.1623433521518261,436.9053468798925,97.27,103.27,104.21,6.0,/content/drive/MyDrive/SKANN_SSL/data/prototype_dataset/tensors/tensor_001343.npy,/content/drive/MyDrive/SKANN_SSL/data/prototype_dataset/waveforms/clip_001343.npy
1344,4,3,tanker,3,50.0,0.0,1.0129,3.0388,False,0.0,0,25.0,100.13,114.43,0.0,0.073022972068177,0.1456999842946586,0.1639419509696113,436.2931102010324,97.27,103.27,104.29,6.0,/content/drive/MyDrive/SKANN_SSL/data/prototype_dataset/tensors/tensor_001344.npy,/content/drive/MyDrive/SKANN_SSL/data/prototype_dataset/waveforms/clip_001344.npy
1345,0,3,tanker,3,50.0,0.3333,1.0294,3.0883,True,419.5,29,25.0,58.67,209.35,0.0,0.073022972068177,0.1456999842946586,0.1629161061647697,440.001902579587,97.27,103.27,104.24,6.0,/content/drive/MyDrive/SKANN_SSL/data/prototype_dataset/tensors/tensor_001345.npy,/content/drive/MyDrive/SKANN_SSL/data/prototype_dataset/waveforms/clip_001345.npy
1346,1,3,tanker,3,50.0,0.3333,1.2179,3.6538,True,445.16,17,25.0,126.94,273.69,195.6,0.073022972068177,0.1456999842946586,0.164037363893355,435.40132730630177,97.27,103.27,104.3,6.0,/content/drive/MyDrive/SKANN_SSL/data/prototype_dataset/tensors/tensor_001346.npy,/content/drive/MyDrive/SKANN_SSL/data/prototype_dataset/waveforms/clip_001346.npy
1347,2,3,tanker,3,50.0,0.3333,1.1905,3.5715,True,470.81,23,25.0,263.7,78.62,0.0,0.073022972068177,0.1456999842946586,0.1635860532433843,432.67288363851696,97.27,103.27,104.27,6.0,/content/drive/MyDrive/SKANN_SSL/data/prototype_dataset/tensors/tensor_001347.npy,/content/drive/MyDrive/SKANN_SSL/data/prototype_dataset/waveforms/clip_001347.npy
1348,3,3,tanker,3,50.0,0.3333,1.4425,4.3276,True,473.85,19,25.0,260.58,122.3,0.0,0.073022972068177,0.1456999842946586,0.1627936039300287,433.4464322111816,97.27,103.27,104.23,6.0,/content/drive/MyDrive/SKANN_SSL/data/prototype_dataset/tensors/tensor_001348.npy,/content/drive/MyDrive/SKANN_SSL/data/prototype_dataset/waveforms/clip_001348.npy
1349,4,3,tanker,3,50.0,0.3333,1.1931,3.5793,True,509.09,27,25.0,57.66,372.31,245.86,0.073022972068177,0.1456999842946586,0.1627817690019064,434.11963228428215,97.27,103.27,104.23,6.0,/content/drive/MyDrive/SKANN_SSL/data/prototype_dataset/tensors/tensor_001349.npy,/content/drive/MyDrive/SKANN_SSL/data/prototype_dataset/waveforms/clip_001349.npy
1350,0,3,tanker,3,50.0,0.6667,1.1828,3.5483,True,483.61,32,25.0,176.08,116.1,419.33,0.073022972068177,0.1456999842946587,0.1631477357844456,433.246803644692,97.27,103.27,104.25,6.0,/content/drive/MyDrive/SKANN_SSL/data/prototype_dataset/tensors/tensor_001350.npy,/content/drive/MyDrive/SKANN_SSL/data/prototype_dataset/waveforms/clip_001350.npy
1351,1,3,tanker,3,50.0,0.6667,1.4989,4.4968,True,455.28,43,25.0,72.99,470.24,0.0,0.073022972068177,0.1456999842946586,0.1646111865328225,429.53871285895633,97.27,103.27,104.33,6.0,/content/drive/MyDrive/SKANN_SSL/data/prototype_dataset/tensors/tensor_001351.npy,/content/drive/MyDrive/SKANN_SSL/data/prototype_dataset/waveforms/clip_001351.npy
1352,2,3,tanker,3,50.0,0.6667,1.4696,4.4089,True,472.71,50,25.0,315.82,133.85,187.1,0.073022972068177,0.1456999842946587,0.1641922154941269,420.818129613749,97.27,103.27,104.31,6.0,/content/drive/MyDrive/SKANN_SSL/data/prototype_dataset/tensors/tensor_001352.npy,/content/drive/MyDrive/SKANN_SSL/data/prototype_dataset/waveforms/clip_001352.npy
1353,3,3,tanker,3,50.0,0.6667,1.2446,3.7337,True,469.63,41,25.0,131.71,228.26,262.86,0.073022972068177,0.1456999842946586,0.1615290092303453,428.7599470568962,97.27,103.27,104.17,6.0,/content/drive/MyDrive/SKANN_SSL/data/prototype_dataset/tensors/tensor_001353.npy,/content/drive/MyDrive/SKANN_SSL/data/prototype_dataset/waveforms/clip_001353.npy
1354,4,3,tanker,3,50.0,0.6667,1.3831,4.1492,True,475.24,41,25.0,192.08,248.81,0.0,0.073022972068177,0.1456999842946586,0.1649770156102699,433.0120514426822,97.27,103.27,104.35,6.0,/content/drive/MyDrive/SKANN_SSL/data/prototype_dataset/tensors/tensor_001354.npy,/content/drive/MyDrive/SKANN_SSL/data/prototype_dataset/waveforms/clip_001354.npy
1355,0,3,tanker,3,50.0,1.0,1.2885,3.8654,True,494.48,45,25.0,160.19,295.98,0.0,0.073022972068177,0.1456999842946586,0.1641973956062542,398.93903571813024,97.27,103.27,104.31,6.0,/content/drive/MyDrive/SKANN_SSL/data/prototype_dataset/tensors/tensor_001355.npy,/content/drive/MyDrive/SKANN_SSL/data/prototype_dataset/waveforms/clip_001355.npy
1356,1,3,tanker,3,50.0,1.0,1.1648,3.4944,True,478.97,60,25.0,481.66,214.33,96.4,0.073022972068177,0.1456999842946586,0.1636792522505308,390.2810187078375,97.27,103.27,104.28,6.0,/content/drive/MyDrive/SKANN_SSL/data/prototype_dataset/tensors/tensor_001356.npy,/content/drive/MyDrive/SKANN_SSL/data/prototype_dataset/waveforms/clip_001356.npy
1357,2,3,tanker,3,50.0,1.0,1.0121,3.0362,True,471.48,54,25.0,164.53,256.46,0.0,0.073022972068177,0.1456999842946586,0.1655929630732389,411.9817655323797,97.27,103.27,104.38,6.0,/content/drive/MyDrive/SKANN_SSL/data/prototype_dataset/tensors/tensor_001357.npy,/content/drive/MyDrive/SKANN_SSL/data/prototype_dataset/waveforms/clip_001357.npy
1358,3,3,tanker,3,50.0,1.0,1.3128,3.9383,True,483.79,52,25.0,66.25,443.11,0.0,0.073022972068177,0.1456999842946586,0.1634914427869667,402.62336404394193,97.27,103.27,104.27,6.0,/content/drive/MyDrive/SKANN_SSL/data/prototype_dataset/tensors/tensor_001358.npy,/content/drive/MyDrive/SKANN_SSL/data/prototype_dataset/waveforms/clip_001358.npy
1359,4,3,tanker,3,50.0,1.0,1.1169,3.3508,True,525.99,50,25.0,225.06,468.88,0.0,0.073022972068177,0.1456999842946587,0.1638370036756052,423.4376642766167,97.27,103.27,104.29,6.0,/content/drive/MyDrive/SKANN_SSL/data/prototype_dataset/tensors/tensor_001359.npy,/content/drive/MyDrive/SKANN_SSL/data/prototype_dataset/waveforms/clip_001359.npy
1360,0,3,tanker,4,0.0,0.0,1.2055,4.8222,False,0.0,0,25.0,413.92,284.67,144.25,0.073022972068177,0.1456999842946586,0.1639344638366939,442.9623711739802,97.27,103.27,104.29,6.0,/content/drive/MyDrive/SKANN_SSL/data/prototype_dataset/tensors/tensor_001360.npy,/content/drive/MyDrive/SKANN_SSL/data/prototype_dataset/waveforms/clip_001360.npy
1361,1,3,tanker,4,0.0,0.0,1.1338,4.5352,False,0.0,0,25.0,132.48,297.53,0.0,0.073022972068177,0.1456999842946586,0.1635422593274389,443.56756924982153,97.27,103.27,104.27,6.0,/content/drive/MyDrive/SKANN_SSL/data/prototype_dataset/tensors/tensor_001361.npy,/content/drive/MyDrive/SKANN_SSL/data/prototype_dataset/waveforms/clip_001361.npy
1362,2,3,tanker,4,0.0,0.0,1.3571,5.4283,False,0.0,0,25.0,281.07,103.28,470.07,0.073022972068177,0.1456999842946587,0.162331303281569,435.5503428310624,97.27,103.27,104.21,6.0,/content/drive/MyDrive/SKANN_SSL/data/prototype_dataset/tensors/tensor_001362.npy,/content/drive/MyDrive/SKANN_SSL/data/prototype_dataset/waveforms/clip_001362.npy
1363,3,3,tanker,4,0.0,0.0,1.0294,4.1178,False,0.0,0,25.0,237.87,296.6,109.31,0.073022972068177,0.1456999842946586,0.1636668662749883,441.91541943429775,97.27,103.27,104.28,6.0,/content/drive/MyDrive/SKANN_SSL/data/prototype_dataset/tensors/tensor_001363.npy,/content/drive/MyDrive/SKANN_SSL/data/prototype_dataset/waveforms/clip_001363.npy
1364,4,3,tanker,4,0.0,0.0,1.2783,5.113,False,0.0,0,25.0,148.35,235.37,0.0,0.073022972068177,0.1456999842946586,0.1636503953729997,437.470167884471,97.27,103.27,104.28,6.0,/content/drive/MyDrive/SKANN_SSL/data/prototype_dataset/tensors/tensor_001364.npy,/content/drive/MyDrive/SKANN_SSL/data/prototype_dataset/waveforms/clip_001364.npy
1365,0,3,tanker,4,0.0,0.3333,1.4735,5.8941,True,458.29,29,25.0,117.67,127.25,0.0,0.073022972068177,0.1456999842946586,0.1633748680754104,438.23077048508793,97.27,103.27,104.26,6.0,/content/drive/MyDrive/SKANN_SSL/data/prototype_dataset/tensors/tensor_001365.npy,/content/drive/MyDrive/SKANN_SSL/data/prototype_dataset/waveforms/clip_001365.npy
1366,1,3,tanker,4,0.0,0.3333,1.2019,4.8075,True,557.42,25,25.0,84.0,292.74,0.0,0.073022972068177,0.1456999842946586,0.1630826222332899,441.6775462885651,97.27,103.27,104.25,6.0,/content/drive/MyDrive/SKANN_SSL/data/prototype_dataset/tensors/tensor_001366.npy,/content/drive/MyDrive/SKANN_SSL/data/prototype_dataset/waveforms/clip_001366.npy
1367,2,3,tanker,4,0.0,0.3333,1.0661,4.2644,True,530.75,29,25.0,161.65,323.86,89.44,0.073022972068177,0.1456999842946586,0.1624997666398356,441.4880941013941,97.27,103.27,104.22,6.0,/content/drive/MyDrive/SKANN_SSL/data/prototype_dataset/tensors/tensor_001367.npy,/content/drive/MyDrive/SKANN_SSL/data/prototype_dataset/waveforms/clip_001367.npy
1368,3,3,tanker,4,0.0,0.3333,1.0082,4.0328,True,468.96,26,25.0,108.11,57.12,438.3,0.073022972068177,0.1456999842946586,0.1622555308711828,443.4741494270163,97.27,103.27,104.2,6.0,/content/drive/MyDrive/SKANN_SSL/data/prototype_dataset/tensors/tensor_001368.npy,/content/drive/MyDrive/SKANN_SSL/data/prototype_dataset/waveforms/clip_001368.npy
1369,4,3,tanker,4,0.0,0.3333,1.3612,5.4448,True,494.66,40,25.0,234.67,396.96,0.0,0.073022972068177,0.1456999842946586,0.162167681701093,435.74753546123736,97.27,103.27,104.2,6.0,/content/drive/MyDrive/SKANN_SSL/data/prototype_dataset/tensors/tensor_001369.npy,/content/drive/MyDrive/SKANN_SSL/data/prototype_dataset/waveforms/clip_001369.npy
1370,0,3,tanker,4,0.0,0.6667,1.4963,5.985,True,480.98,78,25.0,113.67,467.96,201.06,0.073022972068177,0.1456999842946586,0.1632121443955245,431.7343031823525,97.27,103.27,104.26,6.0,/content/drive/MyDrive/SKANN_SSL/data/prototype_dataset/tensors/tensor_001370.npy,/content/drive/MyDrive/SKANN_SSL/data/prototype_dataset/waveforms/clip_001370.npy
1371,1,3,tanker,4,0.0,0.6667,1.1441,4.5763,True,461.24,50,25.0,196.18,245.61,0.0,0.073022972068177,0.1456999842946586,0.163939936719492,431.4040411100172,97.27,103.27,104.29,6.0,/content/drive/MyDrive/SKANN_SSL/data/prototype_dataset/tensors/tensor_001371.npy,/content/drive/MyDrive/SKANN_SSL/data/prototype_dataset/waveforms/clip_001371.npy
1372,2,3,tanker,4,0.0,0.6667,1.4293,5.7171,True,441.59,58,25.0,249.22,82.88,0.0,0.073022972068177,0.1456999842946586,0.1628460127239446,419.4493252465621,97.27,103.27,104.24,6.0,/content/drive/MyDrive/SKANN_SSL/data/prototype_dataset/tensors/tensor_001372.npy,/content/drive/MyDrive/SKANN_SSL/data/prototype_dataset/waveforms/clip_001372.npy
1373,3,3,tanker,4,0.0,0.6667,1.1507,4.6028,True,489.58,53,25.0,284.0,171.48,71.21,0.073022972068177,0.1456999842946586,0.162913733943039,437.426280711053,97.27,103.27,104.24,6.0,/content/drive/MyDrive/SKANN_SSL/data/prototype_dataset/tensors/tensor_001373.npy,/content/drive/MyDrive/SKANN_SSL/data/prototype_dataset/waveforms/clip_001373.npy
1374,4,3,tanker,4,0.0,0.6667,1.1064,4.4257,True,505.41,40,25.0,84.25,198.62,0.0,0.073022972068177,0.1456999842946586,0.1622524771306351,442.4024920397872,97.27,103.27,104.2,6.0,/content/drive/MyDrive/SKANN_SSL/data/prototype_dataset/tensors/tensor_001374.npy,/content/drive/MyDrive/SKANN_SSL/data/prototype_dataset/waveforms/clip_001374.npy
1375,0,3,tanker,4,0.0,1.0,1.4329,5.7316,True,456.32,87,25.0,59.88,475.7,155.49,0.073022972068177,0.1456999842946586,0.1625436788053494,370.7731356331691,97.27,103.27,104.22,6.0,/content/drive/MyDrive/SKANN_SSL/data/prototype_dataset/tensors/tensor_001375.npy,/content/drive/MyDrive/SKANN_SSL/data/prototype_dataset/waveforms/clip_001375.npy
1376,1,3,tanker,4,0.0,1.0,1.0626,4.2505,True,542.55,51,25.0,125.45,149.22,286.8,0.073022972068177,0.1456999842946586,0.1645400239734926,420.62200282633495,97.27,103.27,104.33,6.0,/content/drive/MyDrive/SKANN_SSL/data/prototype_dataset/tensors/tensor_001376.npy,/content/drive/MyDrive/SKANN_SSL/data/prototype_dataset/waveforms/clip_001376.npy
1377,2,3,tanker,4,0.0,1.0,1.2503,5.0011,True,464.46,83,25.0,465.0,265.2,0.0,0.073022972068177,0.1456999842946586,0.1629914135372062,399.0985731225344,97.27,103.27,104.24,6.0,/content/drive/MyDrive/SKANN_SSL/data/prototype_dataset/tensors/tensor_001377.npy,/content/drive/MyDrive/SKANN_SSL/data/prototype_dataset/waveforms/clip_001377.npy
1378,3,3,tanker,4,0.0,1.0,1.3896,5.5583,True,473.57,86,25.0,152.75,482.8,73.3,0.073022972068177,0.1456999842946586,0.1626436136811253,416.53656734450817,97.27,103.27,104.22,6.0,/content/drive/MyDrive/SKANN_SSL/data/prototype_dataset/tensors/tensor_001378.npy,/content/drive/MyDrive/SKANN_SSL/data/prototype_dataset/waveforms/clip_001378.npy
1379,4,3,tanker,4,0.0,1.0,1.0867,4.3469,True,489.81,71,25.0,394.22,65.84,0.0,0.073022972068177,0.1456999842946587,0.1637434867130734,410.7509087581536,97.27,103.27,104.28,6.0,/content/drive/MyDrive/SKANN_SSL/data/prototype_dataset/tensors/tensor_001379.npy,/content/drive/MyDrive/SKANN_SSL/data/prototype_dataset/waveforms/clip_001379.npy
1380,0,3,tanker,4,50.0,0.0,1.3358,5.3433,False,0.0,0,25.0,68.91,337.05,0.0,0.073022972068177,0.1456999842946587,0.1633889807652095,428.4058307594431,97.27,103.27,104.26,6.0,/content/drive/MyDrive/SKANN_SSL/data/prototype_dataset/tensors/tensor_001380.npy,/content/drive/MyDrive/SKANN_SSL/data/prototype_dataset/waveforms/clip_001380.npy
1381,1,3,tanker,4,50.0,0.0,1.1271,4.5083,False,0.0,0,25.0,425.69,113.06,0.0,0.073022972068177,0.1456999842946586,0.1639291019650882,436.9452827849975,97.27,103.27,104.29,6.0,/content/drive/MyDrive/SKANN_SSL/data/prototype_dataset/tensors/tensor_001381.npy,/content/drive/MyDrive/SKANN_SSL/data/prototype_dataset/waveforms/clip_001381.npy
1382,2,3,tanker,4,50.0,0.0,1.2114,4.8454,False,0.0,0,25.0,210.79,214.83,52.58,0.073022972068177,0.1456999842946586,0.1622884224173561,436.6326622324314,97.27,103.27,104.21,6.0,/content/drive/MyDrive/SKANN_SSL/data/prototype_dataset/tensors/tensor_001382.npy,/content/drive/MyDrive/SKANN_SSL/data/prototype_dataset/waveforms/clip_001382.npy
1383,3,3,tanker,4,50.0,0.0,1.2365,4.946,False,0.0,0,25.0,204.49,80.7,0.0,0.073022972068177,0.1456999842946586,0.1617074906285046,436.7501936273369,97.27,103.27,104.17,6.0,/content/drive/MyDrive/SKANN_SSL/data/prototype_dataset/tensors/tensor_001383.npy,/content/drive/MyDrive/SKANN_SSL/data/prototype_dataset/waveforms/clip_001383.npy
1384,4,3,tanker,4,50.0,0.0,1.4754,5.9017,False,0.0,0,25.0,241.94,460.89,0.0,0.073022972068177,0.1456999842946586,0.1639750104816727,430.86874332341785,97.27,103.27,104.3,6.0,/content/drive/MyDrive/SKANN_SSL/data/prototype_dataset/tensors/tensor_001384.npy,/content/drive/MyDrive/SKANN_SSL/data/prototype_dataset/waveforms/clip_001384.npy
1385,0,3,tanker,4,50.0,0.3333,1.2152,4.8609,True,559.23,23,25.0,143.52,280.66,0.0,0.073022972068177,0.1456999842946586,0.160475536019457,433.45259095570543,97.27,103.27,104.11,6.0,/content/drive/MyDrive/SKANN_SSL/data/prototype_dataset/tensors/tensor_001385.npy,/content/drive/MyDrive/SKANN_SSL/data/prototype_dataset/waveforms/clip_001385.npy
1386,1,3,tanker,4,50.0,0.3333,1.1566,4.6262,True,447.45,38,25.0,194.98,249.26,62.22,0.073022972068177,0.1456999842946586,0.1637934717620224,433.5998931355761,97.27,103.27,104.29,6.0,/content/drive/MyDrive/SKANN_SSL/data/prototype_dataset/tensors/tensor_001386.npy,/content/drive/MyDrive/SKANN_SSL/data/prototype_dataset/waveforms/clip_001386.npy
1387,2,3,tanker,4,50.0,0.3333,1.1317,4.5267,True,497.72,29,25.0,138.21,392.4,0.0,0.073022972068177,0.1456999842946586,0.162102698591058,435.6135602115158,97.27,103.27,104.2,6.0,/content/drive/MyDrive/SKANN_SSL/data/prototype_dataset/tensors/tensor_001387.npy,/content/drive/MyDrive/SKANN_SSL/data/prototype_dataset/waveforms/clip_001387.npy
1388,3,3,tanker,4,50.0,0.3333,1.2631,5.0524,True,494.81,29,25.0,104.94,395.75,92.54,0.073022972068177,0.1456999842946586,0.1625402546164547,429.12377203339867,97.27,103.27,104.22,6.0,/content/drive/MyDrive/SKANN_SSL/data/prototype_dataset/tensors/tensor_001388.npy,/content/drive/MyDrive/SKANN_SSL/data/prototype_dataset/waveforms/clip_001388.npy
1389,4,3,tanker,4,50.0,0.3333,1.1908,4.7633,True,428.0,33,25.0,330.78,123.9,0.0,0.073022972068177,0.1456999842946586,0.1626834209090527,436.7160237087479,97.27,103.27,104.23,6.0,/content/drive/MyDrive/SKANN_SSL/data/prototype_dataset/tensors/tensor_001389.npy,/content/drive/MyDrive/SKANN_SSL/data/prototype_dataset/waveforms/clip_001389.npy
1390,0,3,tanker,4,50.0,0.6667,1.3531,5.4123,True,497.55,51,25.0,178.89,480.61,76.12,0.073022972068177,0.1456999842946586,0.1623056758180346,424.7468802565051,97.27,103.27,104.21,6.0,/content/drive/MyDrive/SKANN_SSL/data/prototype_dataset/tensors/tensor_001390.npy,/content/drive/MyDrive/SKANN_SSL/data/prototype_dataset/waveforms/clip_001390.npy
1391,1,3,tanker,4,50.0,0.6667,1.0062,4.025,True,530.31,43,25.0,102.33,117.98,438.4,0.073022972068177,0.1456999842946586,0.1643287388856113,433.0316147132169,97.27,103.27,104.31,6.0,/content/drive/MyDrive/SKANN_SSL/data/prototype_dataset/tensors/tensor_001391.npy,/content/drive/MyDrive/SKANN_SSL/data/prototype_dataset/waveforms/clip_001391.npy
1392,2,3,tanker,4,50.0,0.6667,1.3121,5.2486,True,496.67,55,25.0,86.05,239.44,0.0,0.073022972068177,0.1456999842946586,0.163311589813066,422.106410373609,97.27,103.27,104.26,6.0,/content/drive/MyDrive/SKANN_SSL/data/prototype_dataset/tensors/tensor_001392.npy,/content/drive/MyDrive/SKANN_SSL/data/prototype_dataset/waveforms/clip_001392.npy
1393,3,3,tanker,4,50.0,0.6667,1.3911,5.5643,True,464.29,67,25.0,246.68,359.11,130.32,0.073022972068177,0.1456999842946586,0.1642167477727215,419.9503791885087,97.27,103.27,104.31,6.0,/content/drive/MyDrive/SKANN_SSL/data/prototype_dataset/tensors/tensor_001393.npy,/content/drive/MyDrive/SKANN_SSL/data/prototype_dataset/waveforms/clip_001393.npy
1394,4,3,tanker,4,50.0,0.6667,1.0202,4.0809,True,391.95,35,25.0,272.52,230.66,74.76,0.073022972068177,0.1456999842946586,0.1612788154534067,431.39859017957264,97.27,103.27,104.15,6.0,/content/drive/MyDrive/SKANN_SSL/data/prototype_dataset/tensors/tensor_001394.npy,/content/drive/MyDrive/SKANN_SSL/data/prototype_dataset/waveforms/clip_001394.npy
1395,0,3,tanker,4,50.0,1.0,1.4147,5.6586,True,435.82,84,25.0,126.72,164.16,0.0,0.073022972068177,0.1456999842946586,0.1625107823912232,361.7503803030771,97.27,103.27,104.22,6.0,/content/drive/MyDrive/SKANN_SSL/data/prototype_dataset/tensors/tensor_001395.npy,/content/drive/MyDrive/SKANN_SSL/data/prototype_dataset/waveforms/clip_001395.npy
1396,1,3,tanker,4,50.0,1.0,1.3461,5.3845,True,416.64,73,25.0,410.98,94.92,193.2,0.073022972068177,0.1456999842946587,0.1623124069905383,376.2522415300082,97.27,103.27,104.21,6.0,/content/drive/MyDrive/SKANN_SSL/data/prototype_dataset/tensors/tensor_001396.npy,/content/drive/MyDrive/SKANN_SSL/data/prototype_dataset/waveforms/clip_001396.npy
1397,2,3,tanker,4,50.0,1.0,1.1116,4.4465,True,468.84,56,25.0,321.47,109.65,97.12,0.073022972068177,0.1456999842946587,0.1625330808673573,412.0187279976742,97.27,103.27,104.22,6.0,/content/drive/MyDrive/SKANN_SSL/data/prototype_dataset/tensors/tensor_001397.npy,/content/drive/MyDrive/SKANN_SSL/data/prototype_dataset/waveforms/clip_001397.npy
1398,3,3,tanker,4,50.0,1.0,1.3704,5.4815,True,472.93,80,25.0,286.57,132.7,225.16,0.073022972068177,0.1456999842946586,0.1642084480605685,340.21020446865185,97.27,103.27,104.31,6.0,/content/drive/MyDrive/SKANN_SSL/data/prototype_dataset/tensors/tensor_001398.npy,/content/drive/MyDrive/SKANN_SSL/data/prototype_dataset/waveforms/clip_001398.npy
1399,4,3,tanker,4,50.0,1.0,1.2851,5.1404,True,448.92,82,25.0,216.35,100.13,403.05,0.073022972068177,0.1456999842946586,0.1634682708985508,382.4210962236293,97.27,103.27,104.27,6.0,/content/drive/MyDrive/SKANN_SSL/data/prototype_dataset/tensors/tensor_001399.npy,/content/drive/MyDrive/SKANN_SSL/data/prototype_dataset/waveforms/clip_001399.npy
1400,0,3,tanker,5,0.0,0.0,1.2889,6.4447,False,0.0,0,25.0,84.7,247.52,298.34,0.073022972068177,0.1456999842946586,0.1638294447725429,436.2207004091082,97.27,103.27,104.29,6.0,/content/drive/MyDrive/SKANN_SSL/data/prototype_dataset/tensors/tensor_001400.npy,/content/drive/MyDrive/SKANN_SSL/data/prototype_dataset/waveforms/clip_001400.npy
1401,1,3,tanker,5,0.0,0.0,1.4121,7.0604,False,0.0,0,25.0,187.14,220.28,0.0,0.073022972068177,0.1456999842946587,0.1620879661537445,438.7956562750476,97.27,103.27,104.2,6.0,/content/drive/MyDrive/SKANN_SSL/data/prototype_dataset/tensors/tensor_001401.npy,/content/drive/MyDrive/SKANN_SSL/data/prototype_dataset/waveforms/clip_001401.npy
1402,2,3,tanker,5,0.0,0.0,1.4249,7.1246,False,0.0,0,25.0,60.7,299.26,337.43,0.073022972068177,0.1456999842946587,0.1640269182047361,435.55406726492265,97.27,103.27,104.3,6.0,/content/drive/MyDrive/SKANN_SSL/data/prototype_dataset/tensors/tensor_001402.npy,/content/drive/MyDrive/SKANN_SSL/data/prototype_dataset/waveforms/clip_001402.npy
1403,3,3,tanker,5,0.0,0.0,1.171,5.855,False,0.0,0,25.0,395.08,53.9,0.0,0.073022972068177,0.1456999842946586,0.1619063652228122,438.9498908892466,97.27,103.27,104.19,6.0,/content/drive/MyDrive/SKANN_SSL/data/prototype_dataset/tensors/tensor_001403.npy,/content/drive/MyDrive/SKANN_SSL/data/prototype_dataset/waveforms/clip_001403.npy
1404,4,3,tanker,5,0.0,0.0,1.282,6.4101,False,0.0,0,25.0,462.4,149.86,0.0,0.073022972068177,0.1456999842946586,0.1633264980092617,438.4092360425556,97.27,103.27,104.26,6.0,/content/drive/MyDrive/SKANN_SSL/data/prototype_dataset/tensors/tensor_001404.npy,/content/drive/MyDrive/SKANN_SSL/data/prototype_dataset/waveforms/clip_001404.npy
1405,0,3,tanker,5,0.0,0.3333,1.0352,5.176,True,568.52,33,25.0,311.64,176.05,142.06,0.073022972068177,0.1456999842946587,0.161933707768727,439.28795077254864,97.27,103.27,104.19,6.0,/content/drive/MyDrive/SKANN_SSL/data/prototype_dataset/tensors/tensor_001405.npy,/content/drive/MyDrive/SKANN_SSL/data/prototype_dataset/waveforms/clip_001405.npy
1406,1,3,tanker,5,0.0,0.3333,1.2463,6.2315,True,467.97,39,25.0,441.28,265.01,0.0,0.073022972068177,0.1456999842946586,0.1634973705405669,437.30436421025325,97.27,103.27,104.27,6.0,/content/drive/MyDrive/SKANN_SSL/data/prototype_dataset/tensors/tensor_001406.npy,/content/drive/MyDrive/SKANN_SSL/data/prototype_dataset/waveforms/clip_001406.npy
1407,2,3,tanker,5,0.0,0.3333,1.4474,7.2368,True,549.55,50,25.0,155.24,148.06,496.09,0.073022972068177,0.1456999842946586,0.162921569439054,437.06525047496586,97.27,103.27,104.24,6.0,/content/drive/MyDrive/SKANN_SSL/data/prototype_dataset/tensors/tensor_001407.npy,/content/drive/MyDrive/SKANN_SSL/data/prototype_dataset/waveforms/clip_001407.npy
1408,3,3,tanker,5,0.0,0.3333,1.1937,5.9683,True,490.42,41,25.0,146.5,276.27,0.0,0.073022972068177,0.1456999842946586,0.1620369013737242,438.9176487885696,97.27,103.27,104.19,6.0,/content/drive/MyDrive/SKANN_SSL/data/prototype_dataset/tensors/tensor_001408.npy,/content/drive/MyDrive/SKANN_SSL/data/prototype_dataset/waveforms/clip_001408.npy
1409,4,3,tanker,5,0.0,0.3333,1.3734,6.8671,True,519.57,36,25.0,203.5,268.65,0.0,0.073022972068177,0.1456999842946586,0.162431026565024,439.3905441588952,97.27,103.27,104.21,6.0,/content/drive/MyDrive/SKANN_SSL/data/prototype_dataset/tensors/tensor_001409.npy,/content/drive/MyDrive/SKANN_SSL/data/prototype_dataset/waveforms/clip_001409.npy
1410,0,3,tanker,5,0.0,0.6667,1.044,5.2202,True,474.25,46,25.0,372.4,62.96,180.88,0.073022972068177,0.1456999842946587,0.1630765452519507,423.7551041977672,97.27,103.27,104.25,6.0,/content/drive/MyDrive/SKANN_SSL/data/prototype_dataset/tensors/tensor_001410.npy,/content/drive/MyDrive/SKANN_SSL/data/prototype_dataset/waveforms/clip_001410.npy
1411,1,3,tanker,5,0.0,0.6667,1.1106,5.553,True,440.27,65,25.0,131.02,284.02,364.74,0.073022972068177,0.1456999842946587,0.163397390739985,428.8152135812777,97.27,103.27,104.26,6.0,/content/drive/MyDrive/SKANN_SSL/data/prototype_dataset/tensors/tensor_001411.npy,/content/drive/MyDrive/SKANN_SSL/data/prototype_dataset/waveforms/clip_001411.npy
1412,2,3,tanker,5,0.0,0.6667,1.2569,6.2845,True,489.06,77,25.0,78.49,474.87,297.59,0.073022972068177,0.1456999842946586,0.16419003266156,432.3791828419877,97.27,103.27,104.31,6.0,/content/drive/MyDrive/SKANN_SSL/data/prototype_dataset/tensors/tensor_001412.npy,/content/drive/MyDrive/SKANN_SSL/data/prototype_dataset/waveforms/clip_001412.npy
1413,3,3,tanker,5,0.0,0.6667,1.2971,6.4854,True,499.22,75,25.0,265.01,446.83,0.0,0.073022972068177,0.1456999842946586,0.1625038817960991,432.7192448239465,97.27,103.27,104.22,6.0,/content/drive/MyDrive/SKANN_SSL/data/prototype_dataset/tensors/tensor_001413.npy,/content/drive/MyDrive/SKANN_SSL/data/prototype_dataset/waveforms/clip_001413.npy
1414,4,3,tanker,5,0.0,0.6667,1.2648,6.3241,True,468.84,62,25.0,157.83,70.53,0.0,0.073022972068177,0.1456999842946586,0.1633613631447587,426.67229711615767,97.27,103.27,104.26,6.0,/content/drive/MyDrive/SKANN_SSL/data/prototype_dataset/tensors/tensor_001414.npy,/content/drive/MyDrive/SKANN_SSL/data/prototype_dataset/waveforms/clip_001414.npy
1415,0,3,tanker,5,0.0,1.0,1.2239,6.1195,True,462.88,87,25.0,478.66,105.81,0.0,0.073022972068177,0.1456999842946586,0.1631363834416064,388.3806128210079,97.27,103.27,104.25,6.0,/content/drive/MyDrive/SKANN_SSL/data/prototype_dataset/tensors/tensor_001415.npy,/content/drive/MyDrive/SKANN_SSL/data/prototype_dataset/waveforms/clip_001415.npy
1416,1,3,tanker,5,0.0,1.0,1.2458,6.2289,True,540.11,74,25.0,152.16,335.8,138.77,0.073022972068177,0.1456999842946586,0.1630600278516189,405.2975858123417,97.27,103.27,104.25,6.0,/content/drive/MyDrive/SKANN_SSL/data/prototype_dataset/tensors/tensor_001416.npy,/content/drive/MyDrive/SKANN_SSL/data/prototype_dataset/waveforms/clip_001416.npy
1417,2,3,tanker,5,0.0,1.0,1.1457,5.7284,True,444.11,75,25.0,291.55,264.19,96.67,0.073022972068177,0.1456999842946587,0.1623934190095579,405.7284312034285,97.27,103.27,104.21,6.0,/content/drive/MyDrive/SKANN_SSL/data/prototype_dataset/tensors/tensor_001417.npy,/content/drive/MyDrive/SKANN_SSL/data/prototype_dataset/waveforms/clip_001417.npy
1418,3,3,tanker,5,0.0,1.0,1.4069,7.0346,True,504.5,91,25.0,145.66,427.82,0.0,0.073022972068177,0.1456999842946587,0.1640184003076764,389.65669791742926,97.27,103.27,104.3,6.0,/content/drive/MyDrive/SKANN_SSL/data/prototype_dataset/tensors/tensor_001418.npy,/content/drive/MyDrive/SKANN_SSL/data/prototype_dataset/waveforms/clip_001418.npy
1419,4,3,tanker,5,0.0,1.0,1.3388,6.6938,True,451.66,85,25.0,66.24,125.76,354.78,0.073022972068177,0.1456999842946586,0.1630532587293445,370.07897337793,97.27,103.27,104.25,6.0,/content/drive/MyDrive/SKANN_SSL/data/prototype_dataset/tensors/tensor_001419.npy,/content/drive/MyDrive/SKANN_SSL/data/prototype_dataset/waveforms/clip_001419.npy
1420,0,3,tanker,5,50.0,0.0,1.1775,5.8877,False,0.0,0,25.0,406.11,198.4,59.07,0.073022972068177,0.1456999842946586,0.1619284597106124,431.016099592909,97.27,103.27,104.19,6.0,/content/drive/MyDrive/SKANN_SSL/data/prototype_dataset/tensors/tensor_001420.npy,/content/drive/MyDrive/SKANN_SSL/data/prototype_dataset/waveforms/clip_001420.npy
1421,1,3,tanker,5,50.0,0.0,1.3396,6.6978,False,0.0,0,25.0,466.11,140.38,282.25,0.073022972068177,0.1456999842946586,0.1625446671025553,431.5193104123085,97.27,103.27,104.22,6.0,/content/drive/MyDrive/SKANN_SSL/data/prototype_dataset/tensors/tensor_001421.npy,/content/drive/MyDrive/SKANN_SSL/data/prototype_dataset/waveforms/clip_001421.npy
1422,2,3,tanker,5,50.0,0.0,1.2637,6.3184,False,0.0,0,25.0,63.49,217.76,0.0,0.073022972068177,0.1456999842946586,0.1628545145892467,430.4561140860621,97.27,103.27,104.24,6.0,/content/drive/MyDrive/SKANN_SSL/data/prototype_dataset/tensors/tensor_001422.npy,/content/drive/MyDrive/SKANN_SSL/data/prototype_dataset/waveforms/clip_001422.npy
1423,3,3,tanker,5,50.0,0.0,1.2549,6.2745,False,0.0,0,25.0,57.41,270.52,161.28,0.073022972068177,0.1456999842946586,0.1627134646598436,425.92615704294224,97.27,103.27,104.23,6.0,/content/drive/MyDrive/SKANN_SSL/data/prototype_dataset/tensors/tensor_001423.npy,/content/drive/MyDrive/SKANN_SSL/data/prototype_dataset/waveforms/clip_001423.npy
1424,4,3,tanker,5,50.0,0.0,1.1844,5.9219,False,0.0,0,25.0,97.28,304.21,0.0,0.073022972068177,0.1456999842946587,0.1622245777646281,431.5683696207717,97.27,103.27,104.2,6.0,/content/drive/MyDrive/SKANN_SSL/data/prototype_dataset/tensors/tensor_001424.npy,/content/drive/MyDrive/SKANN_SSL/data/prototype_dataset/waveforms/clip_001424.npy
1425,0,3,tanker,5,50.0,0.3333,1.3246,6.6232,True,457.3,43,25.0,471.13,145.88,0.0,0.073022972068177,0.1456999842946586,0.1621712406187237,432.0469417939994,97.27,103.27,104.2,6.0,/content/drive/MyDrive/SKANN_SSL/data/prototype_dataset/tensors/tensor_001425.npy,/content/drive/MyDrive/SKANN_SSL/data/prototype_dataset/waveforms/clip_001425.npy
1426,1,3,tanker,5,50.0,0.3333,1.0545,5.2725,True,503.82,25,25.0,89.72,138.54,320.88,0.073022972068177,0.1456999842946586,0.1617164604813381,430.2343322333769,97.27,103.27,104.18,6.0,/content/drive/MyDrive/SKANN_SSL/data/prototype_dataset/tensors/tensor_001426.npy,/content/drive/MyDrive/SKANN_SSL/data/prototype_dataset/waveforms/clip_001426.npy
1427,2,3,tanker,5,50.0,0.3333,1.0077,5.0383,True,489.43,33,25.0,90.16,307.73,0.0,0.073022972068177,0.1456999842946587,0.1634477541328812,430.1880086206294,97.27,103.27,104.27,6.0,/content/drive/MyDrive/SKANN_SSL/data/prototype_dataset/tensors/tensor_001427.npy,/content/drive/MyDrive/SKANN_SSL/data/prototype_dataset/waveforms/clip_001427.npy
1428,3,3,tanker,5,50.0,0.3333,1.4365,7.1827,True,510.26,45,25.0,245.41,399.89,0.0,0.073022972068177,0.1456999842946586,0.1629859224286275,429.1382502064376,97.27,103.27,104.24,6.0,/content/drive/MyDrive/SKANN_SSL/data/prototype_dataset/tensors/tensor_001428.npy,/content/drive/MyDrive/SKANN_SSL/data/prototype_dataset/waveforms/clip_001428.npy
1429,4,3,tanker,5,50.0,0.3333,1.0813,5.4067,True,461.28,27,25.0,146.31,200.42,384.85,0.073022972068177,0.1456999842946586,0.162938705960463,429.41040837695454,97.27,103.27,104.24,6.0,/content/drive/MyDrive/SKANN_SSL/data/prototype_dataset/tensors/tensor_001429.npy,/content/drive/MyDrive/SKANN_SSL/data/prototype_dataset/waveforms/clip_001429.npy
1430,0,3,tanker,5,50.0,0.6667,1.0176,5.0879,True,504.09,51,25.0,326.41,167.5,107.35,0.073022972068177,0.1456999842946586,0.1627996045268598,420.7000314322696,97.27,103.27,104.23,6.0,/content/drive/MyDrive/SKANN_SSL/data/prototype_dataset/tensors/tensor_001430.npy,/content/drive/MyDrive/SKANN_SSL/data/prototype_dataset/waveforms/clip_001430.npy
1431,1,3,tanker,5,50.0,0.6667,1.3231,6.6155,True,483.56,72,25.0,134.54,270.93,224.49,0.073022972068177,0.1456999842946587,0.1631929093145112,422.4557059584064,97.27,103.27,104.25,6.0,/content/drive/MyDrive/SKANN_SSL/data/prototype_dataset/tensors/tensor_001431.npy,/content/drive/MyDrive/SKANN_SSL/data/prototype_dataset/waveforms/clip_001431.npy
1432,2,3,tanker,5,50.0,0.6667,1.374,6.8702,True,449.1,75,25.0,431.77,58.67,257.76,0.073022972068177,0.1456999842946586,0.162041169638151,421.1286769620985,97.27,103.27,104.19,6.0,/content/drive/MyDrive/SKANN_SSL/data/prototype_dataset/tensors/tensor_001432.npy,/content/drive/MyDrive/SKANN_SSL/data/prototype_dataset/waveforms/clip_001432.npy
1433,3,3,tanker,5,50.0,0.6667,1.3746,6.8728,True,451.39,74,25.0,58.27,293.89,193.16,0.073022972068177,0.1456999842946586,0.1636631439831443,402.68118075027553,97.27,103.27,104.28,6.0,/content/drive/MyDrive/SKANN_SSL/data/prototype_dataset/tensors/tensor_001433.npy,/content/drive/MyDrive/SKANN_SSL/data/prototype_dataset/waveforms/clip_001433.npy
1434,4,3,tanker,5,50.0,0.6667,1.4615,7.3074,True,445.18,86,25.0,286.49,113.48,0.0,0.073022972068177,0.1456999842946586,0.1619083131966446,422.0490100501391,97.27,103.27,104.19,6.0,/content/drive/MyDrive/SKANN_SSL/data/prototype_dataset/tensors/tensor_001434.npy,/content/drive/MyDrive/SKANN_SSL/data/prototype_dataset/waveforms/clip_001434.npy
1435,0,3,tanker,5,50.0,1.0,1.4136,7.068,True,475.98,98,25.0,261.95,118.12,231.84,0.073022972068177,0.1456999842946586,0.1620090501976224,356.5254743034725,97.27,103.27,104.19,6.0,/content/drive/MyDrive/SKANN_SSL/data/prototype_dataset/tensors/tensor_001435.npy,/content/drive/MyDrive/SKANN_SSL/data/prototype_dataset/waveforms/clip_001435.npy
1436,1,3,tanker,5,50.0,1.0,1.1479,5.7397,True,540.66,96,25.0,141.04,367.58,0.0,0.073022972068177,0.1456999842946586,0.1617784015678842,410.6708978079159,97.27,103.27,104.18,6.0,/content/drive/MyDrive/SKANN_SSL/data/prototype_dataset/tensors/tensor_001436.npy,/content/drive/MyDrive/SKANN_SSL/data/prototype_dataset/waveforms/clip_001436.npy
1437,2,3,tanker,5,50.0,1.0,1.3687,6.8435,True,470.08,95,25.0,459.52,134.54,148.74,0.073022972068177,0.1456999842946587,0.1627471099286666,374.3200267388572,97.27,103.27,104.23,6.0,/content/drive/MyDrive/SKANN_SSL/data/prototype_dataset/tensors/tensor_001437.npy,/content/drive/MyDrive/SKANN_SSL/data/prototype_dataset/waveforms/clip_001437.npy
1438,3,3,tanker,5,50.0,1.0,1.0391,5.1955,True,493.84,77,25.0,212.31,81.07,396.67,0.073022972068177,0.1456999842946586,0.1633904716114886,372.5812376948822,97.27,103.27,104.26,6.0,/content/drive/MyDrive/SKANN_SSL/data/prototype_dataset/tensors/tensor_001438.npy,/content/drive/MyDrive/SKANN_SSL/data/prototype_dataset/waveforms/clip_001438.npy
1439,4,3,tanker,5,50.0,1.0,1.3023,6.5116,True,464.42,92,25.0,84.97,280.12,224.58,0.073022972068177,0.1456999842946587,0.1633042837987673,413.603538466095,97.27,103.27,104.26,6.0,/content/drive/MyDrive/SKANN_SSL/data/prototype_dataset/tensors/tensor_001439.npy,/content/drive/MyDrive/SKANN_SSL/data/prototype_dataset/waveforms/clip_001439.npy
1440,0,6,small_craft,3,0.0,0.0,27.6199,82.8596,False,0.0,0,25.0,133.88,494.21,0.0,0.1538172291627195,0.3069057207413063,0.3430951056723123,1000.0289336003228,103.74,109.74,110.71,6.0,/content/drive/MyDrive/SKANN_SSL/data/prototype_dataset/tensors/tensor_001440.npy,/content/drive/MyDrive/SKANN_SSL/data/prototype_dataset/waveforms/clip_001440.npy
1441,1,6,small_craft,3,0.0,0.0,29.5032,88.5096,False,0.0,0,25.0,427.39,244.73,92.89,0.1538172291627195,0.3069057207413063,0.3446388305678823,995.99288311914,103.74,109.74,110.75,6.0,/content/drive/MyDrive/SKANN_SSL/data/prototype_dataset/tensors/tensor_001441.npy,/content/drive/MyDrive/SKANN_SSL/data/prototype_dataset/waveforms/clip_001441.npy
1442,2,6,small_craft,3,0.0,0.0,16.0746,48.2237,False,0.0,0,25.0,452.1,247.06,145.63,0.1538172291627195,0.3069057207413064,0.3410976104575623,996.4632765498436,103.74,109.74,110.66,6.0,/content/drive/MyDrive/SKANN_SSL/data/prototype_dataset/tensors/tensor_001442.npy,/content/drive/MyDrive/SKANN_SSL/data/prototype_dataset/waveforms/clip_001442.npy
1443,3,6,small_craft,3,0.0,0.0,28.2836,84.8508,False,0.0,0,25.0,132.43,134.85,0.0,0.1538172291627195,0.3069057207413064,0.3452659832221598,998.5375295091346,103.74,109.74,110.76,6.0,/content/drive/MyDrive/SKANN_SSL/data/prototype_dataset/tensors/tensor_001443.npy,/content/drive/MyDrive/SKANN_SSL/data/prototype_dataset/waveforms/clip_001443.npy
1444,4,6,small_craft,3,0.0,0.0,26.1701,78.5104,False,0.0,0,25.0,459.95,123.47,0.0,0.1538172291627195,0.3069057207413063,0.3435342966029012,998.3645998430982,103.74,109.74,110.72,6.0,/content/drive/MyDrive/SKANN_SSL/data/prototype_dataset/tensors/tensor_001444.npy,/content/drive/MyDrive/SKANN_SSL/data/prototype_dataset/waveforms/clip_001444.npy
1445,0,6,small_craft,3,0.0,0.3333,21.365,64.095,True,6119.39,380,25.0,251.59,70.41,0.0,0.1538172291627195,0.3069057207413064,0.3412335767779241,990.3098418526704,103.74,109.74,110.66,6.0,/content/drive/MyDrive/SKANN_SSL/data/prototype_dataset/tensors/tensor_001445.npy,/content/drive/MyDrive/SKANN_SSL/data/prototype_dataset/waveforms/clip_001445.npy
1446,1,6,small_craft,3,0.0,0.3333,20.9554,62.8661,True,6001.13,379,25.0,295.47,475.16,143.06,0.1538172291627195,0.3069057207413063,0.3415871016448442,991.7425348568692,103.74,109.74,110.67,6.0,/content/drive/MyDrive/SKANN_SSL/data/prototype_dataset/tensors/tensor_001446.npy,/content/drive/MyDrive/SKANN_SSL/data/prototype_dataset/waveforms/clip_001446.npy
1447,2,6,small_craft,3,0.0,0.3333,20.9005,62.7016,True,5922.16,386,25.0,136.39,260.41,0.0,0.1538172291627195,0.3069057207413064,0.340663690627235,986.9167045595444,103.74,109.74,110.65,6.0,/content/drive/MyDrive/SKANN_SSL/data/prototype_dataset/tensors/tensor_001447.npy,/content/drive/MyDrive/SKANN_SSL/data/prototype_dataset/waveforms/clip_001447.npy
1448,3,6,small_craft,3,0.0,0.3333,27.6949,83.0846,True,6144.53,500,25.0,427.76,202.44,0.0,0.1538172291627195,0.3069057207413063,0.3429057784026595,994.1990494523812,103.74,109.74,110.7,6.0,/content/drive/MyDrive/SKANN_SSL/data/prototype_dataset/tensors/tensor_001448.npy,/content/drive/MyDrive/SKANN_SSL/data/prototype_dataset/waveforms/clip_001448.npy
1449,4,6,small_craft,3,0.0,0.3333,16.4497,49.3492,True,6161.83,291,25.0,83.64,282.06,0.0,0.1538172291627195,0.3069057207413064,0.3437413998379581,994.7058960657798,103.74,109.74,110.72,6.0,/content/drive/MyDrive/SKANN_SSL/data/prototype_dataset/tensors/tensor_001449.npy,/content/drive/MyDrive/SKANN_SSL/data/prototype_dataset/waveforms/clip_001449.npy
1450,0,6,small_craft,3,0.0,0.6667,15.3376,46.0129,True,6249.95,494,25.0,185.05,87.4,460.43,0.1538172291627195,0.3069057207413063,0.342592139730043,851.5114903975532,103.74,109.74,110.7,6.0,/content/drive/MyDrive/SKANN_SSL/data/prototype_dataset/tensors/tensor_001450.npy,/content/drive/MyDrive/SKANN_SSL/data/prototype_dataset/waveforms/clip_001450.npy
1451,1,6,small_craft,3,0.0,0.6667,15.1729,45.5186,True,6103.7,484,25.0,449.57,279.91,0.0,0.1538172291627195,0.3069057207413064,0.3474453441435917,854.4908297027266,103.74,109.74,110.82,6.0,/content/drive/MyDrive/SKANN_SSL/data/prototype_dataset/tensors/tensor_001451.npy,/content/drive/MyDrive/SKANN_SSL/data/prototype_dataset/waveforms/clip_001451.npy
1452,2,6,small_craft,3,0.0,0.6667,28.9935,86.9806,True,5955.65,954,25.0,486.12,176.3,56.46,0.1538172291627195,0.3069057207413064,0.3415346675399276,728.4731690360215,103.74,109.74,110.67,6.0,/content/drive/MyDrive/SKANN_SSL/data/prototype_dataset/tensors/tensor_001452.npy,/content/drive/MyDrive/SKANN_SSL/data/prototype_dataset/waveforms/clip_001452.npy
1453,3,6,small_craft,3,0.0,0.6667,16.8754,50.6262,True,6086.37,563,25.0,144.04,190.38,0.0,0.1538172291627195,0.3069057207413063,0.3435798610552384,838.7630210137817,103.74,109.74,110.72,6.0,/content/drive/MyDrive/SKANN_SSL/data/prototype_dataset/tensors/tensor_001453.npy,/content/drive/MyDrive/SKANN_SSL/data/prototype_dataset/waveforms/clip_001453.npy
1454,4,6,small_craft,3,0.0,0.6667,23.103,69.3089,True,5911.52,774,25.0,134.45,223.31,0.0,0.1538172291627195,0.3069057207413064,0.3448723520941289,768.1529901712922,103.74,109.74,110.75,6.0,/content/drive/MyDrive/SKANN_SSL/data/prototype_dataset/tensors/tensor_001454.npy,/content/drive/MyDrive/SKANN_SSL/data/prototype_dataset/waveforms/clip_001454.npy
1455,0,6,small_craft,3,0.0,1.0,19.0497,57.149,True,6073.82,842,25.0,119.85,393.18,112.61,0.1538172291627195,0.3069057207413063,0.3436952830256893,613.7399315515554,103.74,109.74,110.72,6.0,/content/drive/MyDrive/SKANN_SSL/data/prototype_dataset/tensors/tensor_001455.npy,/content/drive/MyDrive/SKANN_SSL/data/prototype_dataset/waveforms/clip_001455.npy
1456,1,6,small_craft,3,0.0,1.0,22.2908,66.8723,True,5985.42,989,25.0,220.89,143.19,370.34,0.1538172291627195,0.3069057207413063,0.3424167146913673,594.2847397704401,103.74,109.74,110.69,6.0,/content/drive/MyDrive/SKANN_SSL/data/prototype_dataset/tensors/tensor_001456.npy,/content/drive/MyDrive/SKANN_SSL/data/prototype_dataset/waveforms/clip_001456.npy
1457,2,6,small_craft,3,0.0,1.0,27.9904,83.9711,True,6005.94,1272,25.0,397.96,170.61,84.88,0.1538172291627195,0.3069057207413063,0.3443271385808383,502.687943664407,103.74,109.74,110.74,6.0,/content/drive/MyDrive/SKANN_SSL/data/prototype_dataset/tensors/tensor_001457.npy,/content/drive/MyDrive/SKANN_SSL/data/prototype_dataset/waveforms/clip_001457.npy
1458,3,6,small_craft,3,0.0,1.0,23.7426,71.2278,True,6036.02,1064,25.0,376.13,249.38,0.0,0.1538172291627195,0.3069057207413064,0.343586240350226,516.5755353065879,103.74,109.74,110.72,6.0,/content/drive/MyDrive/SKANN_SSL/data/prototype_dataset/tensors/tensor_001458.npy,/content/drive/MyDrive/SKANN_SSL/data/prototype_dataset/waveforms/clip_001458.npy
1459,4,6,small_craft,3,0.0,1.0,26.8704,80.6113,True,6031.8,1231,25.0,305.64,145.72,231.57,0.1538172291627195,0.3069057207413063,0.343174223908722,407.9428425280988,103.74,109.74,110.71,6.0,/content/drive/MyDrive/SKANN_SSL/data/prototype_dataset/tensors/tensor_001459.npy,/content/drive/MyDrive/SKANN_SSL/data/prototype_dataset/waveforms/clip_001459.npy
1460,0,6,small_craft,3,50.0,0.0,15.0396,45.1189,False,0.0,0,25.0,61.04,462.91,201.01,0.1538172291627195,0.3069057207413063,0.341328896923979,975.452667348033,103.74,109.74,110.66,6.0,/content/drive/MyDrive/SKANN_SSL/data/prototype_dataset/tensors/tensor_001460.npy,/content/drive/MyDrive/SKANN_SSL/data/prototype_dataset/waveforms/clip_001460.npy
1461,1,6,small_craft,3,50.0,0.0,29.8682,89.6045,False,0.0,0,25.0,117.84,282.72,0.0,0.1538172291627195,0.3069057207413063,0.344092294457653,980.5724671956416,103.74,109.74,110.73,6.0,/content/drive/MyDrive/SKANN_SSL/data/prototype_dataset/tensors/tensor_001461.npy,/content/drive/MyDrive/SKANN_SSL/data/prototype_dataset/waveforms/clip_001461.npy
1462,2,6,small_craft,3,50.0,0.0,24.2148,72.6445,False,0.0,0,25.0,402.24,126.1,0.0,0.1538172291627195,0.3069057207413063,0.3425758739699426,977.6231591901776,103.74,109.74,110.7,6.0,/content/drive/MyDrive/SKANN_SSL/data/prototype_dataset/tensors/tensor_001462.npy,/content/drive/MyDrive/SKANN_SSL/data/prototype_dataset/waveforms/clip_001462.npy
1463,3,6,small_craft,3,50.0,0.0,17.5605,52.6815,False,0.0,0,25.0,97.95,304.08,0.0,0.1538172291627195,0.3069057207413063,0.343114072320661,979.3121059866356,103.74,109.74,110.71,6.0,/content/drive/MyDrive/SKANN_SSL/data/prototype_dataset/tensors/tensor_001463.npy,/content/drive/MyDrive/SKANN_SSL/data/prototype_dataset/waveforms/clip_001463.npy
1464,4,6,small_craft,3,50.0,0.0,21.3409,64.0227,False,0.0,0,25.0,227.73,85.64,0.0,0.1538172291627195,0.3069057207413063,0.3450108294052841,977.4367190847772,103.74,109.74,110.76,6.0,/content/drive/MyDrive/SKANN_SSL/data/prototype_dataset/tensors/tensor_001464.npy,/content/drive/MyDrive/SKANN_SSL/data/prototype_dataset/waveforms/clip_001464.npy
1465,0,6,small_craft,3,50.0,0.3333,18.1632,54.4895,True,6208.04,314,25.0,73.38,237.97,0.0,0.1538172291627195,0.3069057207413064,0.3414988894102347,970.4658724191444,103.74,109.74,110.67,6.0,/content/drive/MyDrive/SKANN_SSL/data/prototype_dataset/tensors/tensor_001465.npy,/content/drive/MyDrive/SKANN_SSL/data/prototype_dataset/waveforms/clip_001465.npy
1466,1,6,small_craft,3,50.0,0.3333,20.8284,62.4851,True,6057.37,382,25.0,445.65,183.76,0.0,0.1538172291627195,0.3069057207413064,0.3440682137184472,974.1144962398236,103.74,109.74,110.73,6.0,/content/drive/MyDrive/SKANN_SSL/data/prototype_dataset/tensors/tensor_001466.npy,/content/drive/MyDrive/SKANN_SSL/data/prototype_dataset/waveforms/clip_001466.npy
1467,2,6,small_craft,3,50.0,0.3333,20.7248,62.1745,True,6018.43,340,25.0,279.22,459.43,0.0,0.1538172291627195,0.3069057207413063,0.3451174580110452,976.4459694109188,103.74,109.74,110.76,6.0,/content/drive/MyDrive/SKANN_SSL/data/prototype_dataset/tensors/tensor_001467.npy,/content/drive/MyDrive/SKANN_SSL/data/prototype_dataset/waveforms/clip_001467.npy
1468,3,6,small_craft,3,50.0,0.3333,19.5022,58.5067,True,5981.86,353,25.0,408.41,121.79,51.03,0.1538172291627195,0.3069057207413063,0.3449021822004284,973.406449592986,103.74,109.74,110.75,6.0,/content/drive/MyDrive/SKANN_SSL/data/prototype_dataset/tensors/tensor_001468.npy,/content/drive/MyDrive/SKANN_SSL/data/prototype_dataset/waveforms/clip_001468.npy
1469,4,6,small_craft,3,50.0,0.3333,20.913,62.739,True,6004.31,359,25.0,330.8,144.99,0.0,0.1538172291627195,0.3069057207413063,0.342192994493043,971.4155830632336,103.74,109.74,110.69,6.0,/content/drive/MyDrive/SKANN_SSL/data/prototype_dataset/tensors/tensor_001469.npy,/content/drive/MyDrive/SKANN_SSL/data/prototype_dataset/waveforms/clip_001469.npy
1470,0,6,small_craft,3,50.0,0.6667,23.5601,70.6803,True,5974.45,752,25.0,297.5,92.97,259.75,0.1538172291627195,0.3069057207413063,0.3452931080111215,799.6229762662416,103.74,109.74,110.76,6.0,/content/drive/MyDrive/SKANN_SSL/data/prototype_dataset/tensors/tensor_001470.npy,/content/drive/MyDrive/SKANN_SSL/data/prototype_dataset/waveforms/clip_001470.npy
1471,1,6,small_craft,3,50.0,0.6667,20.3075,60.9226,True,6138.86,688,25.0,136.74,147.97,0.0,0.1538172291627195,0.3069057207413063,0.3416238484674246,821.2738588408112,103.74,109.74,110.67,6.0,/content/drive/MyDrive/SKANN_SSL/data/prototype_dataset/tensors/tensor_001471.npy,/content/drive/MyDrive/SKANN_SSL/data/prototype_dataset/waveforms/clip_001471.npy
1472,2,6,small_craft,3,50.0,0.6667,27.9522,83.8565,True,6065.84,970,25.0,93.98,469.49,0.0,0.1538172291627195,0.3069057207413063,0.343610759395599,838.3705683096989,103.74,109.74,110.72,6.0,/content/drive/MyDrive/SKANN_SSL/data/prototype_dataset/tensors/tensor_001472.npy,/content/drive/MyDrive/SKANN_SSL/data/prototype_dataset/waveforms/clip_001472.npy
1473,3,6,small_craft,3,50.0,0.6667,18.1492,54.4475,True,6045.73,573,25.0,367.45,178.06,0.0,0.1538172291627195,0.3069057207413064,0.3444724210690545,850.6968978166477,103.74,109.74,110.74,6.0,/content/drive/MyDrive/SKANN_SSL/data/prototype_dataset/tensors/tensor_001473.npy,/content/drive/MyDrive/SKANN_SSL/data/prototype_dataset/waveforms/clip_001473.npy
1474,4,6,small_craft,3,50.0,0.6667,19.9356,59.8068,True,5969.51,668,25.0,202.78,265.32,73.11,0.1538172291627195,0.3069057207413063,0.3437570303529214,805.9921880309424,103.74,109.74,110.73,6.0,/content/drive/MyDrive/SKANN_SSL/data/prototype_dataset/tensors/tensor_001474.npy,/content/drive/MyDrive/SKANN_SSL/data/prototype_dataset/waveforms/clip_001474.npy
1475,0,6,small_craft,3,50.0,1.0,20.1422,60.4267,True,6062.98,885,25.0,68.25,282.73,0.0,0.1538172291627195,0.3069057207413063,0.341155833158956,601.0720874120053,103.74,109.74,110.66,6.0,/content/drive/MyDrive/SKANN_SSL/data/prototype_dataset/tensors/tensor_001475.npy,/content/drive/MyDrive/SKANN_SSL/data/prototype_dataset/waveforms/clip_001475.npy
1476,1,6,small_craft,3,50.0,1.0,23.6495,70.9485,True,6148.32,1094,25.0,334.42,245.21,0.0,0.1538172291627195,0.3069057207413063,0.3435259059664831,579.6280708664117,103.74,109.74,110.72,6.0,/content/drive/MyDrive/SKANN_SSL/data/prototype_dataset/tensors/tensor_001476.npy,/content/drive/MyDrive/SKANN_SSL/data/prototype_dataset/waveforms/clip_001476.npy
1477,2,6,small_craft,3,50.0,1.0,21.6206,64.8619,True,6023.24,937,25.0,72.35,309.63,0.0,0.1538172291627195,0.3069057207413064,0.3415740507809259,574.5679629231327,103.74,109.74,110.67,6.0,/content/drive/MyDrive/SKANN_SSL/data/prototype_dataset/tensors/tensor_001477.npy,/content/drive/MyDrive/SKANN_SSL/data/prototype_dataset/waveforms/clip_001477.npy
1478,3,6,small_craft,3,50.0,1.0,22.1465,66.4395,True,6048.58,989,25.0,84.95,147.87,0.0,0.1538172291627195,0.3069057207413063,0.3445705712963783,432.2648206392036,103.74,109.74,110.75,6.0,/content/drive/MyDrive/SKANN_SSL/data/prototype_dataset/tensors/tensor_001478.npy,/content/drive/MyDrive/SKANN_SSL/data/prototype_dataset/waveforms/clip_001478.npy
1479,4,6,small_craft,3,50.0,1.0,15.8213,47.464,True,6010.65,685,25.0,105.95,331.18,126.43,0.1538172291627195,0.3069057207413063,0.3421101178467179,513.093931201343,103.74,109.74,110.68,6.0,/content/drive/MyDrive/SKANN_SSL/data/prototype_dataset/tensors/tensor_001479.npy,/content/drive/MyDrive/SKANN_SSL/data/prototype_dataset/waveforms/clip_001479.npy
1480,0,6,small_craft,4,0.0,0.0,21.3852,85.5409,False,0.0,0,25.0,480.48,268.7,99.97,0.1538172291627195,0.3069057207413063,0.3411497571895984,1008.394966525634,103.74,109.74,110.66,6.0,/content/drive/MyDrive/SKANN_SSL/data/prototype_dataset/tensors/tensor_001480.npy,/content/drive/MyDrive/SKANN_SSL/data/prototype_dataset/waveforms/clip_001480.npy
1481,1,6,small_craft,4,0.0,0.0,23.3848,93.5394,False,0.0,0,25.0,325.68,138.25,247.84,0.1538172291627195,0.3069057207413063,0.3449176878744224,1012.9682196452728,103.74,109.74,110.75,6.0,/content/drive/MyDrive/SKANN_SSL/data/prototype_dataset/tensors/tensor_001481.npy,/content/drive/MyDrive/SKANN_SSL/data/prototype_dataset/waveforms/clip_001481.npy
1482,2,6,small_craft,4,0.0,0.0,23.5958,94.383,False,0.0,0,25.0,145.51,109.27,0.0,0.1538172291627195,0.3069057207413064,0.3417984388003613,1012.3993241229488,103.74,109.74,110.68,6.0,/content/drive/MyDrive/SKANN_SSL/data/prototype_dataset/tensors/tensor_001482.npy,/content/drive/MyDrive/SKANN_SSL/data/prototype_dataset/waveforms/clip_001482.npy
1483,3,6,small_craft,4,0.0,0.0,27.4733,109.8933,False,0.0,0,25.0,286.52,304.8,120.78,0.1538172291627195,0.3069057207413064,0.3428334106339066,1010.4802780999156,103.74,109.74,110.7,6.0,/content/drive/MyDrive/SKANN_SSL/data/prototype_dataset/tensors/tensor_001483.npy,/content/drive/MyDrive/SKANN_SSL/data/prototype_dataset/waveforms/clip_001483.npy
1484,4,6,small_craft,4,0.0,0.0,18.9052,75.6206,False,0.0,0,25.0,107.31,445.22,67.73,0.1538172291627195,0.3069057207413064,0.3460249925685759,1010.5394918415948,103.74,109.74,110.78,6.0,/content/drive/MyDrive/SKANN_SSL/data/prototype_dataset/tensors/tensor_001484.npy,/content/drive/MyDrive/SKANN_SSL/data/prototype_dataset/waveforms/clip_001484.npy
1485,0,6,small_craft,4,0.0,0.3333,27.1104,108.4415,True,5937.44,652,25.0,77.3,334.85,216.13,0.1538172291627195,0.3069057207413063,0.3426072418419539,990.2409273601534,103.74,109.74,110.7,6.0,/content/drive/MyDrive/SKANN_SSL/data/prototype_dataset/tensors/tensor_001485.npy,/content/drive/MyDrive/SKANN_SSL/data/prototype_dataset/waveforms/clip_001485.npy
1486,1,6,small_craft,4,0.0,0.3333,27.611,110.4439,True,6168.11,635,25.0,69.52,251.85,249.51,0.1538172291627195,0.3069057207413064,0.3425582549631017,989.6532914566704,103.74,109.74,110.69,6.0,/content/drive/MyDrive/SKANN_SSL/data/prototype_dataset/tensors/tensor_001486.npy,/content/drive/MyDrive/SKANN_SSL/data/prototype_dataset/waveforms/clip_001486.npy
1487,2,6,small_craft,4,0.0,0.3333,23.4633,93.8531,True,5906.12,536,25.0,143.61,245.47,0.0,0.1538172291627195,0.3069057207413063,0.3461471447879551,1002.6530600097748,103.74,109.74,110.79,6.0,/content/drive/MyDrive/SKANN_SSL/data/prototype_dataset/tensors/tensor_001487.npy,/content/drive/MyDrive/SKANN_SSL/data/prototype_dataset/waveforms/clip_001487.npy
1488,3,6,small_craft,4,0.0,0.3333,24.0939,96.3756,True,5779.16,560,25.0,73.02,258.93,108.69,0.1538172291627195,0.3069057207413063,0.3420148341385736,1000.6991610023224,103.74,109.74,110.68,6.0,/content/drive/MyDrive/SKANN_SSL/data/prototype_dataset/tensors/tensor_001488.npy,/content/drive/MyDrive/SKANN_SSL/data/prototype_dataset/waveforms/clip_001488.npy
1489,4,6,small_craft,4,0.0,0.3333,21.793,87.1722,True,6188.02,511,25.0,310.35,219.69,112.02,0.1538172291627195,0.3069057207413063,0.3457464672265673,1003.2327258640056,103.74,109.74,110.78,6.0,/content/drive/MyDrive/SKANN_SSL/data/prototype_dataset/tensors/tensor_001489.npy,/content/drive/MyDrive/SKANN_SSL/data/prototype_dataset/waveforms/clip_001489.npy
1490,0,6,small_craft,4,0.0,0.6667,24.6617,98.6469,True,6096.42,1066,25.0,139.6,289.26,0.0,0.1538172291627195,0.3069057207413063,0.3448342167321306,759.1126546895421,103.74,109.74,110.75,6.0,/content/drive/MyDrive/SKANN_SSL/data/prototype_dataset/tensors/tensor_001490.npy,/content/drive/MyDrive/SKANN_SSL/data/prototype_dataset/waveforms/clip_001490.npy
1491,1,6,small_craft,4,0.0,0.6667,26.5169,106.0676,True,6030.11,1141,25.0,285.62,117.66,423.87,0.1538172291627195,0.3069057207413063,0.3446379965673535,802.2484691468798,103.74,109.74,110.75,6.0,/content/drive/MyDrive/SKANN_SSL/data/prototype_dataset/tensors/tensor_001491.npy,/content/drive/MyDrive/SKANN_SSL/data/prototype_dataset/waveforms/clip_001491.npy
1492,2,6,small_craft,4,0.0,0.6667,22.4622,89.8488,True,6073.58,1026,25.0,76.6,224.86,0.0,0.1538172291627195,0.3069057207413064,0.345517190882485,766.1229820589741,103.74,109.74,110.77,6.0,/content/drive/MyDrive/SKANN_SSL/data/prototype_dataset/tensors/tensor_001492.npy,/content/drive/MyDrive/SKANN_SSL/data/prototype_dataset/waveforms/clip_001492.npy
1493,3,6,small_craft,4,0.0,0.6667,23.0495,92.198,True,6003.81,991,25.0,470.6,108.06,0.0,0.1538172291627195,0.3069057207413063,0.34066221069318,753.0308110441542,103.74,109.74,110.65,6.0,/content/drive/MyDrive/SKANN_SSL/data/prototype_dataset/tensors/tensor_001493.npy,/content/drive/MyDrive/SKANN_SSL/data/prototype_dataset/waveforms/clip_001493.npy
1494,4,6,small_craft,4,0.0,0.6667,17.4369,69.7476,True,5915.69,780,25.0,332.12,199.31,0.0,0.1538172291627195,0.3069057207413063,0.3434788299365846,876.9044723732031,103.74,109.74,110.72,6.0,/content/drive/MyDrive/SKANN_SSL/data/prototype_dataset/tensors/tensor_001494.npy,/content/drive/MyDrive/SKANN_SSL/data/prototype_dataset/waveforms/clip_001494.npy
1495,0,6,small_craft,4,0.0,1.0,17.058,68.232,True,5975.71,1042,25.0,231.58,134.42,0.0,0.1538172291627195,0.3069057207413064,0.3446763988562346,458.76161777749127,103.74,109.74,110.75,6.0,/content/drive/MyDrive/SKANN_SSL/data/prototype_dataset/tensors/tensor_001495.npy,/content/drive/MyDrive/SKANN_SSL/data/prototype_dataset/waveforms/clip_001495.npy
1496,1,6,small_craft,4,0.0,1.0,21.8345,87.3381,True,5969.12,1382,25.0,447.27,72.95,144.33,0.1538172291627195,0.3069057207413063,0.3424169015885716,418.630556847521,103.74,109.74,110.69,6.0,/content/drive/MyDrive/SKANN_SSL/data/prototype_dataset/tensors/tensor_001496.npy,/content/drive/MyDrive/SKANN_SSL/data/prototype_dataset/waveforms/clip_001496.npy
1497,2,6,small_craft,4,0.0,1.0,15.046,60.1839,True,6077.42,923,25.0,485.61,140.54,0.0,0.1538172291627195,0.3069057207413063,0.3433276415988334,458.7396229875243,103.74,109.74,110.71,6.0,/content/drive/MyDrive/SKANN_SSL/data/prototype_dataset/tensors/tensor_001497.npy,/content/drive/MyDrive/SKANN_SSL/data/prototype_dataset/waveforms/clip_001497.npy
1498,3,6,small_craft,4,0.0,1.0,23.5793,94.317,True,5958.45,1435,25.0,279.45,167.41,134.63,0.1538172291627195,0.3069057207413064,0.3441255058821136,444.4970955233588,103.74,109.74,110.73,6.0,/content/drive/MyDrive/SKANN_SSL/data/prototype_dataset/tensors/tensor_001498.npy,/content/drive/MyDrive/SKANN_SSL/data/prototype_dataset/waveforms/clip_001498.npy
1499,4,6,small_craft,4,0.0,1.0,19.7512,79.0048,True,5987.58,1201,25.0,213.97,56.47,176.26,0.1538172291627195,0.3069057207413063,0.3432409928440294,493.4357365163388,103.74,109.74,110.71,6.0,/content/drive/MyDrive/SKANN_SSL/data/prototype_dataset/tensors/tensor_001499.npy,/content/drive/MyDrive/SKANN_SSL/data/prototype_dataset/waveforms/clip_001499.npy
1500,0,6,small_craft,4,50.0,0.0,24.1295,96.518,False,0.0,0,25.0,484.95,137.2,85.04,0.1538172291627195,0.3069057207413064,0.3405577891847193,985.7302659136768,103.74,109.74,110.64,6.0,/content/drive/MyDrive/SKANN_SSL/data/prototype_dataset/tensors/tensor_001500.npy,/content/drive/MyDrive/SKANN_SSL/data/prototype_dataset/waveforms/clip_001500.npy
1501,1,6,small_craft,4,50.0,0.0,29.99,119.9599,False,0.0,0,25.0,226.84,66.1,307.88,0.1538172291627195,0.3069057207413063,0.3472263621207725,986.3497301755403,103.74,109.74,110.81,6.0,/content/drive/MyDrive/SKANN_SSL/data/prototype_dataset/tensors/tensor_001501.npy,/content/drive/MyDrive/SKANN_SSL/data/prototype_dataset/waveforms/clip_001501.npy
1502,2,6,small_craft,4,50.0,0.0,28.1759,112.7035,False,0.0,0,25.0,149.93,257.49,0.0,0.1538172291627195,0.3069057207413063,0.3464214520690898,990.180591699414,103.74,109.74,110.79,6.0,/content/drive/MyDrive/SKANN_SSL/data/prototype_dataset/tensors/tensor_001502.npy,/content/drive/MyDrive/SKANN_SSL/data/prototype_dataset/waveforms/clip_001502.npy
1503,3,6,small_craft,4,50.0,0.0,27.4283,109.7133,False,0.0,0,25.0,264.63,58.96,237.14,0.1538172291627195,0.3069057207413063,0.3423819130448303,994.6302705397997,103.74,109.74,110.69,6.0,/content/drive/MyDrive/SKANN_SSL/data/prototype_dataset/tensors/tensor_001503.npy,/content/drive/MyDrive/SKANN_SSL/data/prototype_dataset/waveforms/clip_001503.npy
1504,4,6,small_craft,4,50.0,0.0,20.3714,81.4854,False,0.0,0,25.0,406.91,189.2,72.13,0.1538172291627195,0.3069057207413063,0.3448928749460273,991.6091643128992,103.74,109.74,110.75,6.0,/content/drive/MyDrive/SKANN_SSL/data/prototype_dataset/tensors/tensor_001504.npy,/content/drive/MyDrive/SKANN_SSL/data/prototype_dataset/waveforms/clip_001504.npy
1505,0,6,small_craft,4,50.0,0.3333,26.5974,106.3896,True,5926.67,663,25.0,207.13,85.03,119.18,0.1538172291627195,0.3069057207413063,0.3440872496794844,982.4392250376098,103.74,109.74,110.73,6.0,/content/drive/MyDrive/SKANN_SSL/data/prototype_dataset/tensors/tensor_001505.npy,/content/drive/MyDrive/SKANN_SSL/data/prototype_dataset/waveforms/clip_001505.npy
1506,1,6,small_craft,4,50.0,0.3333,26.2596,105.0383,True,5940.57,626,25.0,76.22,277.14,0.0,0.1538172291627195,0.3069057207413063,0.3424315736955789,975.061835739658,103.74,109.74,110.69,6.0,/content/drive/MyDrive/SKANN_SSL/data/prototype_dataset/tensors/tensor_001506.npy,/content/drive/MyDrive/SKANN_SSL/data/prototype_dataset/waveforms/clip_001506.npy
1507,2,6,small_craft,4,50.0,0.3333,25.7494,102.9975,True,6019.06,655,25.0,202.43,278.58,79.73,0.1538172291627195,0.3069057207413063,0.342946153039354,980.1110353642944,103.74,109.74,110.7,6.0,/content/drive/MyDrive/SKANN_SSL/data/prototype_dataset/tensors/tensor_001507.npy,/content/drive/MyDrive/SKANN_SSL/data/prototype_dataset/waveforms/clip_001507.npy
1508,3,6,small_craft,4,50.0,0.3333,19.9275,79.7101,True,6149.61,520,25.0,412.12,294.18,60.38,0.1538172291627195,0.3069057207413064,0.3426871407908026,973.4187143440134,103.74,109.74,110.7,6.0,/content/drive/MyDrive/SKANN_SSL/data/prototype_dataset/tensors/tensor_001508.npy,/content/drive/MyDrive/SKANN_SSL/data/prototype_dataset/waveforms/clip_001508.npy
1509,4,6,small_craft,4,50.0,0.3333,26.9766,107.9063,True,6162.48,666,25.0,58.2,239.42,139.15,0.1538172291627195,0.3069057207413063,0.3394804444642025,978.0268293547643,103.74,109.74,110.62,6.0,/content/drive/MyDrive/SKANN_SSL/data/prototype_dataset/tensors/tensor_001509.npy,/content/drive/MyDrive/SKANN_SSL/data/prototype_dataset/waveforms/clip_001509.npy
1510,0,6,small_craft,4,50.0,0.6667,23.7576,95.0304,True,5971.08,1073,25.0,294.28,143.45,0.0,0.1538172291627195,0.3069057207413063,0.3452180990825211,764.279289081147,103.74,109.74,110.76,6.0,/content/drive/MyDrive/SKANN_SSL/data/prototype_dataset/tensors/tensor_001510.npy,/content/drive/MyDrive/SKANN_SSL/data/prototype_dataset/waveforms/clip_001510.npy
1511,1,6,small_craft,4,50.0,0.6667,29.1639,116.6554,True,6134.84,1256,25.0,96.7,448.85,199.3,0.1538172291627195,0.3069057207413064,0.3443662331212914,805.8941179875895,103.74,109.74,110.74,6.0,/content/drive/MyDrive/SKANN_SSL/data/prototype_dataset/tensors/tensor_001511.npy,/content/drive/MyDrive/SKANN_SSL/data/prototype_dataset/waveforms/clip_001511.npy
1512,2,6,small_craft,4,50.0,0.6667,15.0767,60.3068,True,5958.64,663,25.0,53.02,293.23,158.37,0.1538172291627195,0.3069057207413063,0.343453093841626,854.534732663418,103.74,109.74,110.72,6.0,/content/drive/MyDrive/SKANN_SSL/data/prototype_dataset/tensors/tensor_001512.npy,/content/drive/MyDrive/SKANN_SSL/data/prototype_dataset/waveforms/clip_001512.npy
1513,3,6,small_craft,4,50.0,0.6667,24.7524,99.0095,True,6143.01,1086,25.0,449.14,139.2,0.0,0.1538172291627195,0.3069057207413063,0.3430418903263519,823.6693232641047,103.74,109.74,110.71,6.0,/content/drive/MyDrive/SKANN_SSL/data/prototype_dataset/tensors/tensor_001513.npy,/content/drive/MyDrive/SKANN_SSL/data/prototype_dataset/waveforms/clip_001513.npy
1514,4,6,small_craft,4,50.0,0.6667,26.3459,105.3834,True,5900.37,1156,25.0,264.69,72.69,242.45,0.1538172291627195,0.3069057207413064,0.343654189266283,676.9222649594914,103.74,109.74,110.72,6.0,/content/drive/MyDrive/SKANN_SSL/data/prototype_dataset/tensors/tensor_001514.npy,/content/drive/MyDrive/SKANN_SSL/data/prototype_dataset/waveforms/clip_001514.npy
1515,0,6,small_craft,4,50.0,1.0,15.5366,62.1464,True,5936.93,944,25.0,170.87,114.17,301.36,0.1538172291627195,0.3069057207413063,0.3435381312373124,440.2515713809573,103.74,109.74,110.72,6.0,/content/drive/MyDrive/SKANN_SSL/data/prototype_dataset/tensors/tensor_001515.npy,/content/drive/MyDrive/SKANN_SSL/data/prototype_dataset/waveforms/clip_001515.npy
1516,1,6,small_craft,4,50.0,1.0,23.5762,94.3048,True,5933.03,1412,25.0,453.11,71.65,297.46,0.1538172291627195,0.3069057207413063,0.3424970229370292,392.3343846998608,103.74,109.74,110.69,6.0,/content/drive/MyDrive/SKANN_SSL/data/prototype_dataset/tensors/tensor_001516.npy,/content/drive/MyDrive/SKANN_SSL/data/prototype_dataset/waveforms/clip_001516.npy
1517,2,6,small_craft,4,50.0,1.0,28.594,114.3759,True,6020.77,1687,25.0,287.19,149.9,109.36,0.1538172291627195,0.3069057207413064,0.3436843374320313,485.87361274060703,103.74,109.74,110.72,6.0,/content/drive/MyDrive/SKANN_SSL/data/prototype_dataset/tensors/tensor_001517.npy,/content/drive/MyDrive/SKANN_SSL/data/prototype_dataset/waveforms/clip_001517.npy
1518,3,6,small_craft,4,50.0,1.0,25.296,101.1838,True,5933.72,1477,25.0,76.87,139.96,251.44,0.1538172291627195,0.3069057207413063,0.3422511870358927,490.3516605825813,103.74,109.74,110.69,6.0,/content/drive/MyDrive/SKANN_SSL/data/prototype_dataset/tensors/tensor_001518.npy,/content/drive/MyDrive/SKANN_SSL/data/prototype_dataset/waveforms/clip_001518.npy
1519,4,6,small_craft,4,50.0,1.0,29.4332,117.7328,True,6064.55,1869,25.0,136.26,256.84,112.55,0.1538172291627195,0.3069057207413063,0.3439545893779013,462.3861015682189,103.74,109.74,110.73,6.0,/content/drive/MyDrive/SKANN_SSL/data/prototype_dataset/tensors/tensor_001519.npy,/content/drive/MyDrive/SKANN_SSL/data/prototype_dataset/waveforms/clip_001519.npy
1520,0,6,small_craft,5,0.0,0.0,22.9116,114.5581,False,0.0,0,25.0,289.71,128.54,231.72,0.1538172291627195,0.3069057207413063,0.3435261795697994,1015.3825885782924,103.74,109.74,110.72,6.0,/content/drive/MyDrive/SKANN_SSL/data/prototype_dataset/tensors/tensor_001520.npy,/content/drive/MyDrive/SKANN_SSL/data/prototype_dataset/waveforms/clip_001520.npy
1521,1,6,small_craft,5,0.0,0.0,22.6003,113.0013,False,0.0,0,25.0,352.42,232.03,122.17,0.1538172291627195,0.3069057207413064,0.3449587572116591,1019.6887041548076,103.74,109.74,110.76,6.0,/content/drive/MyDrive/SKANN_SSL/data/prototype_dataset/tensors/tensor_001521.npy,/content/drive/MyDrive/SKANN_SSL/data/prototype_dataset/waveforms/clip_001521.npy
1522,2,6,small_craft,5,0.0,0.0,28.8735,144.3674,False,0.0,0,25.0,414.73,295.21,56.13,0.1538172291627195,0.3069057207413064,0.3427773123216095,1020.498908171547,103.74,109.74,110.7,6.0,/content/drive/MyDrive/SKANN_SSL/data/prototype_dataset/tensors/tensor_001522.npy,/content/drive/MyDrive/SKANN_SSL/data/prototype_dataset/waveforms/clip_001522.npy
1523,3,6,small_craft,5,0.0,0.0,28.7287,143.6436,False,0.0,0,25.0,281.97,452.33,90.22,0.1538172291627195,0.3069057207413063,0.3503810961294856,1012.7380444197556,103.74,109.74,110.89,6.0,/content/drive/MyDrive/SKANN_SSL/data/prototype_dataset/tensors/tensor_001523.npy,/content/drive/MyDrive/SKANN_SSL/data/prototype_dataset/waveforms/clip_001523.npy
1524,4,6,small_craft,5,0.0,0.0,26.0295,130.1477,False,0.0,0,25.0,118.97,293.8,0.0,0.1538172291627195,0.3069057207413063,0.3427035198561351,1022.1938315581418,103.74,109.74,110.7,6.0,/content/drive/MyDrive/SKANN_SSL/data/prototype_dataset/tensors/tensor_001524.npy,/content/drive/MyDrive/SKANN_SSL/data/prototype_dataset/waveforms/clip_001524.npy
1525,0,6,small_craft,5,0.0,0.3333,25.3057,126.5283,True,6182.71,749,25.0,195.98,107.87,375.49,0.1538172291627195,0.3069057207413063,0.3442530512684738,999.5959684314734,103.74,109.74,110.74,6.0,/content/drive/MyDrive/SKANN_SSL/data/prototype_dataset/tensors/tensor_001525.npy,/content/drive/MyDrive/SKANN_SSL/data/prototype_dataset/waveforms/clip_001525.npy
1526,1,6,small_craft,5,0.0,0.3333,16.8237,84.1187,True,6137.69,528,25.0,291.67,273.34,0.0,0.1538172291627195,0.3069057207413063,0.344616773554014,1003.7408970775236,103.74,109.74,110.75,6.0,/content/drive/MyDrive/SKANN_SSL/data/prototype_dataset/tensors/tensor_001526.npy,/content/drive/MyDrive/SKANN_SSL/data/prototype_dataset/waveforms/clip_001526.npy
1527,2,6,small_craft,5,0.0,0.3333,23.3296,116.6482,True,6089.48,698,25.0,194.57,51.72,448.02,0.1538172291627195,0.3069057207413063,0.3426694357649076,1005.9317212909024,103.74,109.74,110.7,6.0,/content/drive/MyDrive/SKANN_SSL/data/prototype_dataset/tensors/tensor_001527.npy,/content/drive/MyDrive/SKANN_SSL/data/prototype_dataset/waveforms/clip_001527.npy
1528,3,6,small_craft,5,0.0,0.3333,17.266,86.33,True,6228.85,549,25.0,122.97,201.46,220.95,0.1538172291627195,0.3069057207413064,0.3424495788413481,1006.8186906028676,103.74,109.74,110.69,6.0,/content/drive/MyDrive/SKANN_SSL/data/prototype_dataset/tensors/tensor_001528.npy,/content/drive/MyDrive/SKANN_SSL/data/prototype_dataset/waveforms/clip_001528.npy
1529,4,6,small_craft,5,0.0,0.3333,24.902,124.5101,True,6060.65,735,25.0,230.48,134.62,178.67,0.1538172291627195,0.3069057207413064,0.342745174666314,971.7710969529986,103.74,109.74,110.7,6.0,/content/drive/MyDrive/SKANN_SSL/data/prototype_dataset/tensors/tensor_001529.npy,/content/drive/MyDrive/SKANN_SSL/data/prototype_dataset/waveforms/clip_001529.npy
1530,0,6,small_craft,5,0.0,0.6667,27.5342,137.6709,True,6010.48,1518,25.0,145.28,336.78,0.0,0.1538172291627195,0.3069057207413064,0.3430438663488206,705.634311165005,103.74,109.74,110.71,6.0,/content/drive/MyDrive/SKANN_SSL/data/prototype_dataset/tensors/tensor_001530.npy,/content/drive/MyDrive/SKANN_SSL/data/prototype_dataset/waveforms/clip_001530.npy
1531,1,6,small_craft,5,0.0,0.6667,29.8071,149.0353,True,6035.84,1703,25.0,285.22,357.64,0.0,0.1538172291627195,0.3069057207413063,0.3443935200489145,766.1903485117793,103.74,109.74,110.74,6.0,/content/drive/MyDrive/SKANN_SSL/data/prototype_dataset/tensors/tensor_001531.npy,/content/drive/MyDrive/SKANN_SSL/data/prototype_dataset/waveforms/clip_001531.npy
1532,2,6,small_craft,5,0.0,0.6667,15.492,77.4599,True,6089.7,838,25.0,64.74,486.74,290.65,0.1538172291627195,0.3069057207413063,0.3419895811145956,897.6675430620048,103.74,109.74,110.68,6.0,/content/drive/MyDrive/SKANN_SSL/data/prototype_dataset/tensors/tensor_001532.npy,/content/drive/MyDrive/SKANN_SSL/data/prototype_dataset/waveforms/clip_001532.npy
1533,3,6,small_craft,5,0.0,0.6667,22.1703,110.8514,True,6021.17,1217,25.0,251.13,284.15,138.92,0.1538172291627195,0.3069057207413063,0.3419114683210656,787.5650201973482,103.74,109.74,110.68,6.0,/content/drive/MyDrive/SKANN_SSL/data/prototype_dataset/tensors/tensor_001533.npy,/content/drive/MyDrive/SKANN_SSL/data/prototype_dataset/waveforms/clip_001533.npy
1534,4,6,small_craft,5,0.0,0.6667,28.2288,141.1441,True,6056.06,1489,25.0,230.81,111.49,0.0,0.1538172291627195,0.3069057207413064,0.3424102715868659,807.4532096530709,103.74,109.74,110.69,6.0,/content/drive/MyDrive/SKANN_SSL/data/prototype_dataset/tensors/tensor_001534.npy,/content/drive/MyDrive/SKANN_SSL/data/prototype_dataset/waveforms/clip_001534.npy
1535,0,6,small_craft,5,0.0,1.0,29.4391,147.1953,True,6018.39,2191,25.0,232.08,125.26,325.97,0.1538172291627195,0.3069057207413064,0.3426375533935779,359.05477946848896,103.74,109.74,110.7,6.0,/content/drive/MyDrive/SKANN_SSL/data/prototype_dataset/tensors/tensor_001535.npy,/content/drive/MyDrive/SKANN_SSL/data/prototype_dataset/waveforms/clip_001535.npy
1536,1,6,small_craft,5,0.0,1.0,22.0003,110.0017,True,6082.5,1639,25.0,139.59,336.76,160.68,0.1538172291627195,0.3069057207413063,0.3446547961237775,344.39126674204783,103.74,109.74,110.75,6.0,/content/drive/MyDrive/SKANN_SSL/data/prototype_dataset/tensors/tensor_001536.npy,/content/drive/MyDrive/SKANN_SSL/data/prototype_dataset/waveforms/clip_001536.npy
1537,2,6,small_craft,5,0.0,1.0,26.5325,132.6625,True,5987.83,2043,25.0,476.42,170.38,0.0,0.1538172291627195,0.3069057207413063,0.3418213575942251,401.2596745179237,103.74,109.74,110.68,6.0,/content/drive/MyDrive/SKANN_SSL/data/prototype_dataset/tensors/tensor_001537.npy,/content/drive/MyDrive/SKANN_SSL/data/prototype_dataset/waveforms/clip_001537.npy
1538,3,6,small_craft,5,0.0,1.0,25.241,126.2049,True,6037.2,1947,25.0,112.86,370.36,216.38,0.1538172291627195,0.3069057207413064,0.3420027255722609,424.8036138565403,103.74,109.74,110.68,6.0,/content/drive/MyDrive/SKANN_SSL/data/prototype_dataset/tensors/tensor_001538.npy,/content/drive/MyDrive/SKANN_SSL/data/prototype_dataset/waveforms/clip_001538.npy
1539,4,6,small_craft,5,0.0,1.0,21.0401,105.2006,True,5994.8,1555,25.0,166.77,412.53,59.18,0.1538172291627195,0.3069057207413063,0.3447666122784619,350.7971529116313,103.74,109.74,110.75,6.0,/content/drive/MyDrive/SKANN_SSL/data/prototype_dataset/tensors/tensor_001539.npy,/content/drive/MyDrive/SKANN_SSL/data/prototype_dataset/waveforms/clip_001539.npy
1540,0,6,small_craft,5,50.0,0.0,24.9675,124.8373,False,0.0,0,25.0,418.67,260.87,0.0,0.1538172291627195,0.3069057207413063,0.3424714972665721,942.7095113875512,103.74,109.74,110.69,6.0,/content/drive/MyDrive/SKANN_SSL/data/prototype_dataset/tensors/tensor_001540.npy,/content/drive/MyDrive/SKANN_SSL/data/prototype_dataset/waveforms/clip_001540.npy
1541,1,6,small_craft,5,50.0,0.0,24.6251,123.1253,False,0.0,0,25.0,132.0,426.07,0.0,0.1538172291627195,0.3069057207413063,0.3434245989392864,981.1958353457576,103.74,109.74,110.72,6.0,/content/drive/MyDrive/SKANN_SSL/data/prototype_dataset/tensors/tensor_001541.npy,/content/drive/MyDrive/SKANN_SSL/data/prototype_dataset/waveforms/clip_001541.npy
1542,2,6,small_craft,5,50.0,0.0,21.4027,107.0135,False,0.0,0,25.0,296.12,475.77,0.0,0.1538172291627195,0.3069057207413063,0.3434517350710182,999.6177131480129,103.74,109.74,110.72,6.0,/content/drive/MyDrive/SKANN_SSL/data/prototype_dataset/tensors/tensor_001542.npy,/content/drive/MyDrive/SKANN_SSL/data/prototype_dataset/waveforms/clip_001542.npy
1543,3,6,small_craft,5,50.0,0.0,22.496,112.4798,False,0.0,0,25.0,111.41,357.67,0.0,0.1538172291627195,0.3069057207413063,0.3454119115086969,999.0132705672976,103.74,109.74,110.77,6.0,/content/drive/MyDrive/SKANN_SSL/data/prototype_dataset/tensors/tensor_001543.npy,/content/drive/MyDrive/SKANN_SSL/data/prototype_dataset/waveforms/clip_001543.npy
1544,4,6,small_craft,5,50.0,0.0,17.9174,89.5871,False,0.0,0,25.0,381.66,120.81,0.0,0.1538172291627195,0.3069057207413064,0.340457743186965,1000.91040888442,103.74,109.74,110.64,6.0,/content/drive/MyDrive/SKANN_SSL/data/prototype_dataset/tensors/tensor_001544.npy,/content/drive/MyDrive/SKANN_SSL/data/prototype_dataset/waveforms/clip_001544.npy
1545,0,6,small_craft,5,50.0,0.3333,16.6495,83.2475,True,6017.09,485,25.0,179.81,101.14,0.0,0.1538172291627195,0.3069057207413064,0.3414663360718375,970.3185182446988,103.74,109.74,110.67,6.0,/content/drive/MyDrive/SKANN_SSL/data/prototype_dataset/tensors/tensor_001545.npy,/content/drive/MyDrive/SKANN_SSL/data/prototype_dataset/waveforms/clip_001545.npy
1546,1,6,small_craft,5,50.0,0.3333,22.2309,111.1545,True,6086.83,686,25.0,119.76,100.93,0.0,0.1538172291627195,0.3069057207413064,0.3413994076370413,988.4376851296648,103.74,109.74,110.67,6.0,/content/drive/MyDrive/SKANN_SSL/data/prototype_dataset/tensors/tensor_001546.npy,/content/drive/MyDrive/SKANN_SSL/data/prototype_dataset/waveforms/clip_001546.npy
1547,2,6,small_craft,5,50.0,0.3333,15.5386,77.693,True,5851.29,460,25.0,362.53,102.9,273.97,0.1538172291627195,0.3069057207413064,0.3411112162479549,990.5212567561924,103.74,109.74,110.66,6.0,/content/drive/MyDrive/SKANN_SSL/data/prototype_dataset/tensors/tensor_001547.npy,/content/drive/MyDrive/SKANN_SSL/data/prototype_dataset/waveforms/clip_001547.npy
1548,3,6,small_craft,5,50.0,0.3333,19.8713,99.3565,True,6275.3,597,25.0,497.64,127.52,0.0,0.1538172291627195,0.3069057207413063,0.343998951142471,994.3005927103025,103.74,109.74,110.73,6.0,/content/drive/MyDrive/SKANN_SSL/data/prototype_dataset/tensors/tensor_001548.npy,/content/drive/MyDrive/SKANN_SSL/data/prototype_dataset/waveforms/clip_001548.npy
1549,4,6,small_craft,5,50.0,0.3333,24.2398,121.199,True,6045.8,702,25.0,434.1,100.16,0.0,0.1538172291627195,0.3069057207413064,0.3404450676199422,981.144441123314,103.74,109.74,110.64,6.0,/content/drive/MyDrive/SKANN_SSL/data/prototype_dataset/tensors/tensor_001549.npy,/content/drive/MyDrive/SKANN_SSL/data/prototype_dataset/waveforms/clip_001549.npy
1550,0,6,small_craft,5,50.0,0.6667,16.8712,84.3559,True,6128.09,894,25.0,121.41,253.27,88.93,0.1538172291627195,0.3069057207413064,0.3433365377679095,885.3933765914705,103.74,109.74,110.71,6.0,/content/drive/MyDrive/SKANN_SSL/data/prototype_dataset/tensors/tensor_001550.npy,/content/drive/MyDrive/SKANN_SSL/data/prototype_dataset/waveforms/clip_001550.npy
1551,1,6,small_craft,5,50.0,0.6667,17.5986,87.9931,True,6045.22,944,25.0,138.43,112.75,0.0,0.1538172291627195,0.3069057207413063,0.3431059511296856,767.6295065563946,103.74,109.74,110.71,6.0,/content/drive/MyDrive/SKANN_SSL/data/prototype_dataset/tensors/tensor_001551.npy,/content/drive/MyDrive/SKANN_SSL/data/prototype_dataset/waveforms/clip_001551.npy
1552,2,6,small_craft,5,50.0,0.6667,25.3943,126.9716,True,6098.42,1388,25.0,235.06,111.74,362.27,0.1538172291627195,0.3069057207413063,0.3450334311080044,693.7192716908675,103.74,109.74,110.76,6.0,/content/drive/MyDrive/SKANN_SSL/data/prototype_dataset/tensors/tensor_001552.npy,/content/drive/MyDrive/SKANN_SSL/data/prototype_dataset/waveforms/clip_001552.npy
1553,3,6,small_craft,5,50.0,0.6667,22.2912,111.4561,True,6001.39,1198,25.0,206.05,135.98,0.0,0.1538172291627195,0.3069057207413063,0.3414583907865839,765.5297808287125,103.74,109.74,110.67,6.0,/content/drive/MyDrive/SKANN_SSL/data/prototype_dataset/tensors/tensor_001553.npy,/content/drive/MyDrive/SKANN_SSL/data/prototype_dataset/waveforms/clip_001553.npy
1554,4,6,small_craft,5,50.0,0.6667,29.9101,149.5505,True,5998.82,1658,25.0,368.12,209.17,0.0,0.1538172291627195,0.3069057207413064,0.3421308558492955,735.846131695507,103.74,109.74,110.68,6.0,/content/drive/MyDrive/SKANN_SSL/data/prototype_dataset/tensors/tensor_001554.npy,/content/drive/MyDrive/SKANN_SSL/data/prototype_dataset/waveforms/clip_001554.npy
1555,0,6,small_craft,5,50.0,1.0,21.2057,106.0287,True,6077.7,1601,25.0,103.48,343.47,180.2,0.1538172291627195,0.3069057207413064,0.3431292759848084,406.6928676140605,103.74,109.74,110.71,6.0,/content/drive/MyDrive/SKANN_SSL/data/prototype_dataset/tensors/tensor_001555.npy,/content/drive/MyDrive/SKANN_SSL/data/prototype_dataset/waveforms/clip_001555.npy
1556,1,6,small_craft,5,50.0,1.0,20.9709,104.8546,True,6061.48,1572,25.0,119.68,292.43,0.0,0.1538172291627195,0.3069057207413064,0.3434006163272483,396.2991438427801,103.74,109.74,110.72,6.0,/content/drive/MyDrive/SKANN_SSL/data/prototype_dataset/tensors/tensor_001556.npy,/content/drive/MyDrive/SKANN_SSL/data/prototype_dataset/waveforms/clip_001556.npy
1557,2,6,small_craft,5,50.0,1.0,29.7831,148.9157,True,6016.05,2326,25.0,293.56,118.68,0.0,0.1538172291627195,0.3069057207413063,0.3407827142663486,392.80400768657336,103.74,109.74,110.65,6.0,/content/drive/MyDrive/SKANN_SSL/data/prototype_dataset/tensors/tensor_001557.npy,/content/drive/MyDrive/SKANN_SSL/data/prototype_dataset/waveforms/clip_001557.npy
1558,3,6,small_craft,5,50.0,1.0,15.9622,79.8109,True,6004.74,1219,25.0,157.96,124.25,315.14,0.1538172291627195,0.3069057207413063,0.3431294934076985,412.18128316745066,103.74,109.74,110.71,6.0,/content/drive/MyDrive/SKANN_SSL/data/prototype_dataset/tensors/tensor_001558.npy,/content/drive/MyDrive/SKANN_SSL/data/prototype_dataset/waveforms/clip_001558.npy
1559,4,6,small_craft,5,50.0,1.0,15.24,76.1998,True,6005.59,1155,25.0,217.93,137.94,294.43,0.1538172291627195,0.3069057207413064,0.3420980452166539,487.228393540888,103.74,109.74,110.68,6.0,/content/drive/MyDrive/SKANN_SSL/data/prototype_dataset/tensors/tensor_001559.npy,/content/drive/MyDrive/SKANN_SSL/data/prototype_dataset/waveforms/clip_001559.npy
1560,0,6,fishing_vessel,3,0.0,0.0,6.7604,20.2811,False,0.0,0,25.0,112.41,222.13,0.0,0.1538172291627195,0.3069057207413063,0.340762592328303,962.9851909447252,103.74,109.74,110.65,6.0,/content/drive/MyDrive/SKANN_SSL/data/prototype_dataset/tensors/tensor_001560.npy,/content/drive/MyDrive/SKANN_SSL/data/prototype_dataset/waveforms/clip_001560.npy
1561,1,6,fishing_vessel,3,0.0,0.0,6.1899,18.5696,False,0.0,0,25.0,87.23,240.63,241.4,0.1538172291627195,0.3069057207413064,0.3451583607951213,953.7213228957002,103.74,109.74,110.76,6.0,/content/drive/MyDrive/SKANN_SSL/data/prototype_dataset/tensors/tensor_001561.npy,/content/drive/MyDrive/SKANN_SSL/data/prototype_dataset/waveforms/clip_001561.npy
1562,2,6,fishing_vessel,3,0.0,0.0,4.1171,12.3513,False,0.0,0,25.0,82.9,266.31,284.41,0.1538172291627195,0.3069057207413063,0.344380011495671,978.0322579049472,103.74,109.74,110.74,6.0,/content/drive/MyDrive/SKANN_SSL/data/prototype_dataset/tensors/tensor_001562.npy,/content/drive/MyDrive/SKANN_SSL/data/prototype_dataset/waveforms/clip_001562.npy
1563,3,6,fishing_vessel,3,0.0,0.0,7.7918,23.3753,False,0.0,0,25.0,75.35,236.34,291.02,0.1538172291627195,0.3069057207413063,0.3436282498744338,958.3174632345464,103.74,109.74,110.72,6.0,/content/drive/MyDrive/SKANN_SSL/data/prototype_dataset/tensors/tensor_001563.npy,/content/drive/MyDrive/SKANN_SSL/data/prototype_dataset/waveforms/clip_001563.npy
1564,4,6,fishing_vessel,3,0.0,0.0,6.9709,20.9127,False,0.0,0,25.0,135.36,288.92,0.0,0.1538172291627195,0.3069057207413063,0.3420842915012242,959.2297575282652,103.74,109.74,110.68,6.0,/content/drive/MyDrive/SKANN_SSL/data/prototype_dataset/tensors/tensor_001564.npy,/content/drive/MyDrive/SKANN_SSL/data/prototype_dataset/waveforms/clip_001564.npy
1565,0,6,fishing_vessel,3,0.0,0.3333,6.138,18.4139,True,1687.34,107,25.0,414.62,51.8,0.0,0.1538172291627195,0.3069057207413063,0.3413769718434728,954.205313579002,103.74,109.74,110.66,6.0,/content/drive/MyDrive/SKANN_SSL/data/prototype_dataset/tensors/tensor_001565.npy,/content/drive/MyDrive/SKANN_SSL/data/prototype_dataset/waveforms/clip_001565.npy
1566,1,6,fishing_vessel,3,0.0,0.3333,4.7771,14.3314,True,1943.15,89,25.0,380.74,128.06,265.56,0.1538172291627195,0.3069057207413064,0.3403261126420998,978.76863432984,103.74,109.74,110.64,6.0,/content/drive/MyDrive/SKANN_SSL/data/prototype_dataset/tensors/tensor_001566.npy,/content/drive/MyDrive/SKANN_SSL/data/prototype_dataset/waveforms/clip_001566.npy
1567,2,6,fishing_vessel,3,0.0,0.3333,4.3686,13.1058,True,1796.42,64,25.0,106.22,221.53,219.43,0.1538172291627195,0.3069057207413064,0.3418076480784525,984.4994051276136,103.74,109.74,110.68,6.0,/content/drive/MyDrive/SKANN_SSL/data/prototype_dataset/tensors/tensor_001567.npy,/content/drive/MyDrive/SKANN_SSL/data/prototype_dataset/waveforms/clip_001567.npy
1568,3,6,fishing_vessel,3,0.0,0.3333,6.1959,18.5877,True,1828.46,104,25.0,53.37,361.58,0.0,0.1538172291627195,0.3069057207413063,0.3440628743526523,950.6473999995876,103.74,109.74,110.73,6.0,/content/drive/MyDrive/SKANN_SSL/data/prototype_dataset/tensors/tensor_001568.npy,/content/drive/MyDrive/SKANN_SSL/data/prototype_dataset/waveforms/clip_001568.npy
1569,4,6,fishing_vessel,3,0.0,0.3333,7.4019,22.2058,True,1703.42,132,25.0,81.6,245.23,0.0,0.1538172291627195,0.3069057207413063,0.3414853381855069,961.0207452752776,103.74,109.74,110.67,6.0,/content/drive/MyDrive/SKANN_SSL/data/prototype_dataset/tensors/tensor_001569.npy,/content/drive/MyDrive/SKANN_SSL/data/prototype_dataset/waveforms/clip_001569.npy
1570,0,6,fishing_vessel,3,0.0,0.6667,5.7396,17.2189,True,1875.63,198,25.0,420.86,268.45,79.31,0.1538172291627195,0.3069057207413064,0.3411004235828541,900.6360001300254,103.74,109.74,110.66,6.0,/content/drive/MyDrive/SKANN_SSL/data/prototype_dataset/tensors/tensor_001570.npy,/content/drive/MyDrive/SKANN_SSL/data/prototype_dataset/waveforms/clip_001570.npy
1571,1,6,fishing_vessel,3,0.0,0.6667,5.7286,17.1858,True,1889.81,204,25.0,344.14,134.39,0.0,0.1538172291627195,0.3069057207413063,0.3433313817946548,927.4700405455102,103.74,109.74,110.71,6.0,/content/drive/MyDrive/SKANN_SSL/data/prototype_dataset/tensors/tensor_001571.npy,/content/drive/MyDrive/SKANN_SSL/data/prototype_dataset/waveforms/clip_001571.npy
1572,2,6,fishing_vessel,3,0.0,0.6667,6.7947,20.3841,True,1903.86,189,25.0,260.94,70.7,0.0,0.1538172291627195,0.3069057207413063,0.3405194332089943,941.142350917974,103.74,109.74,110.64,6.0,/content/drive/MyDrive/SKANN_SSL/data/prototype_dataset/tensors/tensor_001572.npy,/content/drive/MyDrive/SKANN_SSL/data/prototype_dataset/waveforms/clip_001572.npy
1573,3,6,fishing_vessel,3,0.0,0.6667,4.6884,14.0652,True,1774.55,166,25.0,493.74,226.09,144.93,0.1538172291627195,0.3069057207413063,0.3450311609350244,949.4545882811306,103.74,109.74,110.76,6.0,/content/drive/MyDrive/SKANN_SSL/data/prototype_dataset/tensors/tensor_001573.npy,/content/drive/MyDrive/SKANN_SSL/data/prototype_dataset/waveforms/clip_001573.npy
1574,4,6,fishing_vessel,3,0.0,0.6667,4.9063,14.7189,True,1726.02,177,25.0,165.49,149.68,333.13,0.1538172291627195,0.3069057207413064,0.3428786364751354,879.296611586747,103.74,109.74,110.7,6.0,/content/drive/MyDrive/SKANN_SSL/data/prototype_dataset/tensors/tensor_001574.npy,/content/drive/MyDrive/SKANN_SSL/data/prototype_dataset/waveforms/clip_001574.npy
1575,0,6,fishing_vessel,3,0.0,1.0,7.6489,22.9466,True,1794.99,342,25.0,167.5,268.63,111.54,0.1538172291627195,0.3069057207413063,0.3412376307267746,617.4149278170905,103.74,109.74,110.66,6.0,/content/drive/MyDrive/SKANN_SSL/data/prototype_dataset/tensors/tensor_001575.npy,/content/drive/MyDrive/SKANN_SSL/data/prototype_dataset/waveforms/clip_001575.npy
1576,1,6,fishing_vessel,3,0.0,1.0,6.1735,18.5204,True,1782.06,299,25.0,141.1,217.84,0.0,0.1538172291627195,0.3069057207413064,0.3428875308153984,643.8536508777498,103.74,109.74,110.7,6.0,/content/drive/MyDrive/SKANN_SSL/data/prototype_dataset/tensors/tensor_001576.npy,/content/drive/MyDrive/SKANN_SSL/data/prototype_dataset/waveforms/clip_001576.npy
1577,2,6,fishing_vessel,3,0.0,1.0,6.5512,19.6537,True,1836.07,331,25.0,453.73,94.06,163.93,0.1538172291627195,0.3069057207413063,0.3435856426942766,617.4380867743278,103.74,109.74,110.72,6.0,/content/drive/MyDrive/SKANN_SSL/data/prototype_dataset/tensors/tensor_001577.npy,/content/drive/MyDrive/SKANN_SSL/data/prototype_dataset/waveforms/clip_001577.npy
1578,3,6,fishing_vessel,3,0.0,1.0,5.2192,15.6577,True,1772.64,227,25.0,153.59,434.98,132.91,0.1538172291627195,0.3069057207413064,0.3419084367555729,787.5301543727428,103.74,109.74,110.68,6.0,/content/drive/MyDrive/SKANN_SSL/data/prototype_dataset/tensors/tensor_001578.npy,/content/drive/MyDrive/SKANN_SSL/data/prototype_dataset/waveforms/clip_001578.npy
1579,4,6,fishing_vessel,3,0.0,1.0,7.4401,22.3203,True,1708.65,284,25.0,220.7,283.93,0.0,0.1538172291627195,0.3069057207413064,0.3387567661105836,741.2201859157927,103.74,109.74,110.6,6.0,/content/drive/MyDrive/SKANN_SSL/data/prototype_dataset/tensors/tensor_001579.npy,/content/drive/MyDrive/SKANN_SSL/data/prototype_dataset/waveforms/clip_001579.npy
1580,0,6,fishing_vessel,3,50.0,0.0,6.4451,19.3354,False,0.0,0,25.0,104.73,131.77,0.0,0.1538172291627195,0.3069057207413063,0.3438804623821,946.1219311115613,103.74,109.74,110.73,6.0,/content/drive/MyDrive/SKANN_SSL/data/prototype_dataset/tensors/tensor_001580.npy,/content/drive/MyDrive/SKANN_SSL/data/prototype_dataset/waveforms/clip_001580.npy
1581,1,6,fishing_vessel,3,50.0,0.0,4.906,14.7179,False,0.0,0,25.0,96.28,370.05,0.0,0.1538172291627195,0.3069057207413063,0.3417043490060681,960.4836215941648,103.74,109.74,110.67,6.0,/content/drive/MyDrive/SKANN_SSL/data/prototype_dataset/tensors/tensor_001581.npy,/content/drive/MyDrive/SKANN_SSL/data/prototype_dataset/waveforms/clip_001581.npy
1582,2,6,fishing_vessel,3,50.0,0.0,5.1895,15.5686,False,0.0,0,25.0,148.64,387.19,182.93,0.1538172291627195,0.3069057207413063,0.3432481166684055,939.60334680077,103.74,109.74,110.71,6.0,/content/drive/MyDrive/SKANN_SSL/data/prototype_dataset/tensors/tensor_001582.npy,/content/drive/MyDrive/SKANN_SSL/data/prototype_dataset/waveforms/clip_001582.npy
1583,3,6,fishing_vessel,3,50.0,0.0,5.331,15.9929,False,0.0,0,25.0,270.69,74.42,105.67,0.1538172291627195,0.3069057207413063,0.3442375863528074,942.3682110749404,103.74,109.74,110.74,6.0,/content/drive/MyDrive/SKANN_SSL/data/prototype_dataset/tensors/tensor_001583.npy,/content/drive/MyDrive/SKANN_SSL/data/prototype_dataset/waveforms/clip_001583.npy
1584,4,6,fishing_vessel,3,50.0,0.0,7.45,22.3499,False,0.0,0,25.0,192.06,394.53,122.7,0.1538172291627195,0.3069057207413064,0.3428313346174108,943.9448338404552,103.74,109.74,110.7,6.0,/content/drive/MyDrive/SKANN_SSL/data/prototype_dataset/tensors/tensor_001584.npy,/content/drive/MyDrive/SKANN_SSL/data/prototype_dataset/waveforms/clip_001584.npy
1585,0,6,fishing_vessel,3,50.0,0.3333,6.4752,19.4256,True,1822.57,107,25.0,50.02,372.13,189.32,0.1538172291627195,0.3069057207413064,0.3447805805776348,939.9593279131196,103.74,109.74,110.75,6.0,/content/drive/MyDrive/SKANN_SSL/data/prototype_dataset/tensors/tensor_001585.npy,/content/drive/MyDrive/SKANN_SSL/data/prototype_dataset/waveforms/clip_001585.npy
1586,1,6,fishing_vessel,3,50.0,0.3333,7.0973,21.292,True,1932.98,130,25.0,101.28,319.19,245.07,0.1538172291627195,0.3069057207413064,0.3458196081247441,938.9327012777608,103.74,109.74,110.78,6.0,/content/drive/MyDrive/SKANN_SSL/data/prototype_dataset/tensors/tensor_001586.npy,/content/drive/MyDrive/SKANN_SSL/data/prototype_dataset/waveforms/clip_001586.npy
1587,2,6,fishing_vessel,3,50.0,0.3333,6.9369,20.8107,True,1863.08,116,25.0,144.81,119.9,373.04,0.1538172291627195,0.3069057207413064,0.3424324929090396,942.9972716627648,103.74,109.74,110.69,6.0,/content/drive/MyDrive/SKANN_SSL/data/prototype_dataset/tensors/tensor_001587.npy,/content/drive/MyDrive/SKANN_SSL/data/prototype_dataset/waveforms/clip_001587.npy
1588,3,6,fishing_vessel,3,50.0,0.3333,6.5944,19.7833,True,1901.53,132,25.0,497.25,62.81,0.0,0.1538172291627195,0.3069057207413063,0.3429912111787455,945.24747143946,103.74,109.74,110.71,6.0,/content/drive/MyDrive/SKANN_SSL/data/prototype_dataset/tensors/tensor_001588.npy,/content/drive/MyDrive/SKANN_SSL/data/prototype_dataset/waveforms/clip_001588.npy
1589,4,6,fishing_vessel,3,50.0,0.3333,7.6111,22.8333,True,1769.9,122,25.0,480.22,80.28,244.93,0.1538172291627195,0.3069057207413063,0.3430385702075336,943.10225818928,103.74,109.74,110.71,6.0,/content/drive/MyDrive/SKANN_SSL/data/prototype_dataset/tensors/tensor_001589.npy,/content/drive/MyDrive/SKANN_SSL/data/prototype_dataset/waveforms/clip_001589.npy
1590,0,6,fishing_vessel,3,50.0,0.6667,4.3751,13.1254,True,1764.56,153,25.0,71.63,442.27,0.0,0.1538172291627195,0.3069057207413063,0.3428879870342559,933.207180491361,103.74,109.74,110.7,6.0,/content/drive/MyDrive/SKANN_SSL/data/prototype_dataset/tensors/tensor_001590.npy,/content/drive/MyDrive/SKANN_SSL/data/prototype_dataset/waveforms/clip_001590.npy
1591,1,6,fishing_vessel,3,50.0,0.6667,6.9534,20.8603,True,1830.2,216,25.0,103.43,202.76,0.0,0.1538172291627195,0.3069057207413063,0.3439177538688069,910.3373577036186,103.74,109.74,110.73,6.0,/content/drive/MyDrive/SKANN_SSL/data/prototype_dataset/tensors/tensor_001591.npy,/content/drive/MyDrive/SKANN_SSL/data/prototype_dataset/waveforms/clip_001591.npy
1592,2,6,fishing_vessel,3,50.0,0.6667,4.4714,13.4141,True,1783.73,146,25.0,497.46,269.26,145.08,0.1538172291627195,0.3069057207413063,0.3445507473370859,928.3107593145688,103.74,109.74,110.75,6.0,/content/drive/MyDrive/SKANN_SSL/data/prototype_dataset/tensors/tensor_001592.npy,/content/drive/MyDrive/SKANN_SSL/data/prototype_dataset/waveforms/clip_001592.npy
1593,3,6,fishing_vessel,3,50.0,0.6667,4.6131,13.8394,True,1641.84,150,25.0,285.21,67.69,0.0,0.1538172291627195,0.3069057207413064,0.3435835816826195,938.7070312349838,103.74,109.74,110.72,6.0,/content/drive/MyDrive/SKANN_SSL/data/prototype_dataset/tensors/tensor_001593.npy,/content/drive/MyDrive/SKANN_SSL/data/prototype_dataset/waveforms/clip_001593.npy
1594,4,6,fishing_vessel,3,50.0,0.6667,6.5224,19.5671,True,1787.24,208,25.0,160.91,105.66,0.0,0.1538172291627195,0.3069057207413063,0.342100790217244,900.6416187129918,103.74,109.74,110.68,6.0,/content/drive/MyDrive/SKANN_SSL/data/prototype_dataset/tensors/tensor_001594.npy,/content/drive/MyDrive/SKANN_SSL/data/prototype_dataset/waveforms/clip_001594.npy
1595,0,6,fishing_vessel,3,50.0,1.0,4.4761,13.4283,True,1860.38,214,25.0,138.1,451.42,125.14,0.1538172291627195,0.3069057207413063,0.3468959417754101,746.7874670826969,103.74,109.74,110.8,6.0,/content/drive/MyDrive/SKANN_SSL/data/prototype_dataset/tensors/tensor_001595.npy,/content/drive/MyDrive/SKANN_SSL/data/prototype_dataset/waveforms/clip_001595.npy
1596,1,6,fishing_vessel,3,50.0,1.0,5.9231,17.7693,True,1834.43,274,25.0,251.25,114.85,243.17,0.1538172291627195,0.3069057207413063,0.3453839772136942,708.8330650950829,103.74,109.74,110.77,6.0,/content/drive/MyDrive/SKANN_SSL/data/prototype_dataset/tensors/tensor_001596.npy,/content/drive/MyDrive/SKANN_SSL/data/prototype_dataset/waveforms/clip_001596.npy
1597,2,6,fishing_vessel,3,50.0,1.0,6.9508,20.8525,True,1787.66,320,25.0,371.36,97.41,0.0,0.1538172291627195,0.3069057207413063,0.3449407587640143,580.0265770999583,103.74,109.74,110.75,6.0,/content/drive/MyDrive/SKANN_SSL/data/prototype_dataset/tensors/tensor_001597.npy,/content/drive/MyDrive/SKANN_SSL/data/prototype_dataset/waveforms/clip_001597.npy
1598,3,6,fishing_vessel,3,50.0,1.0,7.3431,22.0294,True,1773.37,308,25.0,241.4,97.96,248.06,0.1538172291627195,0.3069057207413063,0.3443729951973164,598.8576030061533,103.74,109.74,110.74,6.0,/content/drive/MyDrive/SKANN_SSL/data/prototype_dataset/tensors/tensor_001598.npy,/content/drive/MyDrive/SKANN_SSL/data/prototype_dataset/waveforms/clip_001598.npy
1599,4,6,fishing_vessel,3,50.0,1.0,4.9825,14.9474,True,1809.98,209,25.0,113.57,382.69,113.95,0.1538172291627195,0.3069057207413063,0.3437670788072071,789.4395049181574,103.74,109.74,110.73,6.0,/content/drive/MyDrive/SKANN_SSL/data/prototype_dataset/tensors/tensor_001599.npy,/content/drive/MyDrive/SKANN_SSL/data/prototype_dataset/waveforms/clip_001599.npy
1600,0,6,fishing_vessel,4,0.0,0.0,6.5431,26.1724,False,0.0,0,25.0,292.74,461.09,0.0,0.1538172291627195,0.3069057207413063,0.341570543207426,977.1039976090892,103.74,109.74,110.67,6.0,/content/drive/MyDrive/SKANN_SSL/data/prototype_dataset/tensors/tensor_001600.npy,/content/drive/MyDrive/SKANN_SSL/data/prototype_dataset/waveforms/clip_001600.npy
1601,1,6,fishing_vessel,4,0.0,0.0,7.9063,31.6252,False,0.0,0,25.0,201.41,130.44,221.42,0.1538172291627195,0.3069057207413064,0.3400780708081214,976.94520018804,103.74,109.74,110.63,6.0,/content/drive/MyDrive/SKANN_SSL/data/prototype_dataset/tensors/tensor_001601.npy,/content/drive/MyDrive/SKANN_SSL/data/prototype_dataset/waveforms/clip_001601.npy
1602,2,6,fishing_vessel,4,0.0,0.0,4.6902,18.7607,False,0.0,0,25.0,200.36,87.75,354.88,0.1538172291627195,0.3069057207413063,0.3422951954972496,996.7769957570404,103.74,109.74,110.69,6.0,/content/drive/MyDrive/SKANN_SSL/data/prototype_dataset/tensors/tensor_001602.npy,/content/drive/MyDrive/SKANN_SSL/data/prototype_dataset/waveforms/clip_001602.npy
1603,3,6,fishing_vessel,4,0.0,0.0,7.4357,29.7427,False,0.0,0,25.0,147.98,130.18,0.0,0.1538172291627195,0.3069057207413063,0.3395709578341563,977.2944879865652,103.74,109.74,110.62,6.0,/content/drive/MyDrive/SKANN_SSL/data/prototype_dataset/tensors/tensor_001603.npy,/content/drive/MyDrive/SKANN_SSL/data/prototype_dataset/waveforms/clip_001603.npy
1604,4,6,fishing_vessel,4,0.0,0.0,6.3368,25.3473,False,0.0,0,25.0,134.56,251.64,209.3,0.1538172291627195,0.3069057207413063,0.3396156508914491,949.7068248548024,103.74,109.74,110.62,6.0,/content/drive/MyDrive/SKANN_SSL/data/prototype_dataset/tensors/tensor_001604.npy,/content/drive/MyDrive/SKANN_SSL/data/prototype_dataset/waveforms/clip_001604.npy
1605,0,6,fishing_vessel,4,0.0,0.3333,5.5628,22.2512,True,1735.82,146,25.0,79.45,255.15,133.95,0.1538172291627195,0.3069057207413064,0.3441438736001518,971.3946205838544,103.74,109.74,110.73,6.0,/content/drive/MyDrive/SKANN_SSL/data/prototype_dataset/tensors/tensor_001605.npy,/content/drive/MyDrive/SKANN_SSL/data/prototype_dataset/waveforms/clip_001605.npy
1606,1,6,fishing_vessel,4,0.0,0.3333,6.7251,26.9003,True,1873.69,144,25.0,144.76,163.34,382.45,0.1538172291627195,0.3069057207413063,0.3433481431249,969.9210006502202,103.74,109.74,110.71,6.0,/content/drive/MyDrive/SKANN_SSL/data/prototype_dataset/tensors/tensor_001606.npy,/content/drive/MyDrive/SKANN_SSL/data/prototype_dataset/waveforms/clip_001606.npy
1607,2,6,fishing_vessel,4,0.0,0.3333,7.6791,30.7165,True,1763.03,168,25.0,320.3,267.09,83.12,0.1538172291627195,0.3069057207413063,0.3398363427706495,972.4542234392636,103.74,109.74,110.63,6.0,/content/drive/MyDrive/SKANN_SSL/data/prototype_dataset/tensors/tensor_001607.npy,/content/drive/MyDrive/SKANN_SSL/data/prototype_dataset/waveforms/clip_001607.npy
1608,3,6,fishing_vessel,4,0.0,0.3333,7.3757,29.5027,True,1821.11,183,25.0,101.42,342.71,0.0,0.1538172291627195,0.3069057207413063,0.3433147809667914,973.4674701201968,103.74,109.74,110.71,6.0,/content/drive/MyDrive/SKANN_SSL/data/prototype_dataset/tensors/tensor_001608.npy,/content/drive/MyDrive/SKANN_SSL/data/prototype_dataset/waveforms/clip_001608.npy
1609,4,6,fishing_vessel,4,0.0,0.3333,6.4087,25.6347,True,1859.82,162,25.0,422.71,216.74,52.54,0.1538172291627195,0.3069057207413063,0.3439962776155748,964.088674809125,103.74,109.74,110.73,6.0,/content/drive/MyDrive/SKANN_SSL/data/prototype_dataset/tensors/tensor_001609.npy,/content/drive/MyDrive/SKANN_SSL/data/prototype_dataset/waveforms/clip_001609.npy
1610,0,6,fishing_vessel,4,0.0,0.6667,4.068,16.272,True,1791.05,166,25.0,74.7,329.94,119.38,0.1538172291627195,0.3069057207413063,0.3452219605606162,953.1842949035878,103.74,109.74,110.76,6.0,/content/drive/MyDrive/SKANN_SSL/data/prototype_dataset/tensors/tensor_001610.npy,/content/drive/MyDrive/SKANN_SSL/data/prototype_dataset/waveforms/clip_001610.npy
1611,1,6,fishing_vessel,4,0.0,0.6667,7.6606,30.6426,True,1889.57,354,25.0,92.13,401.2,0.0,0.1538172291627195,0.3069057207413063,0.3438325597948382,886.8299208524772,103.74,109.74,110.73,6.0,/content/drive/MyDrive/SKANN_SSL/data/prototype_dataset/tensors/tensor_001611.npy,/content/drive/MyDrive/SKANN_SSL/data/prototype_dataset/waveforms/clip_001611.npy
1612,2,6,fishing_vessel,4,0.0,0.6667,6.8018,27.207,True,1866.59,289,25.0,433.31,222.89,0.0,0.1538172291627195,0.3069057207413064,0.343224577543027,882.341471391655,103.74,109.74,110.71,6.0,/content/drive/MyDrive/SKANN_SSL/data/prototype_dataset/tensors/tensor_001612.npy,/content/drive/MyDrive/SKANN_SSL/data/prototype_dataset/waveforms/clip_001612.npy
1613,3,6,fishing_vessel,4,0.0,0.6667,5.0363,20.1451,True,1739.88,202,25.0,178.97,451.79,0.0,0.1538172291627195,0.3069057207413063,0.3417268322463928,926.7052645949882,103.74,109.74,110.67,6.0,/content/drive/MyDrive/SKANN_SSL/data/prototype_dataset/tensors/tensor_001613.npy,/content/drive/MyDrive/SKANN_SSL/data/prototype_dataset/waveforms/clip_001613.npy
1614,4,6,fishing_vessel,4,0.0,0.6667,5.3867,21.5469,True,1861.63,240,25.0,100.6,294.04,283.56,0.1538172291627195,0.3069057207413063,0.3423843330304154,904.8787541531022,103.74,109.74,110.69,6.0,/content/drive/MyDrive/SKANN_SSL/data/prototype_dataset/tensors/tensor_001614.npy,/content/drive/MyDrive/SKANN_SSL/data/prototype_dataset/waveforms/clip_001614.npy
1615,0,6,fishing_vessel,4,0.0,1.0,4.5122,18.0489,True,1817.31,293,25.0,313.37,71.39,0.0,0.1538172291627195,0.3069057207413063,0.3414111778363615,641.3159269500874,103.74,109.74,110.67,6.0,/content/drive/MyDrive/SKANN_SSL/data/prototype_dataset/tensors/tensor_001615.npy,/content/drive/MyDrive/SKANN_SSL/data/prototype_dataset/waveforms/clip_001615.npy
1616,1,6,fishing_vessel,4,0.0,1.0,6.8433,27.3733,True,1762.36,376,25.0,127.47,378.99,0.0,0.1538172291627195,0.3069057207413064,0.3468033154637325,614.807808838814,103.74,109.74,110.8,6.0,/content/drive/MyDrive/SKANN_SSL/data/prototype_dataset/tensors/tensor_001616.npy,/content/drive/MyDrive/SKANN_SSL/data/prototype_dataset/waveforms/clip_001616.npy
1617,2,6,fishing_vessel,4,0.0,1.0,5.6704,22.6818,True,1838.04,317,25.0,132.36,201.75,0.0,0.1538172291627195,0.3069057207413064,0.3448014405253014,707.6107632519295,103.74,109.74,110.75,6.0,/content/drive/MyDrive/SKANN_SSL/data/prototype_dataset/tensors/tensor_001617.npy,/content/drive/MyDrive/SKANN_SSL/data/prototype_dataset/waveforms/clip_001617.npy
1618,3,6,fishing_vessel,4,0.0,1.0,5.6712,22.6848,True,1805.0,324,25.0,475.26,114.48,0.0,0.1538172291627195,0.3069057207413063,0.3428736122690801,646.143382350615,103.74,109.74,110.7,6.0,/content/drive/MyDrive/SKANN_SSL/data/prototype_dataset/tensors/tensor_001618.npy,/content/drive/MyDrive/SKANN_SSL/data/prototype_dataset/waveforms/clip_001618.npy
1619,4,6,fishing_vessel,4,0.0,1.0,4.7661,19.0643,True,1825.93,304,25.0,497.13,197.23,111.09,0.1538172291627195,0.3069057207413063,0.3449768022256711,578.9690577690785,103.74,109.74,110.76,6.0,/content/drive/MyDrive/SKANN_SSL/data/prototype_dataset/tensors/tensor_001619.npy,/content/drive/MyDrive/SKANN_SSL/data/prototype_dataset/waveforms/clip_001619.npy
1620,0,6,fishing_vessel,4,50.0,0.0,5.0033,20.0133,False,0.0,0,25.0,391.15,50.52,190.47,0.1538172291627195,0.3069057207413063,0.341698757179164,947.8448015511964,103.74,109.74,110.67,6.0,/content/drive/MyDrive/SKANN_SSL/data/prototype_dataset/tensors/tensor_001620.npy,/content/drive/MyDrive/SKANN_SSL/data/prototype_dataset/waveforms/clip_001620.npy
1621,1,6,fishing_vessel,4,50.0,0.0,7.5408,30.1634,False,0.0,0,25.0,159.72,109.34,0.0,0.1538172291627195,0.3069057207413064,0.3434990138065493,955.9797690163656,103.74,109.74,110.72,6.0,/content/drive/MyDrive/SKANN_SSL/data/prototype_dataset/tensors/tensor_001621.npy,/content/drive/MyDrive/SKANN_SSL/data/prototype_dataset/waveforms/clip_001621.npy
1622,2,6,fishing_vessel,4,50.0,0.0,6.5856,26.3425,False,0.0,0,25.0,118.19,309.29,124.49,0.1538172291627195,0.3069057207413064,0.3443231958999913,953.5732109791278,103.74,109.74,110.74,6.0,/content/drive/MyDrive/SKANN_SSL/data/prototype_dataset/tensors/tensor_001622.npy,/content/drive/MyDrive/SKANN_SSL/data/prototype_dataset/waveforms/clip_001622.npy
1623,3,6,fishing_vessel,4,50.0,0.0,4.1334,16.5338,False,0.0,0,25.0,227.41,115.8,0.0,0.1538172291627195,0.3069057207413063,0.3412342345939511,967.6462514305846,103.74,109.74,110.66,6.0,/content/drive/MyDrive/SKANN_SSL/data/prototype_dataset/tensors/tensor_001623.npy,/content/drive/MyDrive/SKANN_SSL/data/prototype_dataset/waveforms/clip_001623.npy
1624,4,6,fishing_vessel,4,50.0,0.0,7.8367,31.3468,False,0.0,0,25.0,97.88,214.0,178.91,0.1538172291627195,0.3069057207413063,0.3402238118813954,957.188185694012,103.74,109.74,110.64,6.0,/content/drive/MyDrive/SKANN_SSL/data/prototype_dataset/tensors/tensor_001624.npy,/content/drive/MyDrive/SKANN_SSL/data/prototype_dataset/waveforms/clip_001624.npy
1625,0,6,fishing_vessel,4,50.0,0.3333,5.8885,23.5541,True,1696.84,129,25.0,74.71,247.31,0.0,0.1538172291627195,0.3069057207413063,0.3430884802834681,951.4105357638556,103.74,109.74,110.71,6.0,/content/drive/MyDrive/SKANN_SSL/data/prototype_dataset/tensors/tensor_001625.npy,/content/drive/MyDrive/SKANN_SSL/data/prototype_dataset/waveforms/clip_001625.npy
1626,1,6,fishing_vessel,4,50.0,0.3333,6.0173,24.069,True,1641.36,147,25.0,121.5,380.3,168.06,0.1538172291627195,0.3069057207413063,0.3443211169217622,950.2951016465536,103.74,109.74,110.74,6.0,/content/drive/MyDrive/SKANN_SSL/data/prototype_dataset/tensors/tensor_001626.npy,/content/drive/MyDrive/SKANN_SSL/data/prototype_dataset/waveforms/clip_001626.npy
1627,2,6,fishing_vessel,4,50.0,0.3333,5.4375,21.7499,True,1708.86,124,25.0,317.34,222.68,95.33,0.1538172291627195,0.3069057207413064,0.3432934292448258,947.6985720818366,103.74,109.74,110.71,6.0,/content/drive/MyDrive/SKANN_SSL/data/prototype_dataset/tensors/tensor_001627.npy,/content/drive/MyDrive/SKANN_SSL/data/prototype_dataset/waveforms/clip_001627.npy
1628,3,6,fishing_vessel,4,50.0,0.3333,6.9338,27.735,True,1903.32,155,25.0,317.57,168.42,98.17,0.1538172291627195,0.3069057207413063,0.3424836487913648,955.4728910999067,103.74,109.74,110.69,6.0,/content/drive/MyDrive/SKANN_SSL/data/prototype_dataset/tensors/tensor_001628.npy,/content/drive/MyDrive/SKANN_SSL/data/prototype_dataset/waveforms/clip_001628.npy
1629,4,6,fishing_vessel,4,50.0,0.3333,7.9655,31.8619,True,1773.74,203,25.0,119.51,123.5,323.73,0.1538172291627195,0.3069057207413063,0.3432734641552481,953.9916087862356,103.74,109.74,110.71,6.0,/content/drive/MyDrive/SKANN_SSL/data/prototype_dataset/tensors/tensor_001629.npy,/content/drive/MyDrive/SKANN_SSL/data/prototype_dataset/waveforms/clip_001629.npy
1630,0,6,fishing_vessel,4,50.0,0.6667,7.3415,29.3662,True,1867.34,288,25.0,334.6,235.14,0.0,0.1538172291627195,0.3069057207413064,0.3418566527192465,874.5843883075407,103.74,109.74,110.68,6.0,/content/drive/MyDrive/SKANN_SSL/data/prototype_dataset/tensors/tensor_001630.npy,/content/drive/MyDrive/SKANN_SSL/data/prototype_dataset/waveforms/clip_001630.npy
1631,1,6,fishing_vessel,4,50.0,0.6667,6.0804,24.3217,True,1853.86,260,25.0,114.93,404.46,57.71,0.1538172291627195,0.3069057207413063,0.3455528702901193,892.4172759460168,103.74,109.74,110.77,6.0,/content/drive/MyDrive/SKANN_SSL/data/prototype_dataset/tensors/tensor_001631.npy,/content/drive/MyDrive/SKANN_SSL/data/prototype_dataset/waveforms/clip_001631.npy
1632,2,6,fishing_vessel,4,50.0,0.6667,4.548,18.1919,True,1768.56,206,25.0,219.3,124.09,0.0,0.1538172291627195,0.3069057207413063,0.3378737347917665,912.0862050597812,103.74,109.74,110.58,6.0,/content/drive/MyDrive/SKANN_SSL/data/prototype_dataset/tensors/tensor_001632.npy,/content/drive/MyDrive/SKANN_SSL/data/prototype_dataset/waveforms/clip_001632.npy
1633,3,6,fishing_vessel,4,50.0,0.6667,7.5523,30.2092,True,1736.25,321,25.0,131.49,129.12,294.81,0.1538172291627195,0.3069057207413063,0.3400097410481199,880.1057693128884,103.74,109.74,110.63,6.0,/content/drive/MyDrive/SKANN_SSL/data/prototype_dataset/tensors/tensor_001633.npy,/content/drive/MyDrive/SKANN_SSL/data/prototype_dataset/waveforms/clip_001633.npy
1634,4,6,fishing_vessel,4,50.0,0.6667,4.2664,17.0655,True,1843.37,188,25.0,234.83,398.95,91.47,0.1538172291627195,0.3069057207413064,0.3417521264825713,919.3703928722238,103.74,109.74,110.67,6.0,/content/drive/MyDrive/SKANN_SSL/data/prototype_dataset/tensors/tensor_001634.npy,/content/drive/MyDrive/SKANN_SSL/data/prototype_dataset/waveforms/clip_001634.npy
1635,0,6,fishing_vessel,4,50.0,1.0,6.6699,26.6796,True,1837.19,350,25.0,223.3,297.63,0.0,0.1538172291627195,0.3069057207413063,0.3441273650814991,696.0402280196492,103.74,109.74,110.73,6.0,/content/drive/MyDrive/SKANN_SSL/data/prototype_dataset/tensors/tensor_001635.npy,/content/drive/MyDrive/SKANN_SSL/data/prototype_dataset/waveforms/clip_001635.npy
1636,1,6,fishing_vessel,4,50.0,1.0,6.9562,27.8248,True,1795.65,397,25.0,148.58,153.93,492.25,0.1538172291627195,0.3069057207413063,0.3450645976918952,624.3899486497618,103.74,109.74,110.76,6.0,/content/drive/MyDrive/SKANN_SSL/data/prototype_dataset/tensors/tensor_001636.npy,/content/drive/MyDrive/SKANN_SSL/data/prototype_dataset/waveforms/clip_001636.npy
1637,2,6,fishing_vessel,4,50.0,1.0,5.2613,21.0452,True,1773.68,300,25.0,261.88,211.62,0.0,0.1538172291627195,0.3069057207413063,0.3441696543425224,571.4605082184858,103.74,109.74,110.74,6.0,/content/drive/MyDrive/SKANN_SSL/data/prototype_dataset/tensors/tensor_001637.npy,/content/drive/MyDrive/SKANN_SSL/data/prototype_dataset/waveforms/clip_001637.npy
1638,3,6,fishing_vessel,4,50.0,1.0,6.0863,24.3451,True,1799.66,357,25.0,232.03,410.13,148.76,0.1538172291627195,0.3069057207413063,0.3439732626749524,688.3337654259208,103.74,109.74,110.73,6.0,/content/drive/MyDrive/SKANN_SSL/data/prototype_dataset/tensors/tensor_001638.npy,/content/drive/MyDrive/SKANN_SSL/data/prototype_dataset/waveforms/clip_001638.npy
1639,4,6,fishing_vessel,4,50.0,1.0,4.7165,18.8662,True,1784.83,250,25.0,426.67,294.26,68.8,0.1538172291627195,0.3069057207413064,0.3444718126400344,703.2581703680413,103.74,109.74,110.74,6.0,/content/drive/MyDrive/SKANN_SSL/data/prototype_dataset/tensors/tensor_001639.npy,/content/drive/MyDrive/SKANN_SSL/data/prototype_dataset/waveforms/clip_001639.npy
1640,0,6,fishing_vessel,5,0.0,0.0,7.4136,37.0678,False,0.0,0,25.0,109.73,136.12,402.7,0.1538172291627195,0.3069057207413064,0.345179384650388,978.6591933954256,103.74,109.74,110.76,6.0,/content/drive/MyDrive/SKANN_SSL/data/prototype_dataset/tensors/tensor_001640.npy,/content/drive/MyDrive/SKANN_SSL/data/prototype_dataset/waveforms/clip_001640.npy
1641,1,6,fishing_vessel,5,0.0,0.0,6.9183,34.5914,False,0.0,0,25.0,84.66,239.0,0.0,0.1538172291627195,0.3069057207413064,0.343066261452364,980.9119711260043,103.74,109.74,110.71,6.0,/content/drive/MyDrive/SKANN_SSL/data/prototype_dataset/tensors/tensor_001641.npy,/content/drive/MyDrive/SKANN_SSL/data/prototype_dataset/waveforms/clip_001641.npy
1642,2,6,fishing_vessel,5,0.0,0.0,6.8358,34.1791,False,0.0,0,25.0,251.74,272.48,135.44,0.1538172291627195,0.3069057207413063,0.3426502185363959,981.0564593167963,103.74,109.74,110.7,6.0,/content/drive/MyDrive/SKANN_SSL/data/prototype_dataset/tensors/tensor_001642.npy,/content/drive/MyDrive/SKANN_SSL/data/prototype_dataset/waveforms/clip_001642.npy
1643,3,6,fishing_vessel,5,0.0,0.0,4.7272,23.6358,False,0.0,0,25.0,138.98,268.26,0.0,0.1538172291627195,0.3069057207413064,0.3418880562002727,1011.3947067433924,103.74,109.74,110.68,6.0,/content/drive/MyDrive/SKANN_SSL/data/prototype_dataset/tensors/tensor_001643.npy,/content/drive/MyDrive/SKANN_SSL/data/prototype_dataset/waveforms/clip_001643.npy
1644,4,6,fishing_vessel,5,0.0,0.0,6.2668,31.334,False,0.0,0,25.0,228.03,53.13,0.0,0.1538172291627195,0.3069057207413064,0.341171957610034,977.6150058939228,103.74,109.74,110.66,6.0,/content/drive/MyDrive/SKANN_SSL/data/prototype_dataset/tensors/tensor_001644.npy,/content/drive/MyDrive/SKANN_SSL/data/prototype_dataset/waveforms/clip_001644.npy
1645,0,6,fishing_vessel,5,0.0,0.3333,5.5308,27.6539,True,1798.75,148,25.0,97.18,139.01,256.78,0.1538172291627195,0.3069057207413063,0.342950978325752,976.3299353976938,103.74,109.74,110.7,6.0,/content/drive/MyDrive/SKANN_SSL/data/prototype_dataset/tensors/tensor_001645.npy,/content/drive/MyDrive/SKANN_SSL/data/prototype_dataset/waveforms/clip_001645.npy
1646,1,6,fishing_vessel,5,0.0,0.3333,5.1897,25.9486,True,1823.09,163,25.0,177.19,344.24,0.0,0.1538172291627195,0.3069057207413064,0.3438027004119806,976.1674998731628,103.74,109.74,110.73,6.0,/content/drive/MyDrive/SKANN_SSL/data/prototype_dataset/tensors/tensor_001646.npy,/content/drive/MyDrive/SKANN_SSL/data/prototype_dataset/waveforms/clip_001646.npy
1647,2,6,fishing_vessel,5,0.0,0.3333,7.5408,37.7041,True,1802.98,223,25.0,227.31,341.84,0.0,0.1538172291627195,0.3069057207413063,0.3434569655699304,973.6277246807422,103.74,109.74,110.72,6.0,/content/drive/MyDrive/SKANN_SSL/data/prototype_dataset/tensors/tensor_001647.npy,/content/drive/MyDrive/SKANN_SSL/data/prototype_dataset/waveforms/clip_001647.npy
1648,3,6,fishing_vessel,5,0.0,0.3333,5.9593,29.7964,True,1808.05,171,25.0,185.96,448.45,0.0,0.1538172291627195,0.3069057207413064,0.3465811978208724,978.406318115272,103.74,109.74,110.8,6.0,/content/drive/MyDrive/SKANN_SSL/data/prototype_dataset/tensors/tensor_001648.npy,/content/drive/MyDrive/SKANN_SSL/data/prototype_dataset/waveforms/clip_001648.npy
1649,4,6,fishing_vessel,5,0.0,0.3333,4.5245,22.6224,True,1774.41,140,25.0,51.55,187.52,466.11,0.1538172291627195,0.3069057207413064,0.3441919229637821,993.7374385272086,103.74,109.74,110.74,6.0,/content/drive/MyDrive/SKANN_SSL/data/prototype_dataset/tensors/tensor_001649.npy,/content/drive/MyDrive/SKANN_SSL/data/prototype_dataset/waveforms/clip_001649.npy
1650,0,6,fishing_vessel,5,0.0,0.6667,4.6452,23.226,True,1907.2,259,25.0,67.1,350.34,0.0,0.1538172291627195,0.3069057207413064,0.3434617549336211,957.0838836911162,103.74,109.74,110.72,6.0,/content/drive/MyDrive/SKANN_SSL/data/prototype_dataset/tensors/tensor_001650.npy,/content/drive/MyDrive/SKANN_SSL/data/prototype_dataset/waveforms/clip_001650.npy
1651,1,6,fishing_vessel,5,0.0,0.6667,6.5946,32.973,True,1710.67,355,25.0,241.63,51.67,286.42,0.1538172291627195,0.3069057207413063,0.3409135195590033,877.4890121016483,103.74,109.74,110.65,6.0,/content/drive/MyDrive/SKANN_SSL/data/prototype_dataset/tensors/tensor_001651.npy,/content/drive/MyDrive/SKANN_SSL/data/prototype_dataset/waveforms/clip_001651.npy
1652,2,6,fishing_vessel,5,0.0,0.6667,5.8978,29.4892,True,1879.98,315,25.0,105.89,307.27,0.0,0.1538172291627195,0.3069057207413064,0.3455388442383652,934.4765734686634,103.74,109.74,110.77,6.0,/content/drive/MyDrive/SKANN_SSL/data/prototype_dataset/tensors/tensor_001652.npy,/content/drive/MyDrive/SKANN_SSL/data/prototype_dataset/waveforms/clip_001652.npy
1653,3,6,fishing_vessel,5,0.0,0.6667,7.5302,37.651,True,1863.53,414,25.0,277.5,105.32,229.31,0.1538172291627195,0.3069057207413063,0.343817853464357,891.100325302723,103.74,109.74,110.73,6.0,/content/drive/MyDrive/SKANN_SSL/data/prototype_dataset/tensors/tensor_001653.npy,/content/drive/MyDrive/SKANN_SSL/data/prototype_dataset/waveforms/clip_001653.npy
1654,4,6,fishing_vessel,5,0.0,0.6667,5.6037,28.0186,True,1809.25,328,25.0,362.63,149.39,69.9,0.1538172291627195,0.3069057207413063,0.3405974869580782,893.5463326592111,103.74,109.74,110.64,6.0,/content/drive/MyDrive/SKANN_SSL/data/prototype_dataset/tensors/tensor_001654.npy,/content/drive/MyDrive/SKANN_SSL/data/prototype_dataset/waveforms/clip_001654.npy
1655,0,6,fishing_vessel,5,0.0,1.0,6.3404,31.7018,True,1800.13,436,25.0,141.46,183.66,472.73,0.1538172291627195,0.3069057207413063,0.3409456898938968,709.3137741637677,103.74,109.74,110.65,6.0,/content/drive/MyDrive/SKANN_SSL/data/prototype_dataset/tensors/tensor_001655.npy,/content/drive/MyDrive/SKANN_SSL/data/prototype_dataset/waveforms/clip_001655.npy
1656,1,6,fishing_vessel,5,0.0,1.0,6.2725,31.3626,True,1785.62,470,25.0,271.48,284.27,130.05,0.1538172291627195,0.3069057207413063,0.3422735339558962,552.9702210400031,103.74,109.74,110.69,6.0,/content/drive/MyDrive/SKANN_SSL/data/prototype_dataset/tensors/tensor_001656.npy,/content/drive/MyDrive/SKANN_SSL/data/prototype_dataset/waveforms/clip_001656.npy
1657,2,6,fishing_vessel,5,0.0,1.0,7.6969,38.4845,True,1771.68,549,25.0,438.02,161.75,0.0,0.1538172291627195,0.3069057207413064,0.3455166091446865,537.3656830268174,103.74,109.74,110.77,6.0,/content/drive/MyDrive/SKANN_SSL/data/prototype_dataset/tensors/tensor_001657.npy,/content/drive/MyDrive/SKANN_SSL/data/prototype_dataset/waveforms/clip_001657.npy
1658,3,6,fishing_vessel,5,0.0,1.0,6.8622,34.3111,True,1832.48,507,25.0,336.71,109.75,164.98,0.1538172291627195,0.3069057207413064,0.3443553030437294,641.3727650102577,103.74,109.74,110.74,6.0,/content/drive/MyDrive/SKANN_SSL/data/prototype_dataset/tensors/tensor_001658.npy,/content/drive/MyDrive/SKANN_SSL/data/prototype_dataset/waveforms/clip_001658.npy
1659,4,6,fishing_vessel,5,0.0,1.0,5.186,25.9302,True,1837.05,433,25.0,402.1,216.27,0.0,0.1538172291627195,0.3069057207413064,0.3427608537905642,667.0658982470186,103.74,109.74,110.7,6.0,/content/drive/MyDrive/SKANN_SSL/data/prototype_dataset/tensors/tensor_001659.npy,/content/drive/MyDrive/SKANN_SSL/data/prototype_dataset/waveforms/clip_001659.npy
1660,0,6,fishing_vessel,5,50.0,0.0,7.1149,35.5746,False,0.0,0,25.0,305.65,102.7,0.0,0.1538172291627195,0.3069057207413063,0.345177812850174,955.5344550390064,103.74,109.74,110.76,6.0,/content/drive/MyDrive/SKANN_SSL/data/prototype_dataset/tensors/tensor_001660.npy,/content/drive/MyDrive/SKANN_SSL/data/prototype_dataset/waveforms/clip_001660.npy
1661,1,6,fishing_vessel,5,50.0,0.0,5.1679,25.8394,False,0.0,0,25.0,231.48,282.61,51.29,0.1538172291627195,0.3069057207413064,0.3408857237952135,958.107926454947,103.74,109.74,110.65,6.0,/content/drive/MyDrive/SKANN_SSL/data/prototype_dataset/tensors/tensor_001661.npy,/content/drive/MyDrive/SKANN_SSL/data/prototype_dataset/waveforms/clip_001661.npy
1662,2,6,fishing_vessel,5,50.0,0.0,5.2355,26.1775,False,0.0,0,25.0,109.71,415.6,253.7,0.1538172291627195,0.3069057207413063,0.3441670763736005,965.0377098093654,103.74,109.74,110.74,6.0,/content/drive/MyDrive/SKANN_SSL/data/prototype_dataset/tensors/tensor_001662.npy,/content/drive/MyDrive/SKANN_SSL/data/prototype_dataset/waveforms/clip_001662.npy
1663,3,6,fishing_vessel,5,50.0,0.0,6.7869,33.9345,False,0.0,0,25.0,282.39,52.4,0.0,0.1538172291627195,0.3069057207413063,0.3433670579519433,967.5687929968768,103.74,109.74,110.72,6.0,/content/drive/MyDrive/SKANN_SSL/data/prototype_dataset/tensors/tensor_001663.npy,/content/drive/MyDrive/SKANN_SSL/data/prototype_dataset/waveforms/clip_001663.npy
1664,4,6,fishing_vessel,5,50.0,0.0,7.6189,38.0945,False,0.0,0,25.0,144.89,252.48,0.0,0.1538172291627195,0.3069057207413064,0.3412965928467907,964.9836666087484,103.74,109.74,110.66,6.0,/content/drive/MyDrive/SKANN_SSL/data/prototype_dataset/tensors/tensor_001664.npy,/content/drive/MyDrive/SKANN_SSL/data/prototype_dataset/waveforms/clip_001664.npy
1665,0,6,fishing_vessel,5,50.0,0.3333,5.498,27.4902,True,1797.71,185,25.0,135.25,352.59,0.0,0.1538172291627195,0.3069057207413064,0.3447574333611693,960.009503992728,103.74,109.74,110.75,6.0,/content/drive/MyDrive/SKANN_SSL/data/prototype_dataset/tensors/tensor_001665.npy,/content/drive/MyDrive/SKANN_SSL/data/prototype_dataset/waveforms/clip_001665.npy
1666,1,6,fishing_vessel,5,50.0,0.3333,5.4481,27.2404,True,1767.59,165,25.0,269.28,276.37,0.0,0.1538172291627195,0.3069057207413063,0.344245914551707,959.3500134206344,103.74,109.74,110.74,6.0,/content/drive/MyDrive/SKANN_SSL/data/prototype_dataset/tensors/tensor_001666.npy,/content/drive/MyDrive/SKANN_SSL/data/prototype_dataset/waveforms/clip_001666.npy
1667,2,6,fishing_vessel,5,50.0,0.3333,5.2058,26.029,True,1657.48,152,25.0,498.94,102.93,0.0,0.1538172291627195,0.3069057207413063,0.3418995705936916,960.0598366080663,103.74,109.74,110.68,6.0,/content/drive/MyDrive/SKANN_SSL/data/prototype_dataset/tensors/tensor_001667.npy,/content/drive/MyDrive/SKANN_SSL/data/prototype_dataset/waveforms/clip_001667.npy
1668,3,6,fishing_vessel,5,50.0,0.3333,5.4806,27.4029,True,1749.07,151,25.0,427.81,125.17,71.71,0.1538172291627195,0.3069057207413063,0.3393532565540147,963.0646229174606,103.74,109.74,110.61,6.0,/content/drive/MyDrive/SKANN_SSL/data/prototype_dataset/tensors/tensor_001668.npy,/content/drive/MyDrive/SKANN_SSL/data/prototype_dataset/waveforms/clip_001668.npy
1669,4,6,fishing_vessel,5,50.0,0.3333,4.3791,21.8956,True,1841.37,126,25.0,253.15,149.62,287.43,0.1538172291627195,0.3069057207413063,0.3401341868887648,976.356905463434,103.74,109.74,110.63,6.0,/content/drive/MyDrive/SKANN_SSL/data/prototype_dataset/tensors/tensor_001669.npy,/content/drive/MyDrive/SKANN_SSL/data/prototype_dataset/waveforms/clip_001669.npy
1670,0,6,fishing_vessel,5,50.0,0.6667,7.1534,35.7668,True,1779.93,392,25.0,258.69,256.22,144.19,0.1538172291627195,0.3069057207413063,0.3425301888198001,811.796943451443,103.74,109.74,110.69,6.0,/content/drive/MyDrive/SKANN_SSL/data/prototype_dataset/tensors/tensor_001670.npy,/content/drive/MyDrive/SKANN_SSL/data/prototype_dataset/waveforms/clip_001670.npy
1671,1,6,fishing_vessel,5,50.0,0.6667,6.4957,32.4787,True,1778.25,317,25.0,135.48,139.42,230.46,0.1538172291627195,0.3069057207413063,0.3424076781736143,849.4316347210579,103.74,109.74,110.69,6.0,/content/drive/MyDrive/SKANN_SSL/data/prototype_dataset/tensors/tensor_001671.npy,/content/drive/MyDrive/SKANN_SSL/data/prototype_dataset/waveforms/clip_001671.npy
1672,2,6,fishing_vessel,5,50.0,0.6667,7.6108,38.0541,True,1847.71,448,25.0,355.5,229.81,50.17,0.1538172291627195,0.3069057207413063,0.3478606749303485,881.2046596813658,103.74,109.74,110.83,6.0,/content/drive/MyDrive/SKANN_SSL/data/prototype_dataset/tensors/tensor_001672.npy,/content/drive/MyDrive/SKANN_SSL/data/prototype_dataset/waveforms/clip_001672.npy
1673,3,6,fishing_vessel,5,50.0,0.6667,6.4248,32.1239,True,1780.06,334,25.0,65.14,121.53,0.0,0.1538172291627195,0.3069057207413064,0.3447124135251445,851.206409091491,103.74,109.74,110.75,6.0,/content/drive/MyDrive/SKANN_SSL/data/prototype_dataset/tensors/tensor_001673.npy,/content/drive/MyDrive/SKANN_SSL/data/prototype_dataset/waveforms/clip_001673.npy
1674,4,6,fishing_vessel,5,50.0,0.6667,7.9876,39.9382,True,1780.21,425,25.0,270.19,444.75,0.0,0.1538172291627195,0.3069057207413063,0.3432728600920032,806.7364852620932,103.74,109.74,110.71,6.0,/content/drive/MyDrive/SKANN_SSL/data/prototype_dataset/tensors/tensor_001674.npy,/content/drive/MyDrive/SKANN_SSL/data/prototype_dataset/waveforms/clip_001674.npy
1675,0,6,fishing_vessel,5,50.0,1.0,4.4582,22.2911,True,1732.83,312,25.0,121.65,88.3,0.0,0.1538172291627195,0.3069057207413063,0.3402168689216372,613.0569398976016,103.74,109.74,110.64,6.0,/content/drive/MyDrive/SKANN_SSL/data/prototype_dataset/tensors/tensor_001675.npy,/content/drive/MyDrive/SKANN_SSL/data/prototype_dataset/waveforms/clip_001675.npy
1676,1,6,fishing_vessel,5,50.0,1.0,5.4479,27.2394,True,1764.71,369,25.0,225.51,132.72,102.66,0.1538172291627195,0.3069057207413063,0.3440229798841524,702.41248614829,103.74,109.74,110.73,6.0,/content/drive/MyDrive/SKANN_SSL/data/prototype_dataset/tensors/tensor_001676.npy,/content/drive/MyDrive/SKANN_SSL/data/prototype_dataset/waveforms/clip_001676.npy
1677,2,6,fishing_vessel,5,50.0,1.0,4.5235,22.6175,True,1824.68,325,25.0,466.32,183.83,145.09,0.1538172291627195,0.3069057207413064,0.3451238183305395,688.2607686295851,103.74,109.74,110.76,6.0,/content/drive/MyDrive/SKANN_SSL/data/prototype_dataset/tensors/tensor_001677.npy,/content/drive/MyDrive/SKANN_SSL/data/prototype_dataset/waveforms/clip_001677.npy
1678,3,6,fishing_vessel,5,50.0,1.0,7.4358,37.1789,True,1809.38,589,25.0,68.23,154.99,0.0,0.1538172291627195,0.3069057207413063,0.3464348266882373,668.9036145325067,103.74,109.74,110.79,6.0,/content/drive/MyDrive/SKANN_SSL/data/prototype_dataset/tensors/tensor_001678.npy,/content/drive/MyDrive/SKANN_SSL/data/prototype_dataset/waveforms/clip_001678.npy
1679,4,6,fishing_vessel,5,50.0,1.0,6.3573,31.7863,True,1779.83,488,25.0,218.72,80.35,0.0,0.1538172291627195,0.3069057207413063,0.3442299639224824,521.5630005842493,103.74,109.74,110.74,6.0,/content/drive/MyDrive/SKANN_SSL/data/prototype_dataset/tensors/tensor_001679.npy,/content/drive/MyDrive/SKANN_SSL/data/prototype_dataset/waveforms/clip_001679.npy
1680,0,6,cargo_ship,3,0.0,0.0,1.8053,5.416,False,0.0,0,25.0,469.39,136.12,0.0,0.1538172291627195,0.3069057207413064,0.3432678965858159,983.7086161731328,103.74,109.74,110.71,6.0,/content/drive/MyDrive/SKANN_SSL/data/prototype_dataset/tensors/tensor_001680.npy,/content/drive/MyDrive/SKANN_SSL/data/prototype_dataset/waveforms/clip_001680.npy
1681,1,6,cargo_ship,3,0.0,0.0,1.8787,5.6361,False,0.0,0,25.0,103.85,401.43,0.0,0.1538172291627195,0.3069057207413064,0.3448711713187986,984.6365013505216,103.74,109.74,110.75,6.0,/content/drive/MyDrive/SKANN_SSL/data/prototype_dataset/tensors/tensor_001681.npy,/content/drive/MyDrive/SKANN_SSL/data/prototype_dataset/waveforms/clip_001681.npy
1682,2,6,cargo_ship,3,0.0,0.0,1.7867,5.3602,False,0.0,0,25.0,89.29,133.2,410.09,0.1538172291627195,0.3069057207413063,0.3451178393396443,981.5780194793472,103.74,109.74,110.76,6.0,/content/drive/MyDrive/SKANN_SSL/data/prototype_dataset/tensors/tensor_001682.npy,/content/drive/MyDrive/SKANN_SSL/data/prototype_dataset/waveforms/clip_001682.npy
1683,3,6,cargo_ship,3,0.0,0.0,1.7788,5.3363,False,0.0,0,25.0,285.48,90.11,0.0,0.1538172291627195,0.3069057207413064,0.3437322412396872,982.129606097224,103.74,109.74,110.72,6.0,/content/drive/MyDrive/SKANN_SSL/data/prototype_dataset/tensors/tensor_001683.npy,/content/drive/MyDrive/SKANN_SSL/data/prototype_dataset/waveforms/clip_001683.npy
1684,4,6,cargo_ship,3,0.0,0.0,2.1312,6.3937,False,0.0,0,25.0,321.57,106.09,0.0,0.1538172291627195,0.3069057207413063,0.3435519609842352,978.0510534949044,103.74,109.74,110.72,6.0,/content/drive/MyDrive/SKANN_SSL/data/prototype_dataset/tensors/tensor_001684.npy,/content/drive/MyDrive/SKANN_SSL/data/prototype_dataset/waveforms/clip_001684.npy
1685,0,6,cargo_ship,3,0.0,0.3333,1.5523,4.657,True,765.11,29,25.0,134.55,392.4,0.0,0.1538172291627195,0.3069057207413063,0.3431790632511843,1006.2872734398748,103.74,109.74,110.71,6.0,/content/drive/MyDrive/SKANN_SSL/data/prototype_dataset/tensors/tensor_001685.npy,/content/drive/MyDrive/SKANN_SSL/data/prototype_dataset/waveforms/clip_001685.npy
1686,1,6,cargo_ship,3,0.0,0.3333,1.6821,5.0462,True,615.09,40,25.0,149.61,136.09,0.0,0.1538172291627195,0.3069057207413063,0.3425507093619375,977.5009252646324,103.74,109.74,110.69,6.0,/content/drive/MyDrive/SKANN_SSL/data/prototype_dataset/tensors/tensor_001686.npy,/content/drive/MyDrive/SKANN_SSL/data/prototype_dataset/waveforms/clip_001686.npy
1687,2,6,cargo_ship,3,0.0,0.3333,1.8352,5.5055,True,686.96,33,25.0,72.97,295.42,0.0,0.1538172291627195,0.3069057207413063,0.3414775490203314,982.8467365326864,103.74,109.74,110.67,6.0,/content/drive/MyDrive/SKANN_SSL/data/prototype_dataset/tensors/tensor_001687.npy,/content/drive/MyDrive/SKANN_SSL/data/prototype_dataset/waveforms/clip_001687.npy
1688,3,6,cargo_ship,3,0.0,0.3333,1.7892,5.3676,True,741.9,28,25.0,296.74,120.65,300.02,0.1538172291627195,0.3069057207413063,0.343982906952075,983.1959247738027,103.74,109.74,110.73,6.0,/content/drive/MyDrive/SKANN_SSL/data/prototype_dataset/tensors/tensor_001688.npy,/content/drive/MyDrive/SKANN_SSL/data/prototype_dataset/waveforms/clip_001688.npy
1689,4,6,cargo_ship,3,0.0,0.3333,1.7811,5.3433,True,767.84,16,25.0,392.45,191.32,0.0,0.1538172291627195,0.3069057207413063,0.3462133755502962,985.1438094520475,103.74,109.74,110.79,6.0,/content/drive/MyDrive/SKANN_SSL/data/prototype_dataset/tensors/tensor_001689.npy,/content/drive/MyDrive/SKANN_SSL/data/prototype_dataset/waveforms/clip_001689.npy
1690,0,6,cargo_ship,3,0.0,0.6667,2.3168,6.9503,True,723.01,90,25.0,477.98,74.47,0.0,0.1538172291627195,0.3069057207413063,0.3408326464133589,954.2863097570302,103.74,109.74,110.65,6.0,/content/drive/MyDrive/SKANN_SSL/data/prototype_dataset/tensors/tensor_001690.npy,/content/drive/MyDrive/SKANN_SSL/data/prototype_dataset/waveforms/clip_001690.npy
1691,1,6,cargo_ship,3,0.0,0.6667,1.993,5.9791,True,728.07,82,25.0,268.35,148.25,160.74,0.1538172291627195,0.3069057207413063,0.3456385345092798,953.829680887004,103.74,109.74,110.77,6.0,/content/drive/MyDrive/SKANN_SSL/data/prototype_dataset/tensors/tensor_001691.npy,/content/drive/MyDrive/SKANN_SSL/data/prototype_dataset/waveforms/clip_001691.npy
1692,2,6,cargo_ship,3,0.0,0.6667,1.8762,5.6285,True,681.29,64,25.0,122.08,317.02,82.66,0.1538172291627195,0.3069057207413063,0.3451632594088661,959.1936286434138,103.74,109.74,110.76,6.0,/content/drive/MyDrive/SKANN_SSL/data/prototype_dataset/tensors/tensor_001692.npy,/content/drive/MyDrive/SKANN_SSL/data/prototype_dataset/waveforms/clip_001692.npy
1693,3,6,cargo_ship,3,0.0,0.6667,2.405,7.2149,True,706.0,80,25.0,99.89,220.91,432.75,0.1538172291627195,0.3069057207413063,0.3464835091208408,947.1757034409992,103.74,109.74,110.79,6.0,/content/drive/MyDrive/SKANN_SSL/data/prototype_dataset/tensors/tensor_001693.npy,/content/drive/MyDrive/SKANN_SSL/data/prototype_dataset/waveforms/clip_001693.npy
1694,4,6,cargo_ship,3,0.0,0.6667,2.2461,6.7384,True,750.53,76,25.0,237.39,86.65,385.57,0.1538172291627195,0.3069057207413064,0.3435990932299705,960.7400855437094,103.74,109.74,110.72,6.0,/content/drive/MyDrive/SKANN_SSL/data/prototype_dataset/tensors/tensor_001694.npy,/content/drive/MyDrive/SKANN_SSL/data/prototype_dataset/waveforms/clip_001694.npy
1695,0,6,cargo_ship,3,0.0,1.0,2.2496,6.7488,True,727.47,110,25.0,106.88,372.26,256.97,0.1538172291627195,0.3069057207413063,0.3424143071475008,801.6064804500785,103.74,109.74,110.69,6.0,/content/drive/MyDrive/SKANN_SSL/data/prototype_dataset/tensors/tensor_001695.npy,/content/drive/MyDrive/SKANN_SSL/data/prototype_dataset/waveforms/clip_001695.npy
1696,1,6,cargo_ship,3,0.0,1.0,2.2534,6.7602,True,764.48,94,25.0,441.34,129.94,0.0,0.1538172291627195,0.3069057207413064,0.3455204870818374,842.4812019848376,103.74,109.74,110.77,6.0,/content/drive/MyDrive/SKANN_SSL/data/prototype_dataset/tensors/tensor_001696.npy,/content/drive/MyDrive/SKANN_SSL/data/prototype_dataset/waveforms/clip_001696.npy
1697,2,6,cargo_ship,3,0.0,1.0,2.1438,6.4313,True,761.02,80,25.0,416.78,230.18,0.0,0.1538172291627195,0.3069057207413064,0.3429564767709517,898.6297006037296,103.74,109.74,110.7,6.0,/content/drive/MyDrive/SKANN_SSL/data/prototype_dataset/tensors/tensor_001697.npy,/content/drive/MyDrive/SKANN_SSL/data/prototype_dataset/waveforms/clip_001697.npy
1698,3,6,cargo_ship,3,0.0,1.0,1.5187,4.556,True,680.6,81,25.0,249.31,120.99,140.63,0.1538172291627195,0.3069057207413063,0.3448193286136231,877.4660496284343,103.74,109.74,110.75,6.0,/content/drive/MyDrive/SKANN_SSL/data/prototype_dataset/tensors/tensor_001698.npy,/content/drive/MyDrive/SKANN_SSL/data/prototype_dataset/waveforms/clip_001698.npy
1699,4,6,cargo_ship,3,0.0,1.0,1.9481,5.8442,True,792.96,100,25.0,197.68,487.78,0.0,0.1538172291627195,0.3069057207413063,0.3435102484971374,929.8272995384066,103.74,109.74,110.72,6.0,/content/drive/MyDrive/SKANN_SSL/data/prototype_dataset/tensors/tensor_001699.npy,/content/drive/MyDrive/SKANN_SSL/data/prototype_dataset/waveforms/clip_001699.npy
1700,0,6,cargo_ship,3,50.0,0.0,2.2627,6.7881,False,0.0,0,25.0,447.26,89.76,243.94,0.1538172291627195,0.3069057207413064,0.3424028813489854,962.7835720023662,103.74,109.74,110.69,6.0,/content/drive/MyDrive/SKANN_SSL/data/prototype_dataset/tensors/tensor_001700.npy,/content/drive/MyDrive/SKANN_SSL/data/prototype_dataset/waveforms/clip_001700.npy
1701,1,6,cargo_ship,3,50.0,0.0,1.784,5.3519,False,0.0,0,25.0,107.11,55.72,349.12,0.1538172291627195,0.3069057207413063,0.342290862099185,964.7069928079962,103.74,109.74,110.69,6.0,/content/drive/MyDrive/SKANN_SSL/data/prototype_dataset/tensors/tensor_001701.npy,/content/drive/MyDrive/SKANN_SSL/data/prototype_dataset/waveforms/clip_001701.npy
1702,2,6,cargo_ship,3,50.0,0.0,2.4708,7.4124,False,0.0,0,25.0,233.38,229.04,0.0,0.1538172291627195,0.3069057207413064,0.3426634687248561,962.2324826328036,103.74,109.74,110.7,6.0,/content/drive/MyDrive/SKANN_SSL/data/prototype_dataset/tensors/tensor_001702.npy,/content/drive/MyDrive/SKANN_SSL/data/prototype_dataset/waveforms/clip_001702.npy
1703,3,6,cargo_ship,3,50.0,0.0,2.1491,6.4474,False,0.0,0,25.0,72.58,357.26,285.24,0.1538172291627195,0.3069057207413063,0.3423624983330495,957.597878354857,103.74,109.74,110.69,6.0,/content/drive/MyDrive/SKANN_SSL/data/prototype_dataset/tensors/tensor_001703.npy,/content/drive/MyDrive/SKANN_SSL/data/prototype_dataset/waveforms/clip_001703.npy
1704,4,6,cargo_ship,3,50.0,0.0,1.6891,5.0674,False,0.0,0,25.0,442.96,119.02,141.94,0.1538172291627195,0.3069057207413064,0.3422033010020426,965.3654839957017,103.74,109.74,110.69,6.0,/content/drive/MyDrive/SKANN_SSL/data/prototype_dataset/tensors/tensor_001704.npy,/content/drive/MyDrive/SKANN_SSL/data/prototype_dataset/waveforms/clip_001704.npy
1705,0,6,cargo_ship,3,50.0,0.3333,2.4407,7.3222,True,770.39,56,25.0,119.13,365.56,0.0,0.1538172291627195,0.3069057207413063,0.3443486037505956,963.6077872915477,103.74,109.74,110.74,6.0,/content/drive/MyDrive/SKANN_SSL/data/prototype_dataset/tensors/tensor_001705.npy,/content/drive/MyDrive/SKANN_SSL/data/prototype_dataset/waveforms/clip_001705.npy
1706,1,6,cargo_ship,3,50.0,0.3333,2.2854,6.8563,True,648.76,27,25.0,112.21,283.33,480.99,0.1538172291627195,0.3069057207413063,0.3429014852506322,955.3131553986988,103.74,109.74,110.7,6.0,/content/drive/MyDrive/SKANN_SSL/data/prototype_dataset/tensors/tensor_001706.npy,/content/drive/MyDrive/SKANN_SSL/data/prototype_dataset/waveforms/clip_001706.npy
1707,2,6,cargo_ship,3,50.0,0.3333,1.6865,5.0596,True,764.24,24,25.0,294.88,148.02,464.92,0.1538172291627195,0.3069057207413063,0.3430691532396776,963.3753966455632,103.74,109.74,110.71,6.0,/content/drive/MyDrive/SKANN_SSL/data/prototype_dataset/tensors/tensor_001707.npy,/content/drive/MyDrive/SKANN_SSL/data/prototype_dataset/waveforms/clip_001707.npy
1708,3,6,cargo_ship,3,50.0,0.3333,2.0598,6.1793,True,707.18,43,25.0,295.46,485.21,57.23,0.1538172291627195,0.3069057207413064,0.3435244996801943,956.6741907009288,103.74,109.74,110.72,6.0,/content/drive/MyDrive/SKANN_SSL/data/prototype_dataset/tensors/tensor_001708.npy,/content/drive/MyDrive/SKANN_SSL/data/prototype_dataset/waveforms/clip_001708.npy
1709,4,6,cargo_ship,3,50.0,0.3333,2.0055,6.0165,True,730.67,38,25.0,158.28,486.16,0.0,0.1538172291627195,0.3069057207413063,0.3427063600718835,960.2370848504872,103.74,109.74,110.7,6.0,/content/drive/MyDrive/SKANN_SSL/data/prototype_dataset/tensors/tensor_001709.npy,/content/drive/MyDrive/SKANN_SSL/data/prototype_dataset/waveforms/clip_001709.npy
1710,0,6,cargo_ship,3,50.0,0.6667,2.335,7.0049,True,798.5,65,25.0,269.3,60.52,0.0,0.1538172291627195,0.3069057207413064,0.3415564167874867,935.4869981179824,103.74,109.74,110.67,6.0,/content/drive/MyDrive/SKANN_SSL/data/prototype_dataset/tensors/tensor_001710.npy,/content/drive/MyDrive/SKANN_SSL/data/prototype_dataset/waveforms/clip_001710.npy
1711,1,6,cargo_ship,3,50.0,0.6667,1.9267,5.78,True,755.98,79,25.0,437.98,104.54,0.0,0.1538172291627195,0.3069057207413063,0.3459735643176345,938.0697807191494,103.74,109.74,110.78,6.0,/content/drive/MyDrive/SKANN_SSL/data/prototype_dataset/tensors/tensor_001711.npy,/content/drive/MyDrive/SKANN_SSL/data/prototype_dataset/waveforms/clip_001711.npy
1712,2,6,cargo_ship,3,50.0,0.6667,1.9303,5.791,True,744.96,65,25.0,417.63,68.75,0.0,0.1538172291627195,0.3069057207413063,0.3410443256639148,960.563504914936,103.74,109.74,110.66,6.0,/content/drive/MyDrive/SKANN_SSL/data/prototype_dataset/tensors/tensor_001712.npy,/content/drive/MyDrive/SKANN_SSL/data/prototype_dataset/waveforms/clip_001712.npy
1713,3,6,cargo_ship,3,50.0,0.6667,1.9189,5.7568,True,787.43,54,25.0,360.1,120.71,225.76,0.1538172291627195,0.3069057207413063,0.3440837384672054,956.5880660544374,103.74,109.74,110.73,6.0,/content/drive/MyDrive/SKANN_SSL/data/prototype_dataset/tensors/tensor_001713.npy,/content/drive/MyDrive/SKANN_SSL/data/prototype_dataset/waveforms/clip_001713.npy
1714,4,6,cargo_ship,3,50.0,0.6667,1.5129,4.5386,True,711.04,57,25.0,201.93,120.13,0.0,0.1538172291627195,0.3069057207413063,0.3448651973971371,963.0379682652284,103.74,109.74,110.75,6.0,/content/drive/MyDrive/SKANN_SSL/data/prototype_dataset/tensors/tensor_001714.npy,/content/drive/MyDrive/SKANN_SSL/data/prototype_dataset/waveforms/clip_001714.npy
1715,0,6,cargo_ship,3,50.0,1.0,2.3826,7.1477,True,746.98,93,25.0,152.42,121.78,0.0,0.1538172291627195,0.3069057207413063,0.3423803438638472,875.8504671175017,103.74,109.74,110.69,6.0,/content/drive/MyDrive/SKANN_SSL/data/prototype_dataset/tensors/tensor_001715.npy,/content/drive/MyDrive/SKANN_SSL/data/prototype_dataset/waveforms/clip_001715.npy
1716,1,6,cargo_ship,3,50.0,1.0,1.8555,5.5665,True,749.49,94,25.0,203.14,235.35,0.0,0.1538172291627195,0.3069057207413063,0.3393547677212195,906.520297674244,103.74,109.74,110.61,6.0,/content/drive/MyDrive/SKANN_SSL/data/prototype_dataset/tensors/tensor_001716.npy,/content/drive/MyDrive/SKANN_SSL/data/prototype_dataset/waveforms/clip_001716.npy
1717,2,6,cargo_ship,3,50.0,1.0,1.8843,5.653,True,750.9,84,25.0,412.98,236.93,0.0,0.1538172291627195,0.3069057207413064,0.3459987537079012,936.5720544563356,103.74,109.74,110.78,6.0,/content/drive/MyDrive/SKANN_SSL/data/prototype_dataset/tensors/tensor_001717.npy,/content/drive/MyDrive/SKANN_SSL/data/prototype_dataset/waveforms/clip_001717.npy
1718,3,6,cargo_ship,3,50.0,1.0,1.8828,5.6484,True,721.94,101,25.0,495.17,248.49,119.6,0.1538172291627195,0.3069057207413063,0.3488712150920593,845.088558958318,103.74,109.74,110.85,6.0,/content/drive/MyDrive/SKANN_SSL/data/prototype_dataset/tensors/tensor_001718.npy,/content/drive/MyDrive/SKANN_SSL/data/prototype_dataset/waveforms/clip_001718.npy
1719,4,6,cargo_ship,3,50.0,1.0,1.507,4.521,True,731.87,60,25.0,404.99,143.99,0.0,0.1538172291627195,0.3069057207413063,0.3405164785159423,866.0008504902563,103.74,109.74,110.64,6.0,/content/drive/MyDrive/SKANN_SSL/data/prototype_dataset/tensors/tensor_001719.npy,/content/drive/MyDrive/SKANN_SSL/data/prototype_dataset/waveforms/clip_001719.npy
1720,0,6,cargo_ship,4,0.0,0.0,2.184,8.736,False,0.0,0,25.0,258.82,265.87,0.0,0.1538172291627195,0.3069057207413064,0.3429569869962888,985.214981315395,103.74,109.74,110.7,6.0,/content/drive/MyDrive/SKANN_SSL/data/prototype_dataset/tensors/tensor_001720.npy,/content/drive/MyDrive/SKANN_SSL/data/prototype_dataset/waveforms/clip_001720.npy
1721,1,6,cargo_ship,4,0.0,0.0,1.6509,6.6037,False,0.0,0,25.0,117.05,220.24,225.59,0.1538172291627195,0.3069057207413064,0.3434264319908579,988.9036613152808,103.74,109.74,110.72,6.0,/content/drive/MyDrive/SKANN_SSL/data/prototype_dataset/tensors/tensor_001721.npy,/content/drive/MyDrive/SKANN_SSL/data/prototype_dataset/waveforms/clip_001721.npy
1722,2,6,cargo_ship,4,0.0,0.0,1.7614,7.0456,False,0.0,0,25.0,468.4,94.66,0.0,0.1538172291627195,0.3069057207413064,0.3400561890771034,987.4876626265836,103.74,109.74,110.63,6.0,/content/drive/MyDrive/SKANN_SSL/data/prototype_dataset/tensors/tensor_001722.npy,/content/drive/MyDrive/SKANN_SSL/data/prototype_dataset/waveforms/clip_001722.npy
1723,3,6,cargo_ship,4,0.0,0.0,2.1225,8.4902,False,0.0,0,25.0,121.48,245.74,236.79,0.1538172291627195,0.3069057207413064,0.3441731103080638,979.1342344918884,103.74,109.74,110.74,6.0,/content/drive/MyDrive/SKANN_SSL/data/prototype_dataset/tensors/tensor_001723.npy,/content/drive/MyDrive/SKANN_SSL/data/prototype_dataset/waveforms/clip_001723.npy
1724,4,6,cargo_ship,4,0.0,0.0,1.9765,7.9061,False,0.0,0,25.0,108.43,347.61,147.88,0.1538172291627195,0.3069057207413064,0.3429780699092072,987.8889316612002,103.74,109.74,110.71,6.0,/content/drive/MyDrive/SKANN_SSL/data/prototype_dataset/tensors/tensor_001724.npy,/content/drive/MyDrive/SKANN_SSL/data/prototype_dataset/waveforms/clip_001724.npy
1725,0,6,cargo_ship,4,0.0,0.3333,2.0695,8.278,True,750.97,56,25.0,173.66,250.24,113.69,0.1538172291627195,0.3069057207413063,0.3456388032193301,974.2846287502972,103.74,109.74,110.77,6.0,/content/drive/MyDrive/SKANN_SSL/data/prototype_dataset/tensors/tensor_001725.npy,/content/drive/MyDrive/SKANN_SSL/data/prototype_dataset/waveforms/clip_001725.npy
1726,1,6,cargo_ship,4,0.0,0.3333,2.4583,9.8332,True,726.91,56,25.0,227.6,114.2,126.97,0.1538172291627195,0.3069057207413063,0.3408667447008924,983.3693836053626,103.74,109.74,110.65,6.0,/content/drive/MyDrive/SKANN_SSL/data/prototype_dataset/tensors/tensor_001726.npy,/content/drive/MyDrive/SKANN_SSL/data/prototype_dataset/waveforms/clip_001726.npy
1727,2,6,cargo_ship,4,0.0,0.3333,2.1617,8.6468,True,734.02,49,25.0,455.72,103.18,0.0,0.1538172291627195,0.3069057207413063,0.3468549362279312,980.949373934584,103.74,109.74,110.8,6.0,/content/drive/MyDrive/SKANN_SSL/data/prototype_dataset/tensors/tensor_001727.npy,/content/drive/MyDrive/SKANN_SSL/data/prototype_dataset/waveforms/clip_001727.npy
1728,3,6,cargo_ship,4,0.0,0.3333,2.2487,8.9946,True,715.18,48,25.0,343.32,106.91,0.0,0.1538172291627195,0.3069057207413064,0.3420268204600545,984.9538943969286,103.74,109.74,110.68,6.0,/content/drive/MyDrive/SKANN_SSL/data/prototype_dataset/tensors/tensor_001728.npy,/content/drive/MyDrive/SKANN_SSL/data/prototype_dataset/waveforms/clip_001728.npy
1729,4,6,cargo_ship,4,0.0,0.3333,1.9446,7.7786,True,761.51,49,25.0,87.27,236.46,0.0,0.1538172291627195,0.3069057207413063,0.3458597432194403,991.261932898792,103.74,109.74,110.78,6.0,/content/drive/MyDrive/SKANN_SSL/data/prototype_dataset/tensors/tensor_001729.npy,/content/drive/MyDrive/SKANN_SSL/data/prototype_dataset/waveforms/clip_001729.npy
1730,0,6,cargo_ship,4,0.0,0.6667,1.5108,6.0431,True,675.53,70,25.0,260.1,149.87,0.0,0.1538172291627195,0.3069057207413063,0.3428023086917438,959.0035952291976,103.74,109.74,110.7,6.0,/content/drive/MyDrive/SKANN_SSL/data/prototype_dataset/tensors/tensor_001730.npy,/content/drive/MyDrive/SKANN_SSL/data/prototype_dataset/waveforms/clip_001730.npy
1731,1,6,cargo_ship,4,0.0,0.6667,1.5773,6.3094,True,670.79,62,25.0,131.21,271.31,0.0,0.1538172291627195,0.3069057207413063,0.3451697144045293,966.8393505344366,103.74,109.74,110.76,6.0,/content/drive/MyDrive/SKANN_SSL/data/prototype_dataset/tensors/tensor_001731.npy,/content/drive/MyDrive/SKANN_SSL/data/prototype_dataset/waveforms/clip_001731.npy
1732,2,6,cargo_ship,4,0.0,0.6667,1.8367,7.3469,True,756.79,67,25.0,179.68,116.86,259.3,0.1538172291627195,0.3069057207413064,0.3443289960687122,970.5863652284968,103.74,109.74,110.74,6.0,/content/drive/MyDrive/SKANN_SSL/data/prototype_dataset/tensors/tensor_001732.npy,/content/drive/MyDrive/SKANN_SSL/data/prototype_dataset/waveforms/clip_001732.npy
1733,3,6,cargo_ship,4,0.0,0.6667,1.5506,6.2024,True,705.82,73,25.0,240.77,159.34,0.0,0.1538172291627195,0.3069057207413063,0.3459264445876421,960.724852578488,103.74,109.74,110.78,6.0,/content/drive/MyDrive/SKANN_SSL/data/prototype_dataset/tensors/tensor_001733.npy,/content/drive/MyDrive/SKANN_SSL/data/prototype_dataset/waveforms/clip_001733.npy
1734,4,6,cargo_ship,4,0.0,0.6667,2.2251,8.9004,True,720.77,85,25.0,407.35,122.76,0.0,0.1538172291627195,0.3069057207413063,0.3428296651700063,962.6303323779396,103.74,109.74,110.7,6.0,/content/drive/MyDrive/SKANN_SSL/data/prototype_dataset/tensors/tensor_001734.npy,/content/drive/MyDrive/SKANN_SSL/data/prototype_dataset/waveforms/clip_001734.npy
1735,0,6,cargo_ship,4,0.0,1.0,1.9263,7.7051,True,782.1,120,25.0,208.03,326.15,0.0,0.1538172291627195,0.3069057207413064,0.3442438876013682,773.7773793500119,103.74,109.74,110.74,6.0,/content/drive/MyDrive/SKANN_SSL/data/prototype_dataset/tensors/tensor_001735.npy,/content/drive/MyDrive/SKANN_SSL/data/prototype_dataset/waveforms/clip_001735.npy
1736,1,6,cargo_ship,4,0.0,1.0,1.9024,7.6097,True,734.29,132,25.0,138.52,65.38,0.0,0.1538172291627195,0.3069057207413063,0.3451728465235539,819.894817210821,103.74,109.74,110.76,6.0,/content/drive/MyDrive/SKANN_SSL/data/prototype_dataset/tensors/tensor_001736.npy,/content/drive/MyDrive/SKANN_SSL/data/prototype_dataset/waveforms/clip_001736.npy
1737,2,6,cargo_ship,4,0.0,1.0,1.6182,6.4729,True,746.05,105,25.0,266.39,455.63,0.0,0.1538172291627195,0.3069057207413064,0.3429867409704024,876.8099572049027,103.74,109.74,110.71,6.0,/content/drive/MyDrive/SKANN_SSL/data/prototype_dataset/tensors/tensor_001737.npy,/content/drive/MyDrive/SKANN_SSL/data/prototype_dataset/waveforms/clip_001737.npy
1738,3,6,cargo_ship,4,0.0,1.0,1.6484,6.5936,True,751.31,94,25.0,167.45,250.5,148.63,0.1538172291627195,0.3069057207413064,0.3424359250907151,914.971035952256,103.74,109.74,110.69,6.0,/content/drive/MyDrive/SKANN_SSL/data/prototype_dataset/tensors/tensor_001738.npy,/content/drive/MyDrive/SKANN_SSL/data/prototype_dataset/waveforms/clip_001738.npy
1739,4,6,cargo_ship,4,0.0,1.0,1.9681,7.8724,True,777.53,131,25.0,140.92,67.21,0.0,0.1538172291627195,0.3069057207413064,0.3426537699009184,825.8118281907127,103.74,109.74,110.7,6.0,/content/drive/MyDrive/SKANN_SSL/data/prototype_dataset/tensors/tensor_001739.npy,/content/drive/MyDrive/SKANN_SSL/data/prototype_dataset/waveforms/clip_001739.npy
1740,0,6,cargo_ship,4,50.0,0.0,2.0922,8.3687,False,0.0,0,25.0,444.72,252.82,0.0,0.1538172291627195,0.3069057207413064,0.3408791023189169,959.340369616798,103.74,109.74,110.65,6.0,/content/drive/MyDrive/SKANN_SSL/data/prototype_dataset/tensors/tensor_001740.npy,/content/drive/MyDrive/SKANN_SSL/data/prototype_dataset/waveforms/clip_001740.npy
1741,1,6,cargo_ship,4,50.0,0.0,1.8708,7.4831,False,0.0,0,25.0,128.71,366.1,0.0,0.1538172291627195,0.3069057207413063,0.3448208984077514,972.640193972838,103.74,109.74,110.75,6.0,/content/drive/MyDrive/SKANN_SSL/data/prototype_dataset/tensors/tensor_001741.npy,/content/drive/MyDrive/SKANN_SSL/data/prototype_dataset/waveforms/clip_001741.npy
1742,2,6,cargo_ship,4,50.0,0.0,1.5486,6.1943,False,0.0,0,25.0,270.73,391.69,0.0,0.1538172291627195,0.3069057207413063,0.343741217557821,965.9374262903428,103.74,109.74,110.72,6.0,/content/drive/MyDrive/SKANN_SSL/data/prototype_dataset/tensors/tensor_001742.npy,/content/drive/MyDrive/SKANN_SSL/data/prototype_dataset/waveforms/clip_001742.npy
1743,3,6,cargo_ship,4,50.0,0.0,1.9485,7.7942,False,0.0,0,25.0,400.75,135.0,114.51,0.1538172291627195,0.3069057207413063,0.344316685052716,964.634009938654,103.74,109.74,110.74,6.0,/content/drive/MyDrive/SKANN_SSL/data/prototype_dataset/tensors/tensor_001743.npy,/content/drive/MyDrive/SKANN_SSL/data/prototype_dataset/waveforms/clip_001743.npy
1744,4,6,cargo_ship,4,50.0,0.0,1.6508,6.6031,False,0.0,0,25.0,120.19,255.21,0.0,0.1538172291627195,0.3069057207413063,0.3439021865903447,973.5115999996776,103.74,109.74,110.73,6.0,/content/drive/MyDrive/SKANN_SSL/data/prototype_dataset/tensors/tensor_001744.npy,/content/drive/MyDrive/SKANN_SSL/data/prototype_dataset/waveforms/clip_001744.npy
1745,0,6,cargo_ship,4,50.0,0.3333,2.376,9.5042,True,789.43,58,25.0,129.07,245.76,0.0,0.1538172291627195,0.3069057207413063,0.3396716462717862,965.8810663193544,103.74,109.74,110.62,6.0,/content/drive/MyDrive/SKANN_SSL/data/prototype_dataset/tensors/tensor_001745.npy,/content/drive/MyDrive/SKANN_SSL/data/prototype_dataset/waveforms/clip_001745.npy
1746,1,6,cargo_ship,4,50.0,0.3333,1.9515,7.8059,True,648.8,40,25.0,106.19,215.02,307.18,0.1538172291627195,0.3069057207413064,0.3446271316196916,967.1322806336452,103.74,109.74,110.75,6.0,/content/drive/MyDrive/SKANN_SSL/data/prototype_dataset/tensors/tensor_001746.npy,/content/drive/MyDrive/SKANN_SSL/data/prototype_dataset/waveforms/clip_001746.npy
1747,2,6,cargo_ship,4,50.0,0.3333,1.8265,7.3062,True,721.64,50,25.0,146.03,225.4,412.79,0.1538172291627195,0.3069057207413064,0.34413048144721,961.9097699712476,103.74,109.74,110.73,6.0,/content/drive/MyDrive/SKANN_SSL/data/prototype_dataset/tensors/tensor_001747.npy,/content/drive/MyDrive/SKANN_SSL/data/prototype_dataset/waveforms/clip_001747.npy
1748,3,6,cargo_ship,4,50.0,0.3333,2.2269,8.9078,True,737.08,44,25.0,295.44,174.95,50.62,0.1538172291627195,0.3069057207413064,0.3464423122984147,961.9469202147668,103.74,109.74,110.79,6.0,/content/drive/MyDrive/SKANN_SSL/data/prototype_dataset/tensors/tensor_001748.npy,/content/drive/MyDrive/SKANN_SSL/data/prototype_dataset/waveforms/clip_001748.npy
1749,4,6,cargo_ship,4,50.0,0.3333,2.3927,9.571,True,716.84,69,25.0,174.0,469.38,0.0,0.1538172291627195,0.3069057207413063,0.3443055243453071,966.5736144925444,103.74,109.74,110.74,6.0,/content/drive/MyDrive/SKANN_SSL/data/prototype_dataset/tensors/tensor_001749.npy,/content/drive/MyDrive/SKANN_SSL/data/prototype_dataset/waveforms/clip_001749.npy
1750,0,6,cargo_ship,4,50.0,0.6667,2.3508,9.4032,True,749.19,72,25.0,222.44,255.79,0.0,0.1538172291627195,0.3069057207413064,0.3413212272698313,962.440546720862,103.74,109.74,110.66,6.0,/content/drive/MyDrive/SKANN_SSL/data/prototype_dataset/tensors/tensor_001750.npy,/content/drive/MyDrive/SKANN_SSL/data/prototype_dataset/waveforms/clip_001750.npy
1751,1,6,cargo_ship,4,50.0,0.6667,1.5032,6.0128,True,779.59,74,25.0,355.11,163.01,0.0,0.1538172291627195,0.3069057207413064,0.3429175247731331,957.381723180796,103.74,109.74,110.7,6.0,/content/drive/MyDrive/SKANN_SSL/data/prototype_dataset/tensors/tensor_001751.npy,/content/drive/MyDrive/SKANN_SSL/data/prototype_dataset/waveforms/clip_001751.npy
1752,2,6,cargo_ship,4,50.0,0.6667,1.9603,7.8412,True,739.53,66,25.0,292.36,310.91,143.3,0.1538172291627195,0.3069057207413064,0.3458517728954371,949.0833816795414,103.74,109.74,110.78,6.0,/content/drive/MyDrive/SKANN_SSL/data/prototype_dataset/tensors/tensor_001752.npy,/content/drive/MyDrive/SKANN_SSL/data/prototype_dataset/waveforms/clip_001752.npy
1753,3,6,cargo_ship,4,50.0,0.6667,1.7904,7.1614,True,734.04,61,25.0,224.59,117.41,0.0,0.1538172291627195,0.3069057207413064,0.3439831581375514,955.1982648144142,103.74,109.74,110.73,6.0,/content/drive/MyDrive/SKANN_SSL/data/prototype_dataset/tensors/tensor_001753.npy,/content/drive/MyDrive/SKANN_SSL/data/prototype_dataset/waveforms/clip_001753.npy
1754,4,6,cargo_ship,4,50.0,0.6667,2.4902,9.9609,True,675.61,98,25.0,132.02,69.02,408.74,0.1538172291627195,0.3069057207413063,0.3414741288516865,919.214869402401,103.74,109.74,110.67,6.0,/content/drive/MyDrive/SKANN_SSL/data/prototype_dataset/tensors/tensor_001754.npy,/content/drive/MyDrive/SKANN_SSL/data/prototype_dataset/waveforms/clip_001754.npy
1755,0,6,cargo_ship,4,50.0,1.0,1.5841,6.3365,True,701.72,103,25.0,342.52,51.6,0.0,0.1538172291627195,0.3069057207413063,0.3459922920453443,916.1570773494392,103.74,109.74,110.78,6.0,/content/drive/MyDrive/SKANN_SSL/data/prototype_dataset/tensors/tensor_001755.npy,/content/drive/MyDrive/SKANN_SSL/data/prototype_dataset/waveforms/clip_001755.npy
1756,1,6,cargo_ship,4,50.0,1.0,2.3676,9.4706,True,713.13,125,25.0,398.71,59.56,174.71,0.1538172291627195,0.3069057207413063,0.3450892564130758,843.2422006208031,103.74,109.74,110.76,6.0,/content/drive/MyDrive/SKANN_SSL/data/prototype_dataset/tensors/tensor_001756.npy,/content/drive/MyDrive/SKANN_SSL/data/prototype_dataset/waveforms/clip_001756.npy
1757,2,6,cargo_ship,4,50.0,1.0,1.8245,7.298,True,785.28,105,25.0,103.95,223.99,432.43,0.1538172291627195,0.3069057207413064,0.3420994983849043,894.0490188327307,103.74,109.74,110.68,6.0,/content/drive/MyDrive/SKANN_SSL/data/prototype_dataset/tensors/tensor_001757.npy,/content/drive/MyDrive/SKANN_SSL/data/prototype_dataset/waveforms/clip_001757.npy
1758,3,6,cargo_ship,4,50.0,1.0,2.0924,8.3698,True,723.26,114,25.0,128.87,180.07,0.0,0.1538172291627195,0.3069057207413063,0.3430592080894551,861.7569540814867,103.74,109.74,110.71,6.0,/content/drive/MyDrive/SKANN_SSL/data/prototype_dataset/tensors/tensor_001758.npy,/content/drive/MyDrive/SKANN_SSL/data/prototype_dataset/waveforms/clip_001758.npy
1759,4,6,cargo_ship,4,50.0,1.0,2.1827,8.7309,True,682.11,138,25.0,242.29,430.52,0.0,0.1538172291627195,0.3069057207413064,0.3438039079026162,775.5479690524929,103.74,109.74,110.73,6.0,/content/drive/MyDrive/SKANN_SSL/data/prototype_dataset/tensors/tensor_001759.npy,/content/drive/MyDrive/SKANN_SSL/data/prototype_dataset/waveforms/clip_001759.npy
1760,0,6,cargo_ship,5,0.0,0.0,1.7872,8.9359,False,0.0,0,25.0,225.55,441.62,0.0,0.1538172291627195,0.3069057207413063,0.3430868519102356,987.9898555898848,103.74,109.74,110.71,6.0,/content/drive/MyDrive/SKANN_SSL/data/prototype_dataset/tensors/tensor_001760.npy,/content/drive/MyDrive/SKANN_SSL/data/prototype_dataset/waveforms/clip_001760.npy
1761,1,6,cargo_ship,5,0.0,0.0,1.9588,9.7939,False,0.0,0,25.0,432.54,137.72,0.0,0.1538172291627195,0.3069057207413063,0.3427207498299295,989.8787995889644,103.74,109.74,110.7,6.0,/content/drive/MyDrive/SKANN_SSL/data/prototype_dataset/tensors/tensor_001761.npy,/content/drive/MyDrive/SKANN_SSL/data/prototype_dataset/waveforms/clip_001761.npy
1762,2,6,cargo_ship,5,0.0,0.0,1.6537,8.2685,False,0.0,0,25.0,171.9,497.32,0.0,0.1538172291627195,0.3069057207413064,0.3458784244208907,985.8838267135492,103.74,109.74,110.78,6.0,/content/drive/MyDrive/SKANN_SSL/data/prototype_dataset/tensors/tensor_001762.npy,/content/drive/MyDrive/SKANN_SSL/data/prototype_dataset/waveforms/clip_001762.npy
1763,3,6,cargo_ship,5,0.0,0.0,1.5431,7.7156,False,0.0,0,25.0,123.67,441.21,122.93,0.1538172291627195,0.3069057207413064,0.3419858130175256,992.2741383603108,103.74,109.74,110.68,6.0,/content/drive/MyDrive/SKANN_SSL/data/prototype_dataset/tensors/tensor_001763.npy,/content/drive/MyDrive/SKANN_SSL/data/prototype_dataset/waveforms/clip_001763.npy
1764,4,6,cargo_ship,5,0.0,0.0,1.5641,7.8204,False,0.0,0,25.0,364.21,212.64,0.0,0.1538172291627195,0.3069057207413063,0.3402530287947572,995.1337424480188,103.74,109.74,110.64,6.0,/content/drive/MyDrive/SKANN_SSL/data/prototype_dataset/tensors/tensor_001764.npy,/content/drive/MyDrive/SKANN_SSL/data/prototype_dataset/waveforms/clip_001764.npy
1765,0,6,cargo_ship,5,0.0,0.3333,2.4366,12.1831,True,723.35,56,25.0,278.4,108.25,0.0,0.1538172291627195,0.3069057207413063,0.3434102287375246,952.4425980974348,103.74,109.74,110.72,6.0,/content/drive/MyDrive/SKANN_SSL/data/prototype_dataset/tensors/tensor_001765.npy,/content/drive/MyDrive/SKANN_SSL/data/prototype_dataset/waveforms/clip_001765.npy
1766,1,6,cargo_ship,5,0.0,0.3333,1.7884,8.942,True,668.96,53,25.0,127.38,317.28,0.0,0.1538172291627195,0.3069057207413063,0.3423746498891677,987.4857283784378,103.74,109.74,110.69,6.0,/content/drive/MyDrive/SKANN_SSL/data/prototype_dataset/tensors/tensor_001766.npy,/content/drive/MyDrive/SKANN_SSL/data/prototype_dataset/waveforms/clip_001766.npy
1767,2,6,cargo_ship,5,0.0,0.3333,1.602,8.0102,True,718.4,43,25.0,450.73,192.7,62.18,0.1538172291627195,0.3069057207413064,0.3448899467262872,987.8305524758392,103.74,109.74,110.75,6.0,/content/drive/MyDrive/SKANN_SSL/data/prototype_dataset/tensors/tensor_001767.npy,/content/drive/MyDrive/SKANN_SSL/data/prototype_dataset/waveforms/clip_001767.npy
1768,3,6,cargo_ship,5,0.0,0.3333,1.9324,9.662,True,745.32,61,25.0,263.15,264.75,0.0,0.1538172291627195,0.3069057207413063,0.3422949649979036,986.4366027717422,103.74,109.74,110.69,6.0,/content/drive/MyDrive/SKANN_SSL/data/prototype_dataset/tensors/tensor_001768.npy,/content/drive/MyDrive/SKANN_SSL/data/prototype_dataset/waveforms/clip_001768.npy
1769,4,6,cargo_ship,5,0.0,0.3333,2.4743,12.3713,True,734.62,72,25.0,86.92,288.95,0.0,0.1538172291627195,0.3069057207413063,0.3431768926741655,941.1554613886296,103.74,109.74,110.71,6.0,/content/drive/MyDrive/SKANN_SSL/data/prototype_dataset/tensors/tensor_001769.npy,/content/drive/MyDrive/SKANN_SSL/data/prototype_dataset/waveforms/clip_001769.npy
1770,0,6,cargo_ship,5,0.0,0.6667,1.9551,9.7756,True,690.85,101,25.0,402.94,200.68,0.0,0.1538172291627195,0.3069057207413063,0.3411854460158824,943.8487707636052,103.74,109.74,110.66,6.0,/content/drive/MyDrive/SKANN_SSL/data/prototype_dataset/tensors/tensor_001770.npy,/content/drive/MyDrive/SKANN_SSL/data/prototype_dataset/waveforms/clip_001770.npy
1771,1,6,cargo_ship,5,0.0,0.6667,1.9113,9.5566,True,694.2,125,25.0,67.77,178.84,0.0,0.1538172291627195,0.3069057207413063,0.3429151875442786,963.3555600375544,103.74,109.74,110.7,6.0,/content/drive/MyDrive/SKANN_SSL/data/prototype_dataset/tensors/tensor_001771.npy,/content/drive/MyDrive/SKANN_SSL/data/prototype_dataset/waveforms/clip_001771.npy
1772,2,6,cargo_ship,5,0.0,0.6667,1.5076,7.5379,True,779.02,80,25.0,58.72,138.73,0.0,0.1538172291627195,0.3069057207413063,0.3434072509673036,987.3419823896712,103.74,109.74,110.72,6.0,/content/drive/MyDrive/SKANN_SSL/data/prototype_dataset/tensors/tensor_001772.npy,/content/drive/MyDrive/SKANN_SSL/data/prototype_dataset/waveforms/clip_001772.npy
1773,3,6,cargo_ship,5,0.0,0.6667,1.7787,8.8936,True,701.36,108,25.0,326.36,152.33,111.89,0.1538172291627195,0.3069057207413064,0.3440058747955092,968.3669016797512,103.74,109.74,110.73,6.0,/content/drive/MyDrive/SKANN_SSL/data/prototype_dataset/tensors/tensor_001773.npy,/content/drive/MyDrive/SKANN_SSL/data/prototype_dataset/waveforms/clip_001773.npy
1774,4,6,cargo_ship,5,0.0,0.6667,1.702,8.5101,True,745.28,96,25.0,277.79,430.54,69.5,0.1538172291627195,0.3069057207413064,0.3405063637871454,948.3676673930488,103.74,109.74,110.64,6.0,/content/drive/MyDrive/SKANN_SSL/data/prototype_dataset/tensors/tensor_001774.npy,/content/drive/MyDrive/SKANN_SSL/data/prototype_dataset/waveforms/clip_001774.npy
1775,0,6,cargo_ship,5,0.0,1.0,2.2075,11.0374,True,723.61,172,25.0,460.17,265.23,0.0,0.1538172291627195,0.3069057207413063,0.3448371129249095,778.7004762678296,103.74,109.74,110.75,6.0,/content/drive/MyDrive/SKANN_SSL/data/prototype_dataset/tensors/tensor_001775.npy,/content/drive/MyDrive/SKANN_SSL/data/prototype_dataset/waveforms/clip_001775.npy
1776,1,6,cargo_ship,5,0.0,1.0,2.3436,11.7179,True,741.23,175,25.0,137.61,283.54,0.0,0.1538172291627195,0.3069057207413064,0.3409396020566592,804.9348941662544,103.74,109.74,110.65,6.0,/content/drive/MyDrive/SKANN_SSL/data/prototype_dataset/tensors/tensor_001776.npy,/content/drive/MyDrive/SKANN_SSL/data/prototype_dataset/waveforms/clip_001776.npy
1777,2,6,cargo_ship,5,0.0,1.0,1.5622,7.8109,True,741.34,112,25.0,114.32,435.9,0.0,0.1538172291627195,0.3069057207413063,0.3417792789868947,835.6509433830503,103.74,109.74,110.67,6.0,/content/drive/MyDrive/SKANN_SSL/data/prototype_dataset/tensors/tensor_001777.npy,/content/drive/MyDrive/SKANN_SSL/data/prototype_dataset/waveforms/clip_001777.npy
1778,3,6,cargo_ship,5,0.0,1.0,1.5087,7.5437,True,716.5,110,25.0,197.82,283.75,148.69,0.1538172291627195,0.3069057207413064,0.3418726239385529,872.0776452268291,103.74,109.74,110.68,6.0,/content/drive/MyDrive/SKANN_SSL/data/prototype_dataset/tensors/tensor_001778.npy,/content/drive/MyDrive/SKANN_SSL/data/prototype_dataset/waveforms/clip_001778.npy
1779,4,6,cargo_ship,5,0.0,1.0,1.7452,8.7261,True,729.97,119,25.0,204.64,243.44,114.07,0.1538172291627195,0.3069057207413063,0.3468236471122224,685.786567729623,103.74,109.74,110.8,6.0,/content/drive/MyDrive/SKANN_SSL/data/prototype_dataset/tensors/tensor_001779.npy,/content/drive/MyDrive/SKANN_SSL/data/prototype_dataset/waveforms/clip_001779.npy
1780,0,6,cargo_ship,5,50.0,0.0,2.2002,11.0008,False,0.0,0,25.0,123.28,465.62,0.0,0.1538172291627195,0.3069057207413063,0.3405097882044474,936.1877387128512,103.74,109.74,110.64,6.0,/content/drive/MyDrive/SKANN_SSL/data/prototype_dataset/tensors/tensor_001780.npy,/content/drive/MyDrive/SKANN_SSL/data/prototype_dataset/waveforms/clip_001780.npy
1781,1,6,cargo_ship,5,50.0,0.0,2.094,10.4698,False,0.0,0,25.0,240.13,147.09,0.0,0.1538172291627195,0.3069057207413063,0.3460338705513149,929.537625941268,103.74,109.74,110.78,6.0,/content/drive/MyDrive/SKANN_SSL/data/prototype_dataset/tensors/tensor_001781.npy,/content/drive/MyDrive/SKANN_SSL/data/prototype_dataset/waveforms/clip_001781.npy
1782,2,6,cargo_ship,5,50.0,0.0,1.9863,9.9317,False,0.0,0,25.0,404.34,226.97,108.2,0.1538172291627195,0.3069057207413063,0.3443583710161857,967.223662036988,103.74,109.74,110.74,6.0,/content/drive/MyDrive/SKANN_SSL/data/prototype_dataset/tensors/tensor_001782.npy,/content/drive/MyDrive/SKANN_SSL/data/prototype_dataset/waveforms/clip_001782.npy
1783,3,6,cargo_ship,5,50.0,0.0,1.9256,9.6282,False,0.0,0,25.0,150.38,114.6,0.0,0.1538172291627195,0.3069057207413063,0.3433971395695795,970.0606109922328,103.74,109.74,110.72,6.0,/content/drive/MyDrive/SKANN_SSL/data/prototype_dataset/tensors/tensor_001783.npy,/content/drive/MyDrive/SKANN_SSL/data/prototype_dataset/waveforms/clip_001783.npy
1784,4,6,cargo_ship,5,50.0,0.0,2.3955,11.9777,False,0.0,0,25.0,137.03,469.7,250.15,0.1538172291627195,0.3069057207413064,0.3422262470204011,927.6479491762492,103.74,109.74,110.69,6.0,/content/drive/MyDrive/SKANN_SSL/data/prototype_dataset/tensors/tensor_001784.npy,/content/drive/MyDrive/SKANN_SSL/data/prototype_dataset/waveforms/clip_001784.npy
1785,0,6,cargo_ship,5,50.0,0.3333,1.523,7.615,True,764.78,36,25.0,283.86,130.68,160.33,0.1538172291627195,0.3069057207413064,0.3408443076509804,973.671502868285,103.74,109.74,110.65,6.0,/content/drive/MyDrive/SKANN_SSL/data/prototype_dataset/tensors/tensor_001785.npy,/content/drive/MyDrive/SKANN_SSL/data/prototype_dataset/waveforms/clip_001785.npy
1786,1,6,cargo_ship,5,50.0,0.3333,2.2072,11.0358,True,680.38,60,25.0,261.77,263.26,0.0,0.1538172291627195,0.3069057207413064,0.3423954429570703,933.9090193767216,103.74,109.74,110.69,6.0,/content/drive/MyDrive/SKANN_SSL/data/prototype_dataset/tensors/tensor_001786.npy,/content/drive/MyDrive/SKANN_SSL/data/prototype_dataset/waveforms/clip_001786.npy
1787,2,6,cargo_ship,5,50.0,0.3333,2.2945,11.4726,True,755.82,62,25.0,216.67,274.45,0.0,0.1538172291627195,0.3069057207413063,0.3456387309358655,934.1559437615072,103.74,109.74,110.77,6.0,/content/drive/MyDrive/SKANN_SSL/data/prototype_dataset/tensors/tensor_001787.npy,/content/drive/MyDrive/SKANN_SSL/data/prototype_dataset/waveforms/clip_001787.npy
1788,3,6,cargo_ship,5,50.0,0.3333,1.7441,8.7205,True,644.8,60,25.0,220.93,93.73,289.67,0.1538172291627195,0.3069057207413063,0.3437819985421451,967.4533535950776,103.74,109.74,110.73,6.0,/content/drive/MyDrive/SKANN_SSL/data/prototype_dataset/tensors/tensor_001788.npy,/content/drive/MyDrive/SKANN_SSL/data/prototype_dataset/waveforms/clip_001788.npy
1789,4,6,cargo_ship,5,50.0,0.3333,1.5356,7.6782,True,716.41,45,25.0,78.22,207.09,122.14,0.1538172291627195,0.3069057207413063,0.3476572303053748,974.7875370172663,103.74,109.74,110.82,6.0,/content/drive/MyDrive/SKANN_SSL/data/prototype_dataset/tensors/tensor_001789.npy,/content/drive/MyDrive/SKANN_SSL/data/prototype_dataset/waveforms/clip_001789.npy
1790,0,6,cargo_ship,5,50.0,0.6667,2.183,10.9152,True,695.16,120,25.0,469.54,111.03,116.81,0.1538172291627195,0.3069057207413064,0.3421912763001244,892.1897352794872,103.74,109.74,110.69,6.0,/content/drive/MyDrive/SKANN_SSL/data/prototype_dataset/tensors/tensor_001790.npy,/content/drive/MyDrive/SKANN_SSL/data/prototype_dataset/waveforms/clip_001790.npy
1791,1,6,cargo_ship,5,50.0,0.6667,2.1418,10.7091,True,736.63,141,25.0,209.21,63.72,0.0,0.1538172291627195,0.3069057207413064,0.3429230822667437,919.0841922304156,103.74,109.74,110.7,6.0,/content/drive/MyDrive/SKANN_SSL/data/prototype_dataset/tensors/tensor_001791.npy,/content/drive/MyDrive/SKANN_SSL/data/prototype_dataset/waveforms/clip_001791.npy
1792,2,6,cargo_ship,5,50.0,0.6667,2.2187,11.0934,True,738.27,131,25.0,143.03,136.7,356.27,0.1538172291627195,0.3069057207413064,0.3424118521973613,903.3658111761332,103.74,109.74,110.69,6.0,/content/drive/MyDrive/SKANN_SSL/data/prototype_dataset/tensors/tensor_001792.npy,/content/drive/MyDrive/SKANN_SSL/data/prototype_dataset/waveforms/clip_001792.npy
1793,3,6,cargo_ship,5,50.0,0.6667,1.8294,9.1472,True,668.38,101,25.0,464.23,192.55,78.08,0.1538172291627195,0.3069057207413063,0.343316684832688,940.1043338222928,103.74,109.74,110.71,6.0,/content/drive/MyDrive/SKANN_SSL/data/prototype_dataset/tensors/tensor_001793.npy,/content/drive/MyDrive/SKANN_SSL/data/prototype_dataset/waveforms/clip_001793.npy
1794,4,6,cargo_ship,5,50.0,0.6667,2.2254,11.1269,True,711.23,118,25.0,495.38,64.01,246.11,0.1538172291627195,0.3069057207413063,0.3434369232897423,891.7909802547786,103.74,109.74,110.72,6.0,/content/drive/MyDrive/SKANN_SSL/data/prototype_dataset/tensors/tensor_001794.npy,/content/drive/MyDrive/SKANN_SSL/data/prototype_dataset/waveforms/clip_001794.npy
1795,0,6,cargo_ship,5,50.0,1.0,2.3881,11.9404,True,692.89,177,25.0,341.19,65.6,0.0,0.1538172291627195,0.3069057207413064,0.34367010816647,710.5433309853163,103.74,109.74,110.72,6.0,/content/drive/MyDrive/SKANN_SSL/data/prototype_dataset/tensors/tensor_001795.npy,/content/drive/MyDrive/SKANN_SSL/data/prototype_dataset/waveforms/clip_001795.npy
1796,1,6,cargo_ship,5,50.0,1.0,2.0565,10.2827,True,748.29,164,25.0,207.42,102.43,0.0,0.1538172291627195,0.3069057207413064,0.345402726845303,728.3006264890399,103.74,109.74,110.77,6.0,/content/drive/MyDrive/SKANN_SSL/data/prototype_dataset/tensors/tensor_001796.npy,/content/drive/MyDrive/SKANN_SSL/data/prototype_dataset/waveforms/clip_001796.npy
1797,2,6,cargo_ship,5,50.0,1.0,1.9486,9.7429,True,736.03,148,25.0,251.43,202.45,0.0,0.1538172291627195,0.3069057207413063,0.3409106305201833,752.8425269559327,103.74,109.74,110.65,6.0,/content/drive/MyDrive/SKANN_SSL/data/prototype_dataset/tensors/tensor_001797.npy,/content/drive/MyDrive/SKANN_SSL/data/prototype_dataset/waveforms/clip_001797.npy
1798,3,6,cargo_ship,5,50.0,1.0,1.713,8.5652,True,734.62,134,25.0,328.9,141.82,0.0,0.1538172291627195,0.3069057207413063,0.3434657325067919,826.9239284468918,103.74,109.74,110.72,6.0,/content/drive/MyDrive/SKANN_SSL/data/prototype_dataset/tensors/tensor_001798.npy,/content/drive/MyDrive/SKANN_SSL/data/prototype_dataset/waveforms/clip_001798.npy
1799,4,6,cargo_ship,5,50.0,1.0,1.7039,8.5197,True,677.13,125,25.0,139.82,60.73,0.0,0.1538172291627195,0.3069057207413063,0.3430909442827272,723.4581717329542,103.74,109.74,110.71,6.0,/content/drive/MyDrive/SKANN_SSL/data/prototype_dataset/tensors/tensor_001799.npy,/content/drive/MyDrive/SKANN_SSL/data/prototype_dataset/waveforms/clip_001799.npy
1800,0,6,tanker,3,0.0,0.0,1.1548,3.4645,False,0.0,0,25.0,296.24,109.97,0.0,0.1538172291627195,0.3069057207413063,0.3447849199387532,935.7085669084348,103.74,109.74,110.75,6.0,/content/drive/MyDrive/SKANN_SSL/data/prototype_dataset/tensors/tensor_001800.npy,/content/drive/MyDrive/SKANN_SSL/data/prototype_dataset/waveforms/clip_001800.npy
1801,1,6,tanker,3,0.0,0.0,1.1579,3.4736,False,0.0,0,25.0,379.57,102.41,295.42,0.1538172291627195,0.3069057207413063,0.3399846628879581,928.8884546017472,103.74,109.74,110.63,6.0,/content/drive/MyDrive/SKANN_SSL/data/prototype_dataset/tensors/tensor_001801.npy,/content/drive/MyDrive/SKANN_SSL/data/prototype_dataset/waveforms/clip_001801.npy
1802,2,6,tanker,3,0.0,0.0,1.1487,3.4462,False,0.0,0,25.0,139.22,261.21,323.06,0.1538172291627195,0.3069057207413063,0.3448233170484825,930.8616617807178,103.74,109.74,110.75,6.0,/content/drive/MyDrive/SKANN_SSL/data/prototype_dataset/tensors/tensor_001802.npy,/content/drive/MyDrive/SKANN_SSL/data/prototype_dataset/waveforms/clip_001802.npy
1803,3,6,tanker,3,0.0,0.0,1.4543,4.3629,False,0.0,0,25.0,304.82,237.33,87.5,0.1538172291627195,0.3069057207413063,0.3451936514965604,927.8503507869004,103.74,109.74,110.76,6.0,/content/drive/MyDrive/SKANN_SSL/data/prototype_dataset/tensors/tensor_001803.npy,/content/drive/MyDrive/SKANN_SSL/data/prototype_dataset/waveforms/clip_001803.npy
1804,4,6,tanker,3,0.0,0.0,1.3196,3.9589,False,0.0,0,25.0,126.5,166.34,0.0,0.1538172291627195,0.3069057207413063,0.3416416986226678,931.5551440435996,103.74,109.74,110.67,6.0,/content/drive/MyDrive/SKANN_SSL/data/prototype_dataset/tensors/tensor_001804.npy,/content/drive/MyDrive/SKANN_SSL/data/prototype_dataset/waveforms/clip_001804.npy
1805,0,6,tanker,3,0.0,0.3333,1.4982,4.4945,True,471.4,23,25.0,388.35,134.12,0.0,0.1538172291627195,0.3069057207413064,0.3421908600114216,933.4446340208992,103.74,109.74,110.69,6.0,/content/drive/MyDrive/SKANN_SSL/data/prototype_dataset/tensors/tensor_001805.npy,/content/drive/MyDrive/SKANN_SSL/data/prototype_dataset/waveforms/clip_001805.npy
1806,1,6,tanker,3,0.0,0.3333,1.236,3.708,True,512.28,20,25.0,390.88,69.22,250.79,0.1538172291627195,0.3069057207413063,0.3423670300787432,926.6642169820644,103.74,109.74,110.69,6.0,/content/drive/MyDrive/SKANN_SSL/data/prototype_dataset/tensors/tensor_001806.npy,/content/drive/MyDrive/SKANN_SSL/data/prototype_dataset/waveforms/clip_001806.npy
1807,2,6,tanker,3,0.0,0.3333,1.1675,3.5025,True,453.07,27,25.0,203.9,247.44,142.98,0.1538172291627195,0.3069057207413064,0.3427833033202355,929.369897497228,103.74,109.74,110.7,6.0,/content/drive/MyDrive/SKANN_SSL/data/prototype_dataset/tensors/tensor_001807.npy,/content/drive/MyDrive/SKANN_SSL/data/prototype_dataset/waveforms/clip_001807.npy
1808,3,6,tanker,3,0.0,0.3333,1.3645,4.0934,True,503.89,15,25.0,127.94,80.16,0.0,0.1538172291627195,0.3069057207413063,0.3459128485079601,934.2741279175564,103.74,109.74,110.78,6.0,/content/drive/MyDrive/SKANN_SSL/data/prototype_dataset/tensors/tensor_001808.npy,/content/drive/MyDrive/SKANN_SSL/data/prototype_dataset/waveforms/clip_001808.npy
1809,4,6,tanker,3,0.0,0.3333,1.4276,4.2829,True,484.31,31,25.0,382.76,254.36,143.59,0.1538172291627195,0.3069057207413063,0.3448009787443734,928.6619362991654,103.74,109.74,110.75,6.0,/content/drive/MyDrive/SKANN_SSL/data/prototype_dataset/tensors/tensor_001809.npy,/content/drive/MyDrive/SKANN_SSL/data/prototype_dataset/waveforms/clip_001809.npy
1810,0,6,tanker,3,0.0,0.6667,1.0036,3.0109,True,438.3,25,25.0,437.82,287.35,125.97,0.1538172291627195,0.3069057207413063,0.3448541105805801,933.4035011177826,103.74,109.74,110.75,6.0,/content/drive/MyDrive/SKANN_SSL/data/prototype_dataset/tensors/tensor_001810.npy,/content/drive/MyDrive/SKANN_SSL/data/prototype_dataset/waveforms/clip_001810.npy
1811,1,6,tanker,3,0.0,0.6667,1.4058,4.2175,True,480.21,34,25.0,235.97,246.76,0.0,0.1538172291627195,0.3069057207413064,0.3459179133653539,884.3607870754089,103.74,109.74,110.78,6.0,/content/drive/MyDrive/SKANN_SSL/data/prototype_dataset/tensors/tensor_001811.npy,/content/drive/MyDrive/SKANN_SSL/data/prototype_dataset/waveforms/clip_001811.npy
1812,2,6,tanker,3,0.0,0.6667,1.3492,4.0476,True,499.54,41,25.0,225.24,119.14,273.36,0.1538172291627195,0.3069057207413064,0.3424035537085129,923.9366339741576,103.74,109.74,110.69,6.0,/content/drive/MyDrive/SKANN_SSL/data/prototype_dataset/tensors/tensor_001812.npy,/content/drive/MyDrive/SKANN_SSL/data/prototype_dataset/waveforms/clip_001812.npy
1813,3,6,tanker,3,0.0,0.6667,1.0417,3.125,True,501.08,30,25.0,155.45,112.49,302.26,0.1538172291627195,0.3069057207413063,0.341893670656294,930.6274676116774,103.74,109.74,110.68,6.0,/content/drive/MyDrive/SKANN_SSL/data/prototype_dataset/tensors/tensor_001813.npy,/content/drive/MyDrive/SKANN_SSL/data/prototype_dataset/waveforms/clip_001813.npy
1814,4,6,tanker,3,0.0,0.6667,1.4321,4.2962,True,477.41,42,25.0,379.22,236.7,0.0,0.1538172291627195,0.3069057207413064,0.3442690909541449,919.2456550520224,103.74,109.74,110.74,6.0,/content/drive/MyDrive/SKANN_SSL/data/prototype_dataset/tensors/tensor_001814.npy,/content/drive/MyDrive/SKANN_SSL/data/prototype_dataset/waveforms/clip_001814.npy
1815,0,6,tanker,3,0.0,1.0,1.2542,3.7625,True,489.09,47,25.0,83.93,424.35,0.0,0.1538172291627195,0.3069057207413063,0.3458766009596263,830.5322542342197,103.74,109.74,110.78,6.0,/content/drive/MyDrive/SKANN_SSL/data/prototype_dataset/tensors/tensor_001815.npy,/content/drive/MyDrive/SKANN_SSL/data/prototype_dataset/waveforms/clip_001815.npy
1816,1,6,tanker,3,0.0,1.0,1.2169,3.6507,True,475.0,66,25.0,53.73,237.83,221.1,0.1538172291627195,0.3069057207413063,0.3419847776933422,814.6709609965981,103.74,109.74,110.68,6.0,/content/drive/MyDrive/SKANN_SSL/data/prototype_dataset/tensors/tensor_001816.npy,/content/drive/MyDrive/SKANN_SSL/data/prototype_dataset/waveforms/clip_001816.npy
1817,2,6,tanker,3,0.0,1.0,1.2133,3.64,True,456.65,53,25.0,204.29,95.44,299.72,0.1538172291627195,0.3069057207413064,0.3423096306960316,841.283768711532,103.74,109.74,110.69,6.0,/content/drive/MyDrive/SKANN_SSL/data/prototype_dataset/tensors/tensor_001817.npy,/content/drive/MyDrive/SKANN_SSL/data/prototype_dataset/waveforms/clip_001817.npy
1818,3,6,tanker,3,0.0,1.0,1.3492,4.0475,True,499.66,57,25.0,54.83,415.88,266.29,0.1538172291627195,0.3069057207413063,0.3458566584298355,898.4561932239819,103.74,109.74,110.78,6.0,/content/drive/MyDrive/SKANN_SSL/data/prototype_dataset/tensors/tensor_001818.npy,/content/drive/MyDrive/SKANN_SSL/data/prototype_dataset/waveforms/clip_001818.npy
1819,4,6,tanker,3,0.0,1.0,1.3913,4.174,True,510.75,62,25.0,97.43,181.94,257.7,0.1538172291627195,0.3069057207413063,0.3383319832684383,895.4525534232339,103.74,109.74,110.59,6.0,/content/drive/MyDrive/SKANN_SSL/data/prototype_dataset/tensors/tensor_001819.npy,/content/drive/MyDrive/SKANN_SSL/data/prototype_dataset/waveforms/clip_001819.npy
1820,0,6,tanker,3,50.0,0.0,1.3695,4.1084,False,0.0,0,25.0,104.91,147.76,0.0,0.1538172291627195,0.3069057207413063,0.3445748547050843,916.4190687950172,103.74,109.74,110.75,6.0,/content/drive/MyDrive/SKANN_SSL/data/prototype_dataset/tensors/tensor_001820.npy,/content/drive/MyDrive/SKANN_SSL/data/prototype_dataset/waveforms/clip_001820.npy
1821,1,6,tanker,3,50.0,0.0,1.3729,4.1188,False,0.0,0,25.0,298.5,85.51,0.0,0.1538172291627195,0.3069057207413064,0.3424418891549917,918.3527240799943,103.74,109.74,110.69,6.0,/content/drive/MyDrive/SKANN_SSL/data/prototype_dataset/tensors/tensor_001821.npy,/content/drive/MyDrive/SKANN_SSL/data/prototype_dataset/waveforms/clip_001821.npy
1822,2,6,tanker,3,50.0,0.0,1.1707,3.512,False,0.0,0,25.0,206.07,63.25,0.0,0.1538172291627195,0.3069057207413063,0.3401136666181352,915.1004820921532,103.74,109.74,110.63,6.0,/content/drive/MyDrive/SKANN_SSL/data/prototype_dataset/tensors/tensor_001822.npy,/content/drive/MyDrive/SKANN_SSL/data/prototype_dataset/waveforms/clip_001822.npy
1823,3,6,tanker,3,50.0,0.0,1.2166,3.6499,False,0.0,0,25.0,317.81,282.59,132.12,0.1538172291627195,0.3069057207413064,0.3446130834487649,917.0997499065328,103.74,109.74,110.75,6.0,/content/drive/MyDrive/SKANN_SSL/data/prototype_dataset/tensors/tensor_001823.npy,/content/drive/MyDrive/SKANN_SSL/data/prototype_dataset/waveforms/clip_001823.npy
1824,4,6,tanker,3,50.0,0.0,1.2289,3.6866,False,0.0,0,25.0,250.58,138.02,81.61,0.1538172291627195,0.3069057207413063,0.3450959771321299,912.1900837039598,103.74,109.74,110.76,6.0,/content/drive/MyDrive/SKANN_SSL/data/prototype_dataset/tensors/tensor_001824.npy,/content/drive/MyDrive/SKANN_SSL/data/prototype_dataset/waveforms/clip_001824.npy
1825,0,6,tanker,3,50.0,0.3333,1.2976,3.8927,True,470.19,30,25.0,109.89,219.89,0.0,0.1538172291627195,0.3069057207413064,0.3424349780299513,914.2644161537,103.74,109.74,110.69,6.0,/content/drive/MyDrive/SKANN_SSL/data/prototype_dataset/tensors/tensor_001825.npy,/content/drive/MyDrive/SKANN_SSL/data/prototype_dataset/waveforms/clip_001825.npy
1826,1,6,tanker,3,50.0,0.3333,1.425,4.2749,True,505.09,22,25.0,149.92,435.95,0.0,0.1538172291627195,0.3069057207413063,0.3445989893078961,911.3967309215584,103.74,109.74,110.75,6.0,/content/drive/MyDrive/SKANN_SSL/data/prototype_dataset/tensors/tensor_001826.npy,/content/drive/MyDrive/SKANN_SSL/data/prototype_dataset/waveforms/clip_001826.npy
1827,2,6,tanker,3,50.0,0.3333,1.17,3.5099,True,488.22,25,25.0,70.13,115.33,218.86,0.1538172291627195,0.3069057207413063,0.3418167223232836,917.9632017458864,103.74,109.74,110.68,6.0,/content/drive/MyDrive/SKANN_SSL/data/prototype_dataset/tensors/tensor_001827.npy,/content/drive/MyDrive/SKANN_SSL/data/prototype_dataset/waveforms/clip_001827.npy
1828,3,6,tanker,3,50.0,0.3333,1.2068,3.6205,True,498.52,25,25.0,444.04,127.04,0.0,0.1538172291627195,0.3069057207413063,0.3426070987835691,916.3714061678604,103.74,109.74,110.7,6.0,/content/drive/MyDrive/SKANN_SSL/data/prototype_dataset/tensors/tensor_001828.npy,/content/drive/MyDrive/SKANN_SSL/data/prototype_dataset/waveforms/clip_001828.npy
1829,4,6,tanker,3,50.0,0.3333,1.3561,4.0682,True,504.33,29,25.0,146.97,271.52,245.45,0.1538172291627195,0.3069057207413064,0.341030845391353,912.5063629623158,103.74,109.74,110.66,6.0,/content/drive/MyDrive/SKANN_SSL/data/prototype_dataset/tensors/tensor_001829.npy,/content/drive/MyDrive/SKANN_SSL/data/prototype_dataset/waveforms/clip_001829.npy
1830,0,6,tanker,3,50.0,0.6667,1.0907,3.2722,True,509.87,32,25.0,151.17,498.57,147.23,0.1538172291627195,0.3069057207413064,0.3410777492599768,920.356920743336,103.74,109.74,110.66,6.0,/content/drive/MyDrive/SKANN_SSL/data/prototype_dataset/tensors/tensor_001830.npy,/content/drive/MyDrive/SKANN_SSL/data/prototype_dataset/waveforms/clip_001830.npy
1831,1,6,tanker,3,50.0,0.6667,1.4669,4.4007,True,446.68,52,25.0,82.98,209.96,0.0,0.1538172291627195,0.3069057207413063,0.3437163550819236,900.4614464684895,103.74,109.74,110.72,6.0,/content/drive/MyDrive/SKANN_SSL/data/prototype_dataset/tensors/tensor_001831.npy,/content/drive/MyDrive/SKANN_SSL/data/prototype_dataset/waveforms/clip_001831.npy
1832,2,6,tanker,3,50.0,0.6667,1.3215,3.9645,True,498.7,51,25.0,107.36,279.02,0.0,0.1538172291627195,0.3069057207413063,0.3436877812164081,917.2645550571256,103.74,109.74,110.72,6.0,/content/drive/MyDrive/SKANN_SSL/data/prototype_dataset/tensors/tensor_001832.npy,/content/drive/MyDrive/SKANN_SSL/data/prototype_dataset/waveforms/clip_001832.npy
1833,3,6,tanker,3,50.0,0.6667,1.1954,3.5862,True,451.54,44,25.0,133.37,202.75,0.0,0.1538172291627195,0.3069057207413063,0.3437185553794893,911.7558914536622,103.74,109.74,110.72,6.0,/content/drive/MyDrive/SKANN_SSL/data/prototype_dataset/tensors/tensor_001833.npy,/content/drive/MyDrive/SKANN_SSL/data/prototype_dataset/waveforms/clip_001833.npy
1834,4,6,tanker,3,50.0,0.6667,1.0085,3.0256,True,513.79,26,25.0,208.64,444.57,0.0,0.1538172291627195,0.3069057207413063,0.3412591102889997,917.4260539362026,103.74,109.74,110.66,6.0,/content/drive/MyDrive/SKANN_SSL/data/prototype_dataset/tensors/tensor_001834.npy,/content/drive/MyDrive/SKANN_SSL/data/prototype_dataset/waveforms/clip_001834.npy
1835,0,6,tanker,3,50.0,1.0,1.1143,3.343,True,475.26,61,25.0,210.77,200.95,69.72,0.1538172291627195,0.3069057207413063,0.3426834450820623,810.7202047818058,103.74,109.74,110.7,6.0,/content/drive/MyDrive/SKANN_SSL/data/prototype_dataset/tensors/tensor_001835.npy,/content/drive/MyDrive/SKANN_SSL/data/prototype_dataset/waveforms/clip_001835.npy
1836,1,6,tanker,3,50.0,1.0,1.1853,3.5559,True,465.09,47,25.0,286.99,322.62,121.15,0.1538172291627195,0.3069057207413064,0.3423747077150891,866.3941956408928,103.74,109.74,110.69,6.0,/content/drive/MyDrive/SKANN_SSL/data/prototype_dataset/tensors/tensor_001836.npy,/content/drive/MyDrive/SKANN_SSL/data/prototype_dataset/waveforms/clip_001836.npy
1837,2,6,tanker,3,50.0,1.0,1.4319,4.2957,True,496.62,77,25.0,149.25,128.31,376.66,0.1538172291627195,0.3069057207413063,0.3447151469399764,814.2764334413724,103.74,109.74,110.75,6.0,/content/drive/MyDrive/SKANN_SSL/data/prototype_dataset/tensors/tensor_001837.npy,/content/drive/MyDrive/SKANN_SSL/data/prototype_dataset/waveforms/clip_001837.npy
1838,3,6,tanker,3,50.0,1.0,1.3527,4.0582,True,522.99,68,25.0,357.33,123.05,0.0,0.1538172291627195,0.3069057207413063,0.3425913298708158,810.0852062411274,103.74,109.74,110.7,6.0,/content/drive/MyDrive/SKANN_SSL/data/prototype_dataset/tensors/tensor_001838.npy,/content/drive/MyDrive/SKANN_SSL/data/prototype_dataset/waveforms/clip_001838.npy
1839,4,6,tanker,3,50.0,1.0,1.3045,3.9134,True,481.41,61,25.0,242.45,115.51,0.0,0.1538172291627195,0.3069057207413064,0.3428172212447414,891.1720677836379,103.74,109.74,110.7,6.0,/content/drive/MyDrive/SKANN_SSL/data/prototype_dataset/tensors/tensor_001839.npy,/content/drive/MyDrive/SKANN_SSL/data/prototype_dataset/waveforms/clip_001839.npy
1840,0,6,tanker,4,0.0,0.0,1.1943,4.7773,False,0.0,0,25.0,147.03,394.9,104.94,0.1538172291627195,0.3069057207413063,0.3431329458074423,933.372780278168,103.74,109.74,110.71,6.0,/content/drive/MyDrive/SKANN_SSL/data/prototype_dataset/tensors/tensor_001840.npy,/content/drive/MyDrive/SKANN_SSL/data/prototype_dataset/waveforms/clip_001840.npy
1841,1,6,tanker,4,0.0,0.0,1.1778,4.7112,False,0.0,0,25.0,274.39,145.03,290.07,0.1538172291627195,0.3069057207413063,0.3435939939821422,932.864716877774,103.74,109.74,110.72,6.0,/content/drive/MyDrive/SKANN_SSL/data/prototype_dataset/tensors/tensor_001841.npy,/content/drive/MyDrive/SKANN_SSL/data/prototype_dataset/waveforms/clip_001841.npy
1842,2,6,tanker,4,0.0,0.0,1.4163,5.6652,False,0.0,0,25.0,497.4,111.21,0.0,0.1538172291627195,0.3069057207413063,0.3422188449845383,920.8570742936182,103.74,109.74,110.69,6.0,/content/drive/MyDrive/SKANN_SSL/data/prototype_dataset/tensors/tensor_001842.npy,/content/drive/MyDrive/SKANN_SSL/data/prototype_dataset/waveforms/clip_001842.npy
1843,3,6,tanker,4,0.0,0.0,1.4915,5.9661,False,0.0,0,25.0,278.35,200.09,0.0,0.1538172291627195,0.3069057207413063,0.3425827153143763,919.0236180844842,103.74,109.74,110.7,6.0,/content/drive/MyDrive/SKANN_SSL/data/prototype_dataset/tensors/tensor_001843.npy,/content/drive/MyDrive/SKANN_SSL/data/prototype_dataset/waveforms/clip_001843.npy
1844,4,6,tanker,4,0.0,0.0,1.2147,4.8588,False,0.0,0,25.0,220.5,261.11,0.0,0.1538172291627195,0.3069057207413063,0.3438299375850733,934.4191521628004,103.74,109.74,110.73,6.0,/content/drive/MyDrive/SKANN_SSL/data/prototype_dataset/tensors/tensor_001844.npy,/content/drive/MyDrive/SKANN_SSL/data/prototype_dataset/waveforms/clip_001844.npy
1845,0,6,tanker,4,0.0,0.3333,1.2476,4.9903,True,461.76,26,25.0,175.43,128.53,0.0,0.1538172291627195,0.3069057207413064,0.3437592087390217,930.5910247540564,103.74,109.74,110.73,6.0,/content/drive/MyDrive/SKANN_SSL/data/prototype_dataset/tensors/tensor_001845.npy,/content/drive/MyDrive/SKANN_SSL/data/prototype_dataset/waveforms/clip_001845.npy
1846,1,6,tanker,4,0.0,0.3333,1.1438,4.575,True,542.67,26,25.0,127.2,499.76,0.0,0.1538172291627195,0.3069057207413063,0.3388250993417778,932.9224563884546,103.74,109.74,110.6,6.0,/content/drive/MyDrive/SKANN_SSL/data/prototype_dataset/tensors/tensor_001846.npy,/content/drive/MyDrive/SKANN_SSL/data/prototype_dataset/waveforms/clip_001846.npy
1847,2,6,tanker,4,0.0,0.3333,1.0321,4.1286,True,428.94,28,25.0,244.91,91.26,0.0,0.1538172291627195,0.3069057207413063,0.3435728595361433,934.464859374236,103.74,109.74,110.72,6.0,/content/drive/MyDrive/SKANN_SSL/data/prototype_dataset/tensors/tensor_001847.npy,/content/drive/MyDrive/SKANN_SSL/data/prototype_dataset/waveforms/clip_001847.npy
1848,3,6,tanker,4,0.0,0.3333,1.1911,4.7644,True,509.12,36,25.0,180.09,128.22,429.47,0.1538172291627195,0.3069057207413064,0.3440175816252937,932.7534189130712,103.74,109.74,110.73,6.0,/content/drive/MyDrive/SKANN_SSL/data/prototype_dataset/tensors/tensor_001848.npy,/content/drive/MyDrive/SKANN_SSL/data/prototype_dataset/waveforms/clip_001848.npy
1849,4,6,tanker,4,0.0,0.3333,1.0137,4.0549,True,469.12,19,25.0,101.61,142.39,0.0,0.1538172291627195,0.3069057207413063,0.3427485252826725,932.0694369445276,103.74,109.74,110.7,6.0,/content/drive/MyDrive/SKANN_SSL/data/prototype_dataset/tensors/tensor_001849.npy,/content/drive/MyDrive/SKANN_SSL/data/prototype_dataset/waveforms/clip_001849.npy
1850,0,6,tanker,4,0.0,0.6667,1.2787,5.1146,True,478.35,61,25.0,66.12,181.25,0.0,0.1538172291627195,0.3069057207413064,0.3432679962713785,893.8947519044416,103.74,109.74,110.71,6.0,/content/drive/MyDrive/SKANN_SSL/data/prototype_dataset/tensors/tensor_001850.npy,/content/drive/MyDrive/SKANN_SSL/data/prototype_dataset/waveforms/clip_001850.npy
1851,1,6,tanker,4,0.0,0.6667,1.1198,4.4791,True,485.33,52,25.0,220.98,112.05,0.0,0.1538172291627195,0.3069057207413064,0.3462048795519765,918.3648052056752,103.74,109.74,110.79,6.0,/content/drive/MyDrive/SKANN_SSL/data/prototype_dataset/tensors/tensor_001851.npy,/content/drive/MyDrive/SKANN_SSL/data/prototype_dataset/waveforms/clip_001851.npy
1852,2,6,tanker,4,0.0,0.6667,1.1066,4.4262,True,515.16,35,25.0,236.46,299.79,0.0,0.1538172291627195,0.3069057207413063,0.3416437715637996,931.457149408574,103.74,109.74,110.67,6.0,/content/drive/MyDrive/SKANN_SSL/data/prototype_dataset/tensors/tensor_001852.npy,/content/drive/MyDrive/SKANN_SSL/data/prototype_dataset/waveforms/clip_001852.npy
1853,3,6,tanker,4,0.0,0.6667,1.1929,4.7717,True,459.91,62,25.0,227.2,135.79,0.0,0.1538172291627195,0.3069057207413063,0.343455089832918,915.4813567844036,103.74,109.74,110.72,6.0,/content/drive/MyDrive/SKANN_SSL/data/prototype_dataset/tensors/tensor_001853.npy,/content/drive/MyDrive/SKANN_SSL/data/prototype_dataset/waveforms/clip_001853.npy
1854,4,6,tanker,4,0.0,0.6667,1.1227,4.4908,True,482.01,59,25.0,322.65,79.99,0.0,0.1538172291627195,0.3069057207413063,0.3432257146248145,917.640064066072,103.74,109.74,110.71,6.0,/content/drive/MyDrive/SKANN_SSL/data/prototype_dataset/tensors/tensor_001854.npy,/content/drive/MyDrive/SKANN_SSL/data/prototype_dataset/waveforms/clip_001854.npy
1855,0,6,tanker,4,0.0,1.0,1.0274,4.1095,True,497.99,58,25.0,118.12,234.76,450.6,0.1538172291627195,0.3069057207413064,0.3426674713505157,877.1989572681262,103.74,109.74,110.7,6.0,/content/drive/MyDrive/SKANN_SSL/data/prototype_dataset/tensors/tensor_001855.npy,/content/drive/MyDrive/SKANN_SSL/data/prototype_dataset/waveforms/clip_001855.npy
1856,1,6,tanker,4,0.0,1.0,1.0284,4.1134,True,519.44,62,25.0,134.72,225.08,466.57,0.1538172291627195,0.3069057207413064,0.3398978840219153,859.5624960390743,103.74,109.74,110.63,6.0,/content/drive/MyDrive/SKANN_SSL/data/prototype_dataset/tensors/tensor_001856.npy,/content/drive/MyDrive/SKANN_SSL/data/prototype_dataset/waveforms/clip_001856.npy
1857,2,6,tanker,4,0.0,1.0,1.4241,5.6964,True,467.21,86,25.0,149.8,405.82,229.81,0.1538172291627195,0.3069057207413063,0.3410157461472488,733.0622232119731,103.74,109.74,110.66,6.0,/content/drive/MyDrive/SKANN_SSL/data/prototype_dataset/tensors/tensor_001857.npy,/content/drive/MyDrive/SKANN_SSL/data/prototype_dataset/waveforms/clip_001857.npy
1858,3,6,tanker,4,0.0,1.0,1.472,5.8881,True,475.47,78,25.0,413.21,103.86,0.0,0.1538172291627195,0.3069057207413063,0.3441049093890408,810.4195720745205,103.74,109.74,110.73,6.0,/content/drive/MyDrive/SKANN_SSL/data/prototype_dataset/tensors/tensor_001858.npy,/content/drive/MyDrive/SKANN_SSL/data/prototype_dataset/waveforms/clip_001858.npy
1859,4,6,tanker,4,0.0,1.0,1.4715,5.8859,True,514.45,87,25.0,111.79,161.04,0.0,0.1538172291627195,0.3069057207413064,0.343762931882985,859.5176845124121,103.74,109.74,110.73,6.0,/content/drive/MyDrive/SKANN_SSL/data/prototype_dataset/tensors/tensor_001859.npy,/content/drive/MyDrive/SKANN_SSL/data/prototype_dataset/waveforms/clip_001859.npy
1860,0,6,tanker,4,50.0,0.0,1.2275,4.9102,False,0.0,0,25.0,420.98,135.72,112.82,0.1538172291627195,0.3069057207413063,0.3409078180491106,916.1110693491752,103.74,109.74,110.65,6.0,/content/drive/MyDrive/SKANN_SSL/data/prototype_dataset/tensors/tensor_001860.npy,/content/drive/MyDrive/SKANN_SSL/data/prototype_dataset/waveforms/clip_001860.npy
1861,1,6,tanker,4,50.0,0.0,1.0491,4.1963,False,0.0,0,25.0,132.11,358.02,263.53,0.1538172291627195,0.3069057207413063,0.3418249236421369,913.6694586874054,103.74,109.74,110.68,6.0,/content/drive/MyDrive/SKANN_SSL/data/prototype_dataset/tensors/tensor_001861.npy,/content/drive/MyDrive/SKANN_SSL/data/prototype_dataset/waveforms/clip_001861.npy
1862,2,6,tanker,4,50.0,0.0,1.3022,5.2086,False,0.0,0,25.0,307.18,122.74,0.0,0.1538172291627195,0.3069057207413064,0.3445089178716338,902.2791971538596,103.74,109.74,110.74,6.0,/content/drive/MyDrive/SKANN_SSL/data/prototype_dataset/tensors/tensor_001862.npy,/content/drive/MyDrive/SKANN_SSL/data/prototype_dataset/waveforms/clip_001862.npy
1863,3,6,tanker,4,50.0,0.0,1.3455,5.3819,False,0.0,0,25.0,51.85,213.18,207.09,0.1538172291627195,0.3069057207413064,0.3441567560238658,905.70979066507,103.74,109.74,110.74,6.0,/content/drive/MyDrive/SKANN_SSL/data/prototype_dataset/tensors/tensor_001863.npy,/content/drive/MyDrive/SKANN_SSL/data/prototype_dataset/waveforms/clip_001863.npy
1864,4,6,tanker,4,50.0,0.0,1.1946,4.7784,False,0.0,0,25.0,88.96,134.82,232.99,0.1538172291627195,0.3069057207413063,0.3433302346769383,916.2467986008288,103.74,109.74,110.71,6.0,/content/drive/MyDrive/SKANN_SSL/data/prototype_dataset/tensors/tensor_001864.npy,/content/drive/MyDrive/SKANN_SSL/data/prototype_dataset/waveforms/clip_001864.npy
1865,0,6,tanker,4,50.0,0.3333,1.4652,5.8606,True,429.82,31,25.0,251.85,444.66,0.0,0.1538172291627195,0.3069057207413063,0.3412040992731199,900.8545846517628,103.74,109.74,110.66,6.0,/content/drive/MyDrive/SKANN_SSL/data/prototype_dataset/tensors/tensor_001865.npy,/content/drive/MyDrive/SKANN_SSL/data/prototype_dataset/waveforms/clip_001865.npy
1866,1,6,tanker,4,50.0,0.3333,1.2768,5.1071,True,462.26,34,25.0,462.7,122.28,0.0,0.1538172291627195,0.3069057207413063,0.3419202107946749,904.7772040318484,103.74,109.74,110.68,6.0,/content/drive/MyDrive/SKANN_SSL/data/prototype_dataset/tensors/tensor_001866.npy,/content/drive/MyDrive/SKANN_SSL/data/prototype_dataset/waveforms/clip_001866.npy
1867,2,6,tanker,4,50.0,0.3333,1.1727,4.6909,True,533.24,26,25.0,113.46,207.48,0.0,0.1538172291627195,0.3069057207413063,0.3435707080158698,922.6124148078916,103.74,109.74,110.72,6.0,/content/drive/MyDrive/SKANN_SSL/data/prototype_dataset/tensors/tensor_001867.npy,/content/drive/MyDrive/SKANN_SSL/data/prototype_dataset/waveforms/clip_001867.npy
1868,3,6,tanker,4,50.0,0.3333,1.0914,4.3658,True,516.1,21,25.0,261.86,143.07,0.0,0.1538172291627195,0.3069057207413064,0.3461438122076085,915.3614803364508,103.74,109.74,110.79,6.0,/content/drive/MyDrive/SKANN_SSL/data/prototype_dataset/tensors/tensor_001868.npy,/content/drive/MyDrive/SKANN_SSL/data/prototype_dataset/waveforms/clip_001868.npy
1869,4,6,tanker,4,50.0,0.3333,1.1548,4.6192,True,513.09,28,25.0,89.76,453.13,156.21,0.1538172291627195,0.3069057207413063,0.3429800210410142,914.4586357244788,103.74,109.74,110.71,6.0,/content/drive/MyDrive/SKANN_SSL/data/prototype_dataset/tensors/tensor_001869.npy,/content/drive/MyDrive/SKANN_SSL/data/prototype_dataset/waveforms/clip_001869.npy
1870,0,6,tanker,4,50.0,0.6667,1.1999,4.7994,True,483.2,70,25.0,249.36,264.38,0.0,0.1538172291627195,0.3069057207413063,0.3417106896797526,890.5596249423289,103.74,109.74,110.67,6.0,/content/drive/MyDrive/SKANN_SSL/data/prototype_dataset/tensors/tensor_001870.npy,/content/drive/MyDrive/SKANN_SSL/data/prototype_dataset/waveforms/clip_001870.npy
1871,1,6,tanker,4,50.0,0.6667,1.3032,5.213,True,456.95,58,25.0,340.45,83.91,0.0,0.1538172291627195,0.3069057207413063,0.3419737927078587,882.8641117602697,103.74,109.74,110.68,6.0,/content/drive/MyDrive/SKANN_SSL/data/prototype_dataset/tensors/tensor_001871.npy,/content/drive/MyDrive/SKANN_SSL/data/prototype_dataset/waveforms/clip_001871.npy
1872,2,6,tanker,4,50.0,0.6667,1.143,4.5718,True,480.77,49,25.0,55.3,420.81,0.0,0.1538172291627195,0.3069057207413064,0.3451114956797527,905.635364694851,103.74,109.74,110.76,6.0,/content/drive/MyDrive/SKANN_SSL/data/prototype_dataset/tensors/tensor_001872.npy,/content/drive/MyDrive/SKANN_SSL/data/prototype_dataset/waveforms/clip_001872.npy
1873,3,6,tanker,4,50.0,0.6667,1.2026,4.8104,True,458.01,56,25.0,70.28,499.93,124.02,0.1538172291627195,0.3069057207413063,0.3418145948290726,886.4514849817199,103.74,109.74,110.68,6.0,/content/drive/MyDrive/SKANN_SSL/data/prototype_dataset/tensors/tensor_001873.npy,/content/drive/MyDrive/SKANN_SSL/data/prototype_dataset/waveforms/clip_001873.npy
1874,4,6,tanker,4,50.0,0.6667,1.2354,4.9415,True,506.66,55,25.0,72.52,239.76,0.0,0.1538172291627195,0.3069057207413063,0.3441313841982874,905.7531970318702,103.74,109.74,110.73,6.0,/content/drive/MyDrive/SKANN_SSL/data/prototype_dataset/tensors/tensor_001874.npy,/content/drive/MyDrive/SKANN_SSL/data/prototype_dataset/waveforms/clip_001874.npy
1875,0,6,tanker,4,50.0,1.0,1.3202,5.2807,True,478.3,85,25.0,146.08,199.64,441.42,0.1538172291627195,0.3069057207413064,0.3444355634713099,817.943681957684,103.74,109.74,110.74,6.0,/content/drive/MyDrive/SKANN_SSL/data/prototype_dataset/tensors/tensor_001875.npy,/content/drive/MyDrive/SKANN_SSL/data/prototype_dataset/waveforms/clip_001875.npy
1876,1,6,tanker,4,50.0,1.0,1.0262,4.1048,True,495.6,58,25.0,102.6,399.64,198.01,0.1538172291627195,0.3069057207413064,0.3445644699973163,855.5884010878962,103.74,109.74,110.75,6.0,/content/drive/MyDrive/SKANN_SSL/data/prototype_dataset/tensors/tensor_001876.npy,/content/drive/MyDrive/SKANN_SSL/data/prototype_dataset/waveforms/clip_001876.npy
1877,2,6,tanker,4,50.0,1.0,1.2584,5.0337,True,488.65,75,25.0,204.86,104.32,466.33,0.1538172291627195,0.3069057207413064,0.3480776168539544,784.2032907221219,103.74,109.74,110.83,6.0,/content/drive/MyDrive/SKANN_SSL/data/prototype_dataset/tensors/tensor_001877.npy,/content/drive/MyDrive/SKANN_SSL/data/prototype_dataset/waveforms/clip_001877.npy
1878,3,6,tanker,4,50.0,1.0,1.401,5.6039,True,465.08,88,25.0,292.08,127.38,441.17,0.1538172291627195,0.3069057207413063,0.3422451280978578,762.704807394295,103.74,109.74,110.69,6.0,/content/drive/MyDrive/SKANN_SSL/data/prototype_dataset/tensors/tensor_001878.npy,/content/drive/MyDrive/SKANN_SSL/data/prototype_dataset/waveforms/clip_001878.npy
1879,4,6,tanker,4,50.0,1.0,1.3007,5.2029,True,463.3,81,25.0,492.73,101.34,0.0,0.1538172291627195,0.3069057207413064,0.343716131154288,816.194189574135,103.74,109.74,110.72,6.0,/content/drive/MyDrive/SKANN_SSL/data/prototype_dataset/tensors/tensor_001879.npy,/content/drive/MyDrive/SKANN_SSL/data/prototype_dataset/waveforms/clip_001879.npy
1880,0,6,tanker,5,0.0,0.0,1.443,7.2151,False,0.0,0,25.0,259.03,145.81,117.59,0.1538172291627195,0.3069057207413064,0.3416478454031031,917.7056677479115,103.74,109.74,110.67,6.0,/content/drive/MyDrive/SKANN_SSL/data/prototype_dataset/tensors/tensor_001880.npy,/content/drive/MyDrive/SKANN_SSL/data/prototype_dataset/waveforms/clip_001880.npy
1881,1,6,tanker,5,0.0,0.0,1.2014,6.0072,False,0.0,0,25.0,241.2,142.49,450.0,0.1538172291627195,0.3069057207413064,0.3451493511829293,922.8661312167712,103.74,109.74,110.76,6.0,/content/drive/MyDrive/SKANN_SSL/data/prototype_dataset/tensors/tensor_001881.npy,/content/drive/MyDrive/SKANN_SSL/data/prototype_dataset/waveforms/clip_001881.npy
1882,2,6,tanker,5,0.0,0.0,1.3218,6.609,False,0.0,0,25.0,154.1,492.91,88.64,0.1538172291627195,0.3069057207413063,0.3427297618789113,919.3840743099852,103.74,109.74,110.7,6.0,/content/drive/MyDrive/SKANN_SSL/data/prototype_dataset/tensors/tensor_001882.npy,/content/drive/MyDrive/SKANN_SSL/data/prototype_dataset/waveforms/clip_001882.npy
1883,3,6,tanker,5,0.0,0.0,1.3033,6.5163,False,0.0,0,25.0,90.55,453.58,135.72,0.1538172291627195,0.3069057207413063,0.3440098232239656,923.6932728241604,103.74,109.74,110.73,6.0,/content/drive/MyDrive/SKANN_SSL/data/prototype_dataset/tensors/tensor_001883.npy,/content/drive/MyDrive/SKANN_SSL/data/prototype_dataset/waveforms/clip_001883.npy
1884,4,6,tanker,5,0.0,0.0,1.4706,7.3529,False,0.0,0,25.0,289.23,139.73,0.0,0.1538172291627195,0.3069057207413063,0.3424870660235803,925.0533021078936,103.74,109.74,110.69,6.0,/content/drive/MyDrive/SKANN_SSL/data/prototype_dataset/tensors/tensor_001884.npy,/content/drive/MyDrive/SKANN_SSL/data/prototype_dataset/waveforms/clip_001884.npy
1885,0,6,tanker,5,0.0,0.3333,1.4374,7.1871,True,493.09,40,25.0,106.34,296.51,85.52,0.1538172291627195,0.3069057207413063,0.3431692962440638,916.2862118759236,103.74,109.74,110.71,6.0,/content/drive/MyDrive/SKANN_SSL/data/prototype_dataset/tensors/tensor_001885.npy,/content/drive/MyDrive/SKANN_SSL/data/prototype_dataset/waveforms/clip_001885.npy
1886,1,6,tanker,5,0.0,0.3333,1.1078,5.5391,True,452.86,34,25.0,319.93,131.43,0.0,0.1538172291627195,0.3069057207413063,0.3459643943748551,923.9741857603916,103.74,109.74,110.78,6.0,/content/drive/MyDrive/SKANN_SSL/data/prototype_dataset/tensors/tensor_001886.npy,/content/drive/MyDrive/SKANN_SSL/data/prototype_dataset/waveforms/clip_001886.npy
1887,2,6,tanker,5,0.0,0.3333,1.3154,6.5768,True,437.69,37,25.0,208.61,84.67,103.39,0.1538172291627195,0.3069057207413063,0.3448240682545373,919.2625337137636,103.74,109.74,110.75,6.0,/content/drive/MyDrive/SKANN_SSL/data/prototype_dataset/tensors/tensor_001887.npy,/content/drive/MyDrive/SKANN_SSL/data/prototype_dataset/waveforms/clip_001887.npy
1888,3,6,tanker,5,0.0,0.3333,1.045,5.2251,True,489.36,35,25.0,88.24,240.52,0.0,0.1538172291627195,0.3069057207413063,0.3425088606119563,924.6616950370684,103.74,109.74,110.69,6.0,/content/drive/MyDrive/SKANN_SSL/data/prototype_dataset/tensors/tensor_001888.npy,/content/drive/MyDrive/SKANN_SSL/data/prototype_dataset/waveforms/clip_001888.npy
1889,4,6,tanker,5,0.0,0.3333,1.2575,6.2875,True,487.95,46,25.0,371.51,161.4,57.74,0.1538172291627195,0.3069057207413063,0.3434738899004122,918.2544980031424,103.74,109.74,110.72,6.0,/content/drive/MyDrive/SKANN_SSL/data/prototype_dataset/tensors/tensor_001889.npy,/content/drive/MyDrive/SKANN_SSL/data/prototype_dataset/waveforms/clip_001889.npy
1890,0,6,tanker,5,0.0,0.6667,1.0772,5.3861,True,454.8,61,25.0,109.05,288.14,0.0,0.1538172291627195,0.3069057207413063,0.3421853589904141,902.5753134600516,103.74,109.74,110.69,6.0,/content/drive/MyDrive/SKANN_SSL/data/prototype_dataset/tensors/tensor_001890.npy,/content/drive/MyDrive/SKANN_SSL/data/prototype_dataset/waveforms/clip_001890.npy
1891,1,6,tanker,5,0.0,0.6667,1.4541,7.2707,True,529.25,83,25.0,254.89,141.41,82.93,0.1538172291627195,0.3069057207413063,0.3463338314446695,903.3819175790186,103.74,109.74,110.79,6.0,/content/drive/MyDrive/SKANN_SSL/data/prototype_dataset/tensors/tensor_001891.npy,/content/drive/MyDrive/SKANN_SSL/data/prototype_dataset/waveforms/clip_001891.npy
1892,2,6,tanker,5,0.0,0.6667,1.1688,5.8442,True,463.82,60,25.0,177.17,435.08,0.0,0.1538172291627195,0.3069057207413063,0.3409141944961625,906.1972212717678,103.74,109.74,110.65,6.0,/content/drive/MyDrive/SKANN_SSL/data/prototype_dataset/tensors/tensor_001892.npy,/content/drive/MyDrive/SKANN_SSL/data/prototype_dataset/waveforms/clip_001892.npy
1893,3,6,tanker,5,0.0,0.6667,1.3648,6.8239,True,436.14,77,25.0,53.26,131.28,0.0,0.1538172291627195,0.3069057207413063,0.3438615205540561,890.1761684519018,103.74,109.74,110.73,6.0,/content/drive/MyDrive/SKANN_SSL/data/prototype_dataset/tensors/tensor_001893.npy,/content/drive/MyDrive/SKANN_SSL/data/prototype_dataset/waveforms/clip_001893.npy
1894,4,6,tanker,5,0.0,0.6667,1.0815,5.4076,True,446.16,64,25.0,499.67,124.85,108.04,0.1538172291627195,0.3069057207413064,0.3430643688886248,911.10140664535,103.74,109.74,110.71,6.0,/content/drive/MyDrive/SKANN_SSL/data/prototype_dataset/tensors/tensor_001894.npy,/content/drive/MyDrive/SKANN_SSL/data/prototype_dataset/waveforms/clip_001894.npy
1895,0,6,tanker,5,0.0,1.0,1.1414,5.707,True,492.36,97,25.0,333.25,127.27,0.0,0.1538172291627195,0.3069057207413064,0.3402217761221356,843.1536565983514,103.74,109.74,110.64,6.0,/content/drive/MyDrive/SKANN_SSL/data/prototype_dataset/tensors/tensor_001895.npy,/content/drive/MyDrive/SKANN_SSL/data/prototype_dataset/waveforms/clip_001895.npy
1896,1,6,tanker,5,0.0,1.0,1.4765,7.3824,True,510.24,127,25.0,232.79,104.23,187.79,0.1538172291627195,0.3069057207413063,0.3428610413871648,766.6615781969365,103.74,109.74,110.7,6.0,/content/drive/MyDrive/SKANN_SSL/data/prototype_dataset/tensors/tensor_001896.npy,/content/drive/MyDrive/SKANN_SSL/data/prototype_dataset/waveforms/clip_001896.npy
1897,2,6,tanker,5,0.0,1.0,1.2456,6.2279,True,440.98,96,25.0,274.5,328.86,0.0,0.1538172291627195,0.3069057207413063,0.3434838613375956,833.9263770105581,103.74,109.74,110.72,6.0,/content/drive/MyDrive/SKANN_SSL/data/prototype_dataset/tensors/tensor_001897.npy,/content/drive/MyDrive/SKANN_SSL/data/prototype_dataset/waveforms/clip_001897.npy
1898,3,6,tanker,5,0.0,1.0,1.3573,6.7867,True,487.28,110,25.0,241.16,130.37,0.0,0.1538172291627195,0.3069057207413063,0.3455798422322437,826.0167560591858,103.74,109.74,110.77,6.0,/content/drive/MyDrive/SKANN_SSL/data/prototype_dataset/tensors/tensor_001898.npy,/content/drive/MyDrive/SKANN_SSL/data/prototype_dataset/waveforms/clip_001898.npy
1899,4,6,tanker,5,0.0,1.0,1.146,5.7301,True,471.86,102,25.0,219.36,84.57,464.74,0.1538172291627195,0.3069057207413063,0.3437339785779758,798.4940052398116,103.74,109.74,110.72,6.0,/content/drive/MyDrive/SKANN_SSL/data/prototype_dataset/tensors/tensor_001899.npy,/content/drive/MyDrive/SKANN_SSL/data/prototype_dataset/waveforms/clip_001899.npy
1900,0,6,tanker,5,50.0,0.0,1.072,5.3601,False,0.0,0,25.0,389.25,207.51,0.0,0.1538172291627195,0.3069057207413063,0.3438253755153654,910.8376792581156,103.74,109.74,110.73,6.0,/content/drive/MyDrive/SKANN_SSL/data/prototype_dataset/tensors/tensor_001900.npy,/content/drive/MyDrive/SKANN_SSL/data/prototype_dataset/waveforms/clip_001900.npy
1901,1,6,tanker,5,50.0,0.0,1.2531,6.2655,False,0.0,0,25.0,140.26,68.06,0.0,0.1538172291627195,0.3069057207413063,0.3411088228844418,902.8917060055164,103.74,109.74,110.66,6.0,/content/drive/MyDrive/SKANN_SSL/data/prototype_dataset/tensors/tensor_001901.npy,/content/drive/MyDrive/SKANN_SSL/data/prototype_dataset/waveforms/clip_001901.npy
1902,2,6,tanker,5,50.0,0.0,1.0342,5.1712,False,0.0,0,25.0,173.22,251.54,134.33,0.1538172291627195,0.3069057207413063,0.342815767883678,906.7831205614948,103.74,109.74,110.7,6.0,/content/drive/MyDrive/SKANN_SSL/data/prototype_dataset/tensors/tensor_001902.npy,/content/drive/MyDrive/SKANN_SSL/data/prototype_dataset/waveforms/clip_001902.npy
1903,3,6,tanker,5,50.0,0.0,1.2197,6.0986,False,0.0,0,25.0,64.06,217.15,161.53,0.1538172291627195,0.3069057207413064,0.3425577305931651,905.7342679413324,103.74,109.74,110.69,6.0,/content/drive/MyDrive/SKANN_SSL/data/prototype_dataset/tensors/tensor_001903.npy,/content/drive/MyDrive/SKANN_SSL/data/prototype_dataset/waveforms/clip_001903.npy
1904,4,6,tanker,5,50.0,0.0,1.3244,6.622,False,0.0,0,25.0,169.37,395.25,0.0,0.1538172291627195,0.3069057207413063,0.345546648739218,905.437644753934,103.74,109.74,110.77,6.0,/content/drive/MyDrive/SKANN_SSL/data/prototype_dataset/tensors/tensor_001904.npy,/content/drive/MyDrive/SKANN_SSL/data/prototype_dataset/waveforms/clip_001904.npy
1905,0,6,tanker,5,50.0,0.3333,1.466,7.3301,True,461.21,29,25.0,89.83,316.37,0.0,0.1538172291627195,0.3069057207413063,0.3420109801195674,902.3902739069888,103.74,109.74,110.68,6.0,/content/drive/MyDrive/SKANN_SSL/data/prototype_dataset/tensors/tensor_001905.npy,/content/drive/MyDrive/SKANN_SSL/data/prototype_dataset/waveforms/clip_001905.npy
1906,1,6,tanker,5,50.0,0.3333,1.2075,6.0375,True,483.47,38,25.0,126.36,427.7,0.0,0.1538172291627195,0.3069057207413063,0.3427427244342866,908.6849378143704,103.74,109.74,110.7,6.0,/content/drive/MyDrive/SKANN_SSL/data/prototype_dataset/tensors/tensor_001906.npy,/content/drive/MyDrive/SKANN_SSL/data/prototype_dataset/waveforms/clip_001906.npy
1907,2,6,tanker,5,50.0,0.3333,1.0467,5.2335,True,530.64,33,25.0,352.24,115.29,0.0,0.1538172291627195,0.3069057207413064,0.3404562624576852,908.872956042368,103.74,109.74,110.64,6.0,/content/drive/MyDrive/SKANN_SSL/data/prototype_dataset/tensors/tensor_001907.npy,/content/drive/MyDrive/SKANN_SSL/data/prototype_dataset/waveforms/clip_001907.npy
1908,3,6,tanker,5,50.0,0.3333,1.0572,5.2861,True,481.92,38,25.0,360.57,189.73,96.83,0.1538172291627195,0.3069057207413064,0.3399555465476436,901.8126100796854,103.74,109.74,110.63,6.0,/content/drive/MyDrive/SKANN_SSL/data/prototype_dataset/tensors/tensor_001908.npy,/content/drive/MyDrive/SKANN_SSL/data/prototype_dataset/waveforms/clip_001908.npy
1909,4,6,tanker,5,50.0,0.3333,1.2078,6.0388,True,464.62,37,25.0,353.37,227.3,88.64,0.1538172291627195,0.3069057207413063,0.3394417925270241,905.5367167908304,103.74,109.74,110.62,6.0,/content/drive/MyDrive/SKANN_SSL/data/prototype_dataset/tensors/tensor_001909.npy,/content/drive/MyDrive/SKANN_SSL/data/prototype_dataset/waveforms/clip_001909.npy
1910,0,6,tanker,5,50.0,0.6667,1.281,6.4048,True,528.28,72,25.0,81.27,175.8,0.0,0.1538172291627195,0.3069057207413063,0.3456181808746292,897.0249259423603,103.74,109.74,110.77,6.0,/content/drive/MyDrive/SKANN_SSL/data/prototype_dataset/tensors/tensor_001910.npy,/content/drive/MyDrive/SKANN_SSL/data/prototype_dataset/waveforms/clip_001910.npy
1911,1,6,tanker,5,50.0,0.6667,1.3775,6.8876,True,480.89,81,25.0,122.25,72.61,492.76,0.1538172291627195,0.3069057207413063,0.3395695929275483,880.6379116511912,103.74,109.74,110.62,6.0,/content/drive/MyDrive/SKANN_SSL/data/prototype_dataset/tensors/tensor_001911.npy,/content/drive/MyDrive/SKANN_SSL/data/prototype_dataset/waveforms/clip_001911.npy
1912,2,6,tanker,5,50.0,0.6667,1.1601,5.8004,True,478.92,63,25.0,109.7,275.36,0.0,0.1538172291627195,0.3069057207413063,0.3470871872462335,894.7436509804339,103.74,109.74,110.81,6.0,/content/drive/MyDrive/SKANN_SSL/data/prototype_dataset/tensors/tensor_001912.npy,/content/drive/MyDrive/SKANN_SSL/data/prototype_dataset/waveforms/clip_001912.npy
1913,3,6,tanker,5,50.0,0.6667,1.4422,7.2109,True,488.3,82,25.0,89.58,242.5,0.0,0.1538172291627195,0.3069057207413064,0.3467885171272925,867.2931528124824,103.74,109.74,110.8,6.0,/content/drive/MyDrive/SKANN_SSL/data/prototype_dataset/tensors/tensor_001913.npy,/content/drive/MyDrive/SKANN_SSL/data/prototype_dataset/waveforms/clip_001913.npy
1914,4,6,tanker,5,50.0,0.6667,1.1785,5.8926,True,458.83,60,25.0,84.19,438.04,265.36,0.1538172291627195,0.3069057207413064,0.3428219206106492,878.3244211335133,103.74,109.74,110.7,6.0,/content/drive/MyDrive/SKANN_SSL/data/prototype_dataset/tensors/tensor_001914.npy,/content/drive/MyDrive/SKANN_SSL/data/prototype_dataset/waveforms/clip_001914.npy
1915,0,6,tanker,5,50.0,1.0,1.242,6.21,True,458.49,87,25.0,402.67,172.63,71.18,0.1538172291627195,0.3069057207413064,0.3457310386433531,765.0262995839837,103.74,109.74,110.77,6.0,/content/drive/MyDrive/SKANN_SSL/data/prototype_dataset/tensors/tensor_001915.npy,/content/drive/MyDrive/SKANN_SSL/data/prototype_dataset/waveforms/clip_001915.npy
1916,1,6,tanker,5,50.0,1.0,1.3819,6.9093,True,465.73,106,25.0,347.67,274.75,0.0,0.1538172291627195,0.3069057207413063,0.3403876217614253,711.2241987160892,103.74,109.74,110.64,6.0,/content/drive/MyDrive/SKANN_SSL/data/prototype_dataset/tensors/tensor_001916.npy,/content/drive/MyDrive/SKANN_SSL/data/prototype_dataset/waveforms/clip_001916.npy
1917,2,6,tanker,5,50.0,1.0,1.4989,7.4947,True,488.32,102,25.0,237.09,139.5,0.0,0.1538172291627195,0.3069057207413063,0.3410323570263627,826.0964456685479,103.74,109.74,110.66,6.0,/content/drive/MyDrive/SKANN_SSL/data/prototype_dataset/tensors/tensor_001917.npy,/content/drive/MyDrive/SKANN_SSL/data/prototype_dataset/waveforms/clip_001917.npy
1918,3,6,tanker,5,50.0,1.0,1.1004,5.5021,True,456.53,87,25.0,494.03,81.92,100.64,0.1538172291627195,0.3069057207413063,0.3462344298406661,818.6133601019623,103.74,109.74,110.79,6.0,/content/drive/MyDrive/SKANN_SSL/data/prototype_dataset/tensors/tensor_001918.npy,/content/drive/MyDrive/SKANN_SSL/data/prototype_dataset/waveforms/clip_001918.npy
1919,4,6,tanker,5,50.0,1.0,1.2027,6.0133,True,466.89,83,25.0,78.8,196.76,0.0,0.1538172291627195,0.3069057207413063,0.3430226731367838,764.4222178070944,103.74,109.74,110.71,6.0,/content/drive/MyDrive/SKANN_SSL/data/prototype_dataset/tensors/tensor_001919.npy,/content/drive/MyDrive/SKANN_SSL/data/prototype_dataset/waveforms/clip_001919.npy
