clip_id,repeat_index,sea_state,vessel_class,n_blades,generator_freq,cavitation_intensity,shaft_rate,blade_pass_freq,has_cavitation,cavitation_peak_freq,n_cavitation_bursts,equipment_base_freq,resonance_freq_1,resonance_freq_2,resonance_freq_3,sea_rms_pa,ship_rms_pa,combined_rms_pa,scale_factor,sea_spl_db,ship_spl_db,combined_spl_db,snr_db
0,0,0,small_craft,3,0.0,0.0,22.7504,68.2511,False,0.0,0,25.0,141.18,292.67,355.81,0.00743374574441087,0.014832272742883288,0.01669383285092134,48.09414271264264,77.42,83.42,84.45,6.0
1,1,0,small_craft,3,0.0,0.0,25.7221,77.1663,False,0.0,0,25.0,182.69,306.42,112.52,0.00743374574441087,0.014832272742883288,0.016643411387191744,48.24453155851064,77.42,83.42,84.42,6.0
2,2,0,small_craft,3,0.0,0.0,24.5278,73.5834,False,0.0,0,25.0,98.0,155.85,400.05,0.00743374574441087,0.014832272742883287,0.016587839895969143,47.09650129120583,77.42,83.42,84.4,6.0
3,3,0,small_craft,3,0.0,0.0,25.3224,75.9673,False,0.0,0,25.0,104.62,179.5,0.0,0.00743374574441087,0.014832272742883288,0.016609671813026205,47.74684529296473,77.42,83.42,84.41,6.0
4,4,0,small_craft,3,0.0,0.0,27.591,82.7731,False,0.0,0,25.0,487.73,169.44,0.0,0.00743374574441087,0.014832272742883287,0.016671392781018604,48.26213388158435,77.42,83.42,84.44,6.0
5,0,0,small_craft,3,0.0,0.3333,18.1692,54.5075,True,6152.03,309,25.0,206.76,144.95,111.63,0.00743374574441087,0.014832272742883288,0.01662806484604305,47.78591374124362,77.42,83.42,84.42,6.0
6,1,0,small_craft,3,0.0,0.3333,17.0937,51.2811,True,6341.87,291,25.0,140.46,206.56,114.5,0.00743374574441087,0.014832272742883288,0.016612489620962245,48.01827233951742,77.42,83.42,84.41,6.0
7,2,0,small_craft,3,0.0,0.3333,27.3495,82.0486,True,5970.51,502,25.0,148.5,58.22,242.13,0.00743374574441087,0.014832272742883288,0.01654409905304282,47.66424393549276,77.42,83.42,84.37,6.0
8,3,0,small_craft,3,0.0,0.3333,23.6459,70.9377,True,5910.59,408,25.0,349.02,98.49,0.0,0.00743374574441087,0.014832272742883287,0.016525490309201675,47.771021862296585,77.42,83.42,84.36,6.0
9,4,0,small_craft,3,0.0,0.3333,22.8351,68.5053,True,6000.7,415,25.0,252.71,116.78,0.0,0.00743374574441087,0.014832272742883288,0.01664820730492623,47.801432435268076,77.42,83.42,84.43,6.0
10,0,0,small_craft,3,0.0,0.6667,16.888,50.6641,True,5871.24,595,25.0,209.0,235.68,0.0,0.00743374574441087,0.014832272742883288,0.016651207486343328,41.18586933869152,77.42,83.42,84.43,6.0
11,1,0,small_craft,3,0.0,0.6667,22.4878,67.4635,True,5914.55,715,25.0,126.99,212.6,0.0,0.00743374574441087,0.014832272742883288,0.016611436025465248,38.4984836175508,77.42,83.42,84.41,6.0
12,2,0,small_craft,3,0.0,0.6667,16.3745,49.1234,True,5804.87,559,25.0,127.07,303.75,0.0,0.00743374574441087,0.014832272742883288,0.01655574154182604,39.3894525408712,77.42,83.42,84.38,6.0
13,3,0,small_craft,3,0.0,0.6667,21.6561,64.9683,True,6000.47,716,25.0,109.74,370.37,0.0,0.00743374574441087,0.014832272742883288,0.01665327301302854,39.98378225407124,77.42,83.42,84.43,6.0
14,4,0,small_craft,3,0.0,0.6667,16.8809,50.6426,True,6316.71,581,25.0,152.45,71.53,0.0,0.00743374574441087,0.01483227274288329,0.01656252216345542,43.09674000977629,77.42,83.42,84.38,6.0
15,0,0,small_craft,3,0.0,1.0,22.2481,66.7444,True,6129.44,972,25.0,181.99,442.64,59.23,0.00743374574441087,0.014832272742883288,0.016585306375939222,27.24784383862084,77.42,83.42,84.39,6.0
16,1,0,small_craft,3,0.0,1.0,16.6759,50.0277,True,5997.1,730,25.0,128.96,120.47,0.0,0.00743374574441087,0.014832272742883288,0.016650268153354724,23.597567150045855,77.42,83.42,84.43,6.0
17,2,0,small_craft,3,0.0,1.0,24.0042,72.0126,True,5890.29,1085,25.0,146.5,472.21,99.17,0.00743374574441087,0.01483227274288329,0.016629174610292483,25.12114832606578,77.42,83.42,84.42,6.0
18,3,0,small_craft,3,0.0,1.0,21.6181,64.8544,True,6053.0,1025,25.0,91.32,159.52,0.0,0.00743374574441087,0.014832272742883285,0.01662775581200408,22.381301748572692,77.42,83.42,84.42,6.0
19,4,0,small_craft,3,0.0,1.0,25.0602,75.1806,True,5943.47,1193,25.0,166.02,216.07,0.0,0.00743374574441087,0.01483227274288329,0.016546888396389733,19.43740424160346,77.42,83.42,84.37,6.0
20,0,0,small_craft,3,50.0,0.0,16.5771,49.7314,False,0.0,0,25.0,387.99,146.7,272.68,0.00743374574441087,0.014832272742883287,0.016448198652813013,45.21078241669793,77.42,83.42,84.32,6.0
21,1,0,small_craft,3,50.0,0.0,17.4705,52.4115,False,0.0,0,25.0,493.05,146.4,116.07,0.00743374574441087,0.014832272742883288,0.0166007909253925,47.31392833531952,77.42,83.42,84.4,6.0
22,2,0,small_craft,3,50.0,0.0,25.7585,77.2756,False,0.0,0,25.0,345.34,66.04,0.0,0.00743374574441087,0.014832272742883288,0.01653811810249687,47.42855240508351,77.42,83.42,84.37,6.0
23,3,0,small_craft,3,50.0,0.0,24.892,74.6759,False,0.0,0,25.0,169.5,68.29,297.47,0.00743374574441087,0.01483227274288329,0.01662494906966944,44.34017535283042,77.42,83.42,84.42,6.0
24,4,0,small_craft,3,50.0,0.0,15.3672,46.1015,False,0.0,0,25.0,143.31,239.66,101.02,0.00743374574441087,0.014832272742883288,0.016545790477865804,47.134577173568964,77.42,83.42,84.37,6.0
25,0,0,small_craft,3,50.0,0.3333,24.3057,72.9172,True,5965.09,451,25.0,251.81,53.93,0.0,0.00743374574441087,0.014832272742883287,0.016522825414587945,47.05525061938427,77.42,83.42,84.36,6.0
26,1,0,small_craft,3,50.0,0.3333,28.8128,86.4384,True,6027.89,532,25.0,59.71,192.84,0.0,0.00743374574441087,0.014832272742883288,0.01653439936130164,46.92457520630891,77.42,83.42,84.37,6.0
27,2,0,small_craft,3,50.0,0.3333,19.049,57.1471,True,6100.65,333,25.0,133.41,239.67,0.0,0.00743374574441087,0.014832272742883288,0.016598529259875587,47.165532206418334,77.42,83.42,84.4,6.0
28,3,0,small_craft,3,50.0,0.3333,18.7367,56.21,True,6202.51,319,25.0,53.37,150.83,0.0,0.00743374574441087,0.014832272742883287,0.01662716601383062,46.8590387150251,77.42,83.42,84.42,6.0
29,4,0,small_craft,3,50.0,0.3333,15.775,47.325,True,6253.29,309,25.0,119.92,265.07,0.0,0.00743374574441087,0.014832272742883287,0.01663519627210029,47.032268301438286,77.42,83.42,84.42,6.0
30,0,0,small_craft,3,50.0,0.6667,18.9646,56.8939,True,6023.99,657,25.0,216.65,174.63,70.07,0.00743374574441087,0.01483227274288329,0.0166088291863741,39.84924379154239,77.42,83.42,84.41,6.0
31,1,0,small_craft,3,50.0,0.6667,15.0918,45.2753,True,6043.73,495,25.0,167.13,427.63,0.0,0.00743374574441087,0.014832272742883288,0.016642799855866402,40.88757209351494,77.42,83.42,84.42,6.0
32,2,0,small_craft,3,50.0,0.6667,29.6257,88.877,True,5905.05,969,25.0,275.0,77.52,246.31,0.00743374574441087,0.014832272742883288,0.016497202566647905,39.16961669642069,77.42,83.42,84.35,6.0
33,3,0,small_craft,3,50.0,0.6667,16.7406,50.2217,True,6038.94,548,25.0,146.45,496.52,0.0,0.00743374574441087,0.01483227274288329,0.01658873194624175,40.08343522513498,77.42,83.42,84.4,6.0
34,4,0,small_craft,3,50.0,0.6667,23.5739,70.7218,True,5917.05,780,25.0,334.63,66.86,0.0,0.00743374574441087,0.01483227274288329,0.01663388419115512,38.99618912407178,77.42,83.42,84.42,6.0
35,0,0,small_craft,3,50.0,1.0,15.4584,46.3752,True,6061.84,692,25.0,95.84,166.3,228.27,0.00743374574441087,0.014832272742883288,0.0166679696885026,25.677681732844874,77.42,83.42,84.44,6.0
36,1,0,small_craft,3,50.0,1.0,16.2448,48.7343,True,5853.62,726,25.0,141.2,55.56,301.38,0.00743374574441087,0.014832272742883287,0.016673098963559684,25.753421527581185,77.42,83.42,84.44,6.0
37,2,0,small_craft,3,50.0,1.0,22.5679,67.7038,True,6160.13,1021,25.0,282.41,121.19,0.0,0.00743374574441087,0.01483227274288329,0.01647664680599863,24.653012883458775,77.42,83.42,84.34,6.0
38,3,0,small_craft,3,50.0,1.0,28.0293,84.0879,True,5905.69,1212,25.0,236.86,179.88,0.0,0.00743374574441087,0.01483227274288329,0.01660857960623043,20.084776323359034,77.42,83.42,84.41,6.0
39,4,0,small_craft,3,50.0,1.0,15.4483,46.3448,True,6118.58,721,25.0,187.19,110.93,244.23,0.00743374574441087,0.01483227274288329,0.0165963983467434,26.706167904765707,77.42,83.42,84.4,6.0
40,0,0,small_craft,4,0.0,0.0,20.3451,81.3803,False,0.0,0,25.0,115.02,264.21,205.4,0.00743374574441087,0.014832272742883288,0.016545020686186997,48.68752282645753,77.42,83.42,84.37,6.0
41,1,0,small_craft,4,0.0,0.0,23.9717,95.8868,False,0.0,0,25.0,281.01,208.57,56.21,0.00743374574441087,0.014832272742883288,0.016529389362785873,48.77331882822592,77.42,83.42,84.37,6.0
42,2,0,small_craft,4,0.0,0.0,24.9665,99.8662,False,0.0,0,25.0,397.94,144.51,82.7,0.00743374574441087,0.014832272742883288,0.016641328026622854,47.12236306794452,77.42,83.42,84.42,6.0
43,3,0,small_craft,4,0.0,0.0,26.6989,106.7955,False,0.0,0,25.0,246.94,57.28,110.91,0.00743374574441087,0.014832272742883287,0.01658713206716434,48.654565014664506,77.42,83.42,84.4,6.0
44,4,0,small_craft,4,0.0,0.0,24.1343,96.5372,False,0.0,0,25.0,158.73,76.5,266.25,0.00743374574441087,0.01483227274288329,0.016540019948771537,48.76607261622296,77.42,83.42,84.37,6.0
45,0,0,small_craft,4,0.0,0.3333,25.3689,101.4755,True,5894.91,570,25.0,355.54,198.95,138.61,0.00743374574441087,0.014832272742883288,0.016655942347762565,47.39855517310307,77.42,83.42,84.43,6.0
46,1,0,small_craft,4,0.0,0.3333,22.5851,90.3406,True,5943.61,528,25.0,359.81,257.36,117.03,0.00743374574441087,0.014832272742883288,0.016674607617912823,48.040375880803,77.42,83.42,84.44,6.0
47,2,0,small_craft,4,0.0,0.3333,24.0075,96.0301,True,5968.56,590,25.0,77.86,334.04,108.65,0.00743374574441087,0.01483227274288329,0.016668248928743898,48.15752055291029,77.42,83.42,84.44,6.0
48,3,0,small_craft,4,0.0,0.3333,23.4899,93.9598,True,5869.55,634,25.0,120.55,113.55,0.0,0.00743374574441087,0.014832272742883287,0.016501716772304137,48.38757328607613,77.42,83.42,84.35,6.0
49,4,0,small_craft,4,0.0,0.3333,23.1021,92.4084,True,5878.2,536,25.0,317.2,83.83,0.0,0.00743374574441087,0.014832272742883287,0.016602473490420152,48.215770917689,77.42,83.42,84.4,6.0
50,0,0,small_craft,4,0.0,0.6667,19.5916,78.3665,True,6063.44,873,25.0,377.28,56.78,194.26,0.00743374574441087,0.014832272742883288,0.016590924367921638,38.79270366919791,77.42,83.42,84.4,6.0
51,1,0,small_craft,4,0.0,0.6667,17.9869,71.9474,True,6215.7,775,25.0,140.15,135.07,0.0,0.00743374574441087,0.014832272742883285,0.01665668919014409,40.19515441862728,77.42,83.42,84.43,6.0
52,2,0,small_craft,4,0.0,0.6667,22.8271,91.3082,True,6167.9,1018,25.0,246.92,428.22,88.88,0.00743374574441087,0.014832272742883287,0.016651213614887708,36.36677512501541,77.42,83.42,84.43,6.0
53,3,0,small_craft,4,0.0,0.6667,21.272,85.0879,True,6029.44,954,25.0,130.92,299.37,0.0,0.00743374574441087,0.014832272742883287,0.016474329570478122,36.35432160076222,77.42,83.42,84.34,6.0
54,4,0,small_craft,4,0.0,0.6667,25.0622,100.2489,True,5901.37,1084,25.0,63.18,222.85,0.0,0.00743374574441087,0.014832272742883292,0.01658901441349632,33.20324576236109,77.42,83.42,84.4,6.0
55,0,0,small_craft,4,0.0,1.0,18.4474,73.7896,True,6017.36,1159,25.0,200.57,490.94,0.0,0.00743374574441087,0.01483227274288329,0.016537078522684094,24.851653180109942,77.42,83.42,84.37,6.0
56,1,0,small_craft,4,0.0,1.0,20.759,83.0361,True,6096.79,1234,25.0,116.58,421.59,0.0,0.00743374574441087,0.014832272742883288,0.016539827579083496,24.4738278495945,77.42,83.42,84.37,6.0
57,2,0,small_craft,4,0.0,1.0,19.667,78.668,True,5898.43,1216,25.0,68.07,421.11,0.0,0.00743374574441087,0.014832272742883288,0.01656127050306939,21.73352703037013,77.42,83.42,84.38,6.0
58,3,0,small_craft,4,0.0,1.0,18.5009,74.0035,True,6089.42,1113,25.0,81.68,152.56,0.0,0.00743374574441087,0.014832272742883287,0.016501221364543663,21.374819365976304,77.42,83.42,84.35,6.0
59,4,0,small_craft,4,0.0,1.0,18.7727,75.0907,True,6032.91,1125,25.0,186.48,411.25,121.56,0.00743374574441087,0.014832272742883285,0.016553011685617063,26.6169736435114,77.42,83.42,84.38,6.0
60,0,0,small_craft,4,50.0,0.0,21.5773,86.3093,False,0.0,0,25.0,184.34,144.16,429.85,0.00743374574441087,0.014832272742883288,0.01652988917163383,47.649812090888574,77.42,83.42,84.37,6.0
61,1,0,small_craft,4,50.0,0.0,23.4231,93.6925,False,0.0,0,25.0,257.47,97.35,0.0,0.00743374574441087,0.014832272742883288,0.016579292080393708,47.996144562236786,77.42,83.42,84.39,6.0
62,2,0,small_craft,4,50.0,0.0,27.7235,110.8942,False,0.0,0,25.0,303.96,124.08,132.42,0.00743374574441087,0.014832272742883285,0.016587790149809163,47.86472600757396,77.42,83.42,84.4,6.0
63,3,0,small_craft,4,50.0,0.0,18.3377,73.3506,False,0.0,0,25.0,242.06,137.42,0.0,0.00743374574441087,0.014832272742883288,0.016660906286033946,47.97078064137065,77.42,83.42,84.43,6.0
64,4,0,small_craft,4,50.0,0.0,29.5475,118.19,False,0.0,0,25.0,367.93,286.21,0.0,0.00743374574441087,0.014832272742883288,0.01667046890479843,47.9285101978247,77.42,83.42,84.44,6.0
65,0,0,small_craft,4,50.0,0.3333,17.7767,71.1067,True,5752.35,450,25.0,220.43,226.71,143.41,0.00743374574441087,0.01483227274288329,0.01661269081766051,47.51354527265177,77.42,83.42,84.41,6.0
66,1,0,small_craft,4,50.0,0.3333,18.8827,75.5307,True,5891.96,430,25.0,190.19,383.58,72.93,0.00743374574441087,0.014832272742883288,0.01662792539470135,47.2254002196828,77.42,83.42,84.42,6.0
67,2,0,small_craft,4,50.0,0.3333,24.3082,97.2328,True,5920.16,612,25.0,78.32,147.66,466.15,0.00743374574441087,0.01483227274288329,0.016541126001313605,46.95890605662859,77.42,83.42,84.37,6.0
68,3,0,small_craft,4,50.0,0.3333,27.5162,110.0646,True,6016.71,646,25.0,258.34,266.41,0.0,0.00743374574441087,0.014832272742883287,0.016560686308384566,47.535539302757215,77.42,83.42,84.38,6.0
69,4,0,small_craft,4,50.0,0.3333,29.3443,117.3771,True,5996.26,706,25.0,390.38,52.12,0.0,0.00743374574441087,0.014832272742883288,0.01659429775553833,47.52229169705256,77.42,83.42,84.4,6.0
70,0,0,small_craft,4,50.0,0.6667,16.7951,67.1805,True,5930.96,743,25.0,212.36,202.1,0.0,0.00743374574441087,0.014832272742883287,0.016597265605455627,37.19477620333968,77.42,83.42,84.4,6.0
71,1,0,small_craft,4,50.0,0.6667,21.709,86.8359,True,5941.48,917,25.0,269.16,68.5,248.44,0.00743374574441087,0.014832272742883288,0.016528999249375127,39.51462932497033,77.42,83.42,84.36,6.0
72,2,0,small_craft,4,50.0,0.6667,19.3882,77.553,True,6079.07,833,25.0,343.57,279.04,90.87,0.00743374574441087,0.01483227274288329,0.01663393381016427,41.77844387841671,77.42,83.42,84.42,6.0
73,3,0,small_craft,4,50.0,0.6667,28.2234,112.8936,True,5977.42,1251,25.0,50.15,131.02,0.0,0.00743374574441087,0.014832272742883288,0.016570994108534104,33.1959328608561,77.42,83.42,84.39,6.0
74,4,0,small_craft,4,50.0,0.6667,26.7155,106.8619,True,5986.96,1191,25.0,416.52,242.8,146.3,0.00743374574441087,0.014832272742883288,0.016621779076946334,39.470810237270946,77.42,83.42,84.41,6.0
75,0,0,small_craft,4,50.0,1.0,19.5322,78.1288,True,5951.97,1133,25.0,206.39,445.11,0.0,0.00743374574441087,0.014832272742883292,0.016551107301725015,22.12938115307968,77.42,83.42,84.38,6.0
76,1,0,small_craft,4,50.0,1.0,24.8927,99.5707,True,5978.5,1578,25.0,369.09,116.48,149.42,0.00743374574441087,0.014832272742883287,0.016659900132440498,19.786857650554644,77.42,83.42,84.43,6.0
77,2,0,small_craft,4,50.0,1.0,21.3802,85.5207,True,6088.92,1323,25.0,115.17,336.56,0.0,0.00743374574441087,0.014832272742883288,0.016642340217850125,20.6480244282929,77.42,83.42,84.42,6.0
78,3,0,small_craft,4,50.0,1.0,24.0215,96.0858,True,6079.85,1387,25.0,348.57,50.6,0.0,0.00743374574441087,0.014832272742883287,0.016549229602291375,25.988758019344303,77.42,83.42,84.38,6.0
79,4,0,small_craft,4,50.0,1.0,18.1144,72.4574,True,5979.81,1114,25.0,450.26,223.12,50.34,0.00743374574441087,0.014832272742883288,0.0165631386309021,21.33362218537956,77.42,83.42,84.38,6.0
80,0,0,small_craft,5,0.0,0.0,18.52,92.5998,False,0.0,0,25.0,272.55,71.85,249.41,0.00743374574441087,0.014832272742883288,0.016679434153719457,49.38221725941762,77.42,83.42,84.44,6.0
81,1,0,small_craft,5,0.0,0.0,27.7016,138.5081,False,0.0,0,25.0,266.79,217.95,0.0,0.00743374574441087,0.014832272742883288,0.016428582324785463,49.089665787484584,77.42,83.42,84.31,6.0
82,2,0,small_craft,5,0.0,0.0,23.6591,118.2955,False,0.0,0,25.0,468.36,293.48,0.0,0.00743374574441087,0.01483227274288329,0.016550168868345014,49.249191661759866,77.42,83.42,84.38,6.0
83,3,0,small_craft,5,0.0,0.0,21.0357,105.1783,False,0.0,0,25.0,275.25,494.29,0.0,0.00743374574441087,0.01483227274288329,0.016593681534250566,49.31824814701515,77.42,83.42,84.4,6.0
84,4,0,small_craft,5,0.0,0.0,15.565,77.8251,False,0.0,0,25.0,117.78,440.8,263.41,0.00743374574441087,0.014832272742883288,0.01659665889637788,49.29251190225727,77.42,83.42,84.4,6.0
85,0,0,small_craft,5,0.0,0.3333,21.8776,109.3878,True,6162.35,668,25.0,469.21,273.25,0.0,0.00743374574441087,0.014832272742883288,0.01655052075937511,48.88868358424373,77.42,83.42,84.38,6.0
86,1,0,small_craft,5,0.0,0.3333,22.8375,114.1873,True,5873.36,665,25.0,279.93,145.75,412.26,0.00743374574441087,0.014832272742883288,0.016648639074393855,48.72060006190302,77.42,83.42,84.43,6.0
87,2,0,small_craft,5,0.0,0.3333,18.0366,90.1828,True,6157.08,539,25.0,77.4,373.22,251.87,0.00743374574441087,0.01483227274288329,0.016614919479186252,48.86156461321929,77.42,83.42,84.41,6.0
88,3,0,small_craft,5,0.0,0.3333,24.2863,121.4313,True,5989.39,726,25.0,241.76,243.36,0.0,0.00743374574441087,0.014832272742883288,0.01657435491768636,48.39499875651704,77.42,83.42,84.39,6.0
89,4,0,small_craft,5,0.0,0.3333,25.1343,125.6717,True,5830.81,800,25.0,123.35,291.98,0.0,0.00743374574441087,0.014832272742883288,0.016777370133905012,47.74812280577685,77.42,83.42,84.49,6.0
90,0,0,small_craft,5,0.0,0.6667,18.8649,94.3244,True,5957.87,1042,25.0,104.44,110.84,0.0,0.00743374574441087,0.014832272742883288,0.016660441612660677,35.523536491877,77.42,83.42,84.43,6.0
91,1,0,small_craft,5,0.0,0.6667,19.5717,97.8587,True,6142.11,1015,25.0,212.48,53.87,496.79,0.00743374574441087,0.014832272742883288,0.016549291335695406,37.205138281234994,77.42,83.42,84.38,6.0
92,2,0,small_craft,5,0.0,0.6667,15.5554,77.777,True,5986.77,845,25.0,175.39,142.56,0.0,0.00743374574441087,0.014832272742883288,0.01653766136315269,40.99390888925873,77.42,83.42,84.37,6.0
93,3,0,small_craft,5,0.0,0.6667,27.9797,139.8983,True,6022.72,1562,25.0,256.32,114.3,164.91,0.00743374574441087,0.01483227274288329,0.01661526960878733,38.10601321476188,77.42,83.42,84.41,6.0
94,4,0,small_craft,5,0.0,0.6667,17.0764,85.3822,True,6125.24,936,25.0,117.93,134.21,0.0,0.00743374574441087,0.014832272742883288,0.016664498626918316,39.435786123004355,77.42,83.42,84.44,6.0
95,0,0,small_craft,5,0.0,1.0,24.9876,124.9381,True,6042.78,1819,25.0,138.73,81.7,399.15,0.00743374574441087,0.014832272742883288,0.016562189795623693,15.987221702072246,77.42,83.42,84.38,6.0
96,1,0,small_craft,5,0.0,1.0,21.6872,108.4358,True,5989.73,1520,25.0,277.73,86.35,244.27,0.00743374574441087,0.014832272742883288,0.016686267860740026,24.199524518313183,77.42,83.42,84.45,6.0
97,2,0,small_craft,5,0.0,1.0,22.9006,114.5029,True,6018.7,1751,25.0,301.03,104.59,258.84,0.00743374574441087,0.01483227274288329,0.016600299050904474,20.37673954497035,77.42,83.42,84.4,6.0
98,3,0,small_craft,5,0.0,1.0,22.8926,114.4631,True,6021.06,1710,25.0,189.55,256.32,0.0,0.00743374574441087,0.01483227274288329,0.016499575419963233,21.126981225224238,77.42,83.42,84.35,6.0
99,4,0,small_craft,5,0.0,1.0,24.481,122.4049,True,6010.11,1835,25.0,350.62,227.66,0.0,0.00743374574441087,0.014832272742883287,0.016627518597227824,18.592663533240792,77.42,83.42,84.42,6.0
100,0,0,small_craft,5,50.0,0.0,19.3465,96.7327,False,0.0,0,25.0,55.83,280.99,266.6,0.00743374574441087,0.014832272742883288,0.01637619645984208,48.05330610183604,77.42,83.42,84.28,6.0
101,1,0,small_craft,5,50.0,0.0,16.9188,84.5939,False,0.0,0,25.0,151.35,247.49,0.0,0.00743374574441087,0.014832272742883287,0.016650182977330723,48.306110285179564,77.42,83.42,84.43,6.0
102,2,0,small_craft,5,50.0,0.0,23.1152,115.576,False,0.0,0,25.0,132.85,179.04,425.47,0.00743374574441087,0.014832272742883288,0.01655874001963781,48.30610111928417,77.42,83.42,84.38,6.0
103,3,0,small_craft,5,50.0,0.0,22.0426,110.213,False,0.0,0,25.0,140.99,438.62,0.0,0.00743374574441087,0.01483227274288329,0.016645647602435042,48.44854084654293,77.42,83.42,84.43,6.0
104,4,0,small_craft,5,50.0,0.0,27.6113,138.0567,False,0.0,0,25.0,233.56,382.95,0.0,0.00743374574441087,0.014832272742883288,0.01644870829858672,48.18220612326778,77.42,83.42,84.32,6.0
105,0,0,small_craft,5,50.0,0.3333,16.3706,81.8528,True,5861.85,473,25.0,142.25,96.69,275.14,0.00743374574441087,0.014832272742883288,0.016504044613585393,47.55275472615636,77.42,83.42,84.35,6.0
106,1,0,small_craft,5,50.0,0.3333,21.5129,107.5645,True,6091.85,657,25.0,243.53,465.01,79.81,0.00743374574441087,0.014832272742883287,0.016699909334194952,47.7607305203581,77.42,83.42,84.45,6.0
107,2,0,small_craft,5,50.0,0.3333,24.874,124.3701,True,6008.95,707,25.0,414.24,142.66,0.0,0.00743374574441087,0.01483227274288329,0.01658788121790811,45.639401227212545,77.42,83.42,84.4,6.0
108,3,0,small_craft,5,50.0,0.3333,26.7024,133.5119,True,6038.17,800,25.0,437.74,61.35,0.0,0.00743374574441087,0.014832272742883288,0.016521144221887347,47.67501042980224,77.42,83.42,84.36,6.0
109,4,0,small_craft,5,50.0,0.3333,19.6268,98.1339,True,5893.05,628,25.0,98.85,225.14,177.7,0.00743374574441087,0.014832272742883287,0.016619966674574643,47.43064732522143,77.42,83.42,84.41,6.0
110,0,0,small_craft,5,50.0,0.6667,17.539,87.6951,True,5958.4,911,25.0,298.34,92.95,0.0,0.00743374574441087,0.01483227274288329,0.016646493481522043,37.983008398162724,77.42,83.42,84.43,6.0
111,1,0,small_craft,5,50.0,0.6667,22.7607,113.8033,True,6065.76,1273,25.0,146.6,132.98,0.0,0.00743374574441087,0.01483227274288329,0.016516101251483457,36.697236295173575,77.42,83.42,84.36,6.0
112,2,0,small_craft,5,50.0,0.6667,18.8908,94.454,True,6030.15,1055,25.0,203.88,244.51,118.78,0.00743374574441087,0.01483227274288329,0.016581238988729236,39.23761701468311,77.42,83.42,84.39,6.0
113,3,0,small_craft,5,50.0,0.6667,21.3311,106.6556,True,6075.84,1172,25.0,60.07,234.37,127.21,0.00743374574441087,0.014832272742883287,0.01651391028868097,36.37814917226791,77.42,83.42,84.36,6.0
114,4,0,small_craft,5,50.0,0.6667,26.5632,132.8162,True,5962.53,1455,25.0,103.89,109.0,0.0,0.00743374574441087,0.014832272742883287,0.016678121831203693,32.277821237070945,77.42,83.42,84.44,6.0
115,0,0,small_craft,5,50.0,1.0,22.8817,114.4086,True,6005.67,1731,25.0,327.06,60.84,0.0,0.00743374574441087,0.014832272742883288,0.016662236260206645,22.942185596922524,77.42,83.42,84.43,6.0
116,1,0,small_craft,5,50.0,1.0,20.4083,102.0416,True,6036.46,1474,25.0,297.05,92.41,301.08,0.00743374574441087,0.014832272742883287,0.016547272025974565,19.899611643367283,77.42,83.42,84.37,6.0
117,2,0,small_craft,5,50.0,1.0,18.0419,90.2095,True,6021.28,1331,25.0,361.29,231.54,0.0,0.00743374574441087,0.014832272742883288,0.01660201553997284,17.580876977065927,77.42,83.42,84.4,6.0
118,3,0,small_craft,5,50.0,1.0,23.8793,119.3965,True,6105.57,1851,25.0,380.49,118.96,0.0,0.00743374574441087,0.01483227274288329,0.016637803123967385,17.859752465996937,77.42,83.42,84.42,6.0
119,4,0,small_craft,5,50.0,1.0,20.3958,101.9792,True,5977.0,1546,25.0,108.09,280.45,315.43,0.00743374574441087,0.01483227274288329,0.016575699825805423,21.682987986512458,77.42,83.42,84.39,6.0
120,0,0,fishing_vessel,3,0.0,0.0,5.4452,16.3356,False,0.0,0,25.0,282.22,67.63,487.53,0.00743374574441087,0.014832272742883288,0.016701101928748782,46.478149442940904,77.42,83.42,84.45,6.0
121,1,0,fishing_vessel,3,0.0,0.0,6.9205,20.7614,False,0.0,0,25.0,168.39,136.49,0.0,0.00743374574441087,0.014832272742883288,0.01655206360488116,46.68016078919896,77.42,83.42,84.38,6.0
122,2,0,fishing_vessel,3,0.0,0.0,7.4694,22.4083,False,0.0,0,25.0,293.24,133.55,0.0,0.00743374574441087,0.014832272742883287,0.016569763910100666,46.59729276228519,77.42,83.42,84.39,6.0
123,3,0,fishing_vessel,3,0.0,0.0,5.3525,16.0576,False,0.0,0,25.0,92.94,273.05,133.37,0.00743374574441087,0.01483227274288329,0.01658053055062516,46.544465259203314,77.42,83.42,84.39,6.0
124,4,0,fishing_vessel,3,0.0,0.0,4.8179,14.4536,False,0.0,0,25.0,123.17,440.26,0.0,0.00743374574441087,0.01483227274288329,0.016485629579784125,47.53035859881354,77.42,83.42,84.34,6.0
125,0,0,fishing_vessel,3,0.0,0.3333,7.9991,23.9972,True,1813.17,136,25.0,371.71,123.79,0.0,0.00743374574441087,0.014832272742883288,0.016495168896681643,46.30928646831961,77.42,83.42,84.35,6.0
126,1,0,fishing_vessel,3,0.0,0.3333,5.0448,15.1345,True,1969.79,95,25.0,252.11,80.6,0.0,0.00743374574441087,0.01483227274288329,0.01652353359263159,46.2523917954343,77.42,83.42,84.36,6.0
127,2,0,fishing_vessel,3,0.0,0.3333,5.6951,17.0854,True,1796.04,114,25.0,262.79,111.35,247.91,0.00743374574441087,0.014832272742883288,0.01646974093056241,46.405929787536934,77.42,83.42,84.33,6.0
128,3,0,fishing_vessel,3,0.0,0.3333,5.2332,15.6995,True,1755.31,98,25.0,85.72,231.74,131.97,0.00743374574441087,0.014832272742883288,0.01661964145417243,45.93202192333573,77.42,83.42,84.41,6.0
129,4,0,fishing_vessel,3,0.0,0.3333,6.4735,19.4205,True,1810.98,132,25.0,217.78,250.13,125.74,0.00743374574441087,0.014832272742883288,0.016564828232668555,46.32501521986825,77.42,83.42,84.38,6.0
130,0,0,fishing_vessel,3,0.0,0.6667,6.4445,19.3335,True,1717.33,207,25.0,116.03,277.52,0.0,0.00743374574441087,0.014832272742883288,0.016544232641517127,42.65695707861651,77.42,83.42,84.37,6.0
131,1,0,fishing_vessel,3,0.0,0.6667,6.1326,18.3977,True,1855.15,182,25.0,81.49,262.43,200.49,0.00743374574441087,0.014832272742883288,0.016490715101784577,45.129382911609774,77.42,83.42,84.34,6.0
132,2,0,fishing_vessel,3,0.0,0.6667,5.0441,15.1322,True,1801.73,163,25.0,129.38,231.6,0.0,0.00743374574441087,0.014832272742883288,0.01656351373395831,44.409500896310746,77.42,83.42,84.38,6.0
133,3,0,fishing_vessel,3,0.0,0.6667,7.2825,21.8474,True,1805.94,275,25.0,164.82,430.31,0.0,0.00743374574441087,0.014832272742883285,0.016521164540663987,42.31237778232174,77.42,83.42,84.36,6.0
134,4,0,fishing_vessel,3,0.0,0.6667,5.1802,15.5405,True,1812.37,185,25.0,129.58,352.63,0.0,0.00743374574441087,0.01483227274288329,0.016532920422188,45.17134279972105,77.42,83.42,84.37,6.0
135,0,0,fishing_vessel,3,0.0,1.0,5.4797,16.439,True,1854.6,275,25.0,86.09,289.19,0.0,0.00743374574441087,0.014832272742883288,0.01655935060887472,37.94518530803916,77.42,83.42,84.38,6.0
136,1,0,fishing_vessel,3,0.0,1.0,4.2881,12.8644,True,1800.98,184,25.0,110.44,121.92,0.0,0.00743374574441087,0.014832272742883288,0.016509406269470187,38.73460545682534,77.42,83.42,84.35,6.0
137,2,0,fishing_vessel,3,0.0,1.0,5.8956,17.6869,True,1767.48,263,25.0,420.6,206.31,0.0,0.00743374574441087,0.014832272742883287,0.016617608416997453,36.09740677957018,77.42,83.42,84.41,6.0
138,3,0,fishing_vessel,3,0.0,1.0,5.4725,16.4176,True,1877.61,244,25.0,111.41,134.52,0.0,0.00743374574441087,0.014832272742883287,0.016519756573378744,35.59572417315895,77.42,83.42,84.36,6.0
139,4,0,fishing_vessel,3,0.0,1.0,4.7225,14.1675,True,1792.93,224,25.0,228.77,263.93,106.89,0.00743374574441087,0.014832272742883288,0.016571773340537582,40.45203905183763,77.42,83.42,84.39,6.0
140,0,0,fishing_vessel,3,50.0,0.0,5.2509,15.7526,False,0.0,0,25.0,229.33,62.76,260.97,0.00743374574441087,0.014832272742883288,0.016652305560934607,45.61536127638382,77.42,83.42,84.43,6.0
141,1,0,fishing_vessel,3,50.0,0.0,7.6388,22.9164,False,0.0,0,25.0,244.37,474.22,0.0,0.00743374574441087,0.014832272742883288,0.016538455443029145,45.64410808510901,77.42,83.42,84.37,6.0
142,2,0,fishing_vessel,3,50.0,0.0,7.7031,23.1094,False,0.0,0,25.0,94.34,393.39,0.0,0.00743374574441087,0.01483227274288329,0.016660493576806223,45.55605415745395,77.42,83.42,84.43,6.0
143,3,0,fishing_vessel,3,50.0,0.0,5.1214,15.3642,False,0.0,0,25.0,73.27,440.13,137.98,0.00743374574441087,0.014832272742883288,0.016727184937469892,45.704678718892325,77.42,83.42,84.47,6.0
144,4,0,fishing_vessel,3,50.0,0.0,4.9992,14.9976,False,0.0,0,25.0,75.12,203.84,389.42,0.00743374574441087,0.014832272742883288,0.01653635982068376,46.283933617986904,77.42,83.42,84.37,6.0
145,0,0,fishing_vessel,3,50.0,0.3333,7.9765,23.9294,True,1763.1,150,25.0,87.36,156.43,0.0,0.00743374574441087,0.014832272742883288,0.016596370106126412,45.71059052291043,77.42,83.42,84.4,6.0
146,1,0,fishing_vessel,3,50.0,0.3333,7.8035,23.4104,True,1873.1,110,25.0,145.67,281.48,0.0,0.00743374574441087,0.01483227274288329,0.016504418560635534,45.55370823248646,77.42,83.42,84.35,6.0
147,2,0,fishing_vessel,3,50.0,0.3333,5.1869,15.5608,True,1727.34,74,25.0,332.97,147.83,185.08,0.00743374574441087,0.014832272742883288,0.016717255318226584,45.47151743103234,77.42,83.42,84.46,6.0
148,3,0,fishing_vessel,3,50.0,0.3333,5.8522,17.5567,True,1780.1,108,25.0,193.18,81.32,0.0,0.00743374574441087,0.014832272742883288,0.016464554050590587,45.647375692558974,77.42,83.42,84.33,6.0
149,4,0,fishing_vessel,3,50.0,0.3333,7.9224,23.7673,True,1817.76,162,25.0,101.66,407.72,0.0,0.00743374574441087,0.014832272742883288,0.016456392435835996,45.595352854556964,77.42,83.42,84.33,6.0
150,0,0,fishing_vessel,3,50.0,0.6667,5.1777,15.5332,True,1676.24,179,25.0,109.0,417.97,0.0,0.00743374574441087,0.014832272742883287,0.01656061559644022,43.00795743140688,77.42,83.42,84.38,6.0
151,1,0,fishing_vessel,3,50.0,0.6667,5.8391,17.5173,True,1877.22,189,25.0,195.27,334.84,132.8,0.00743374574441087,0.01483227274288329,0.016598921878376475,43.75059859261451,77.42,83.42,84.4,6.0
152,2,0,fishing_vessel,3,50.0,0.6667,5.3917,16.1751,True,1855.58,191,25.0,391.4,192.03,102.63,0.00743374574441087,0.014832272742883288,0.016518285544129922,43.65824197091507,77.42,83.42,84.36,6.0
153,3,0,fishing_vessel,3,50.0,0.6667,7.0793,21.2378,True,1827.59,228,25.0,84.97,223.73,0.0,0.00743374574441087,0.014832272742883287,0.01654441460465685,42.75241054809632,77.42,83.42,84.37,6.0
154,4,0,fishing_vessel,3,50.0,0.6667,7.9303,23.791,True,1749.94,274,25.0,252.5,296.43,0.0,0.00743374574441087,0.01483227274288329,0.01672124204259775,43.350499581593745,77.42,83.42,84.47,6.0
155,0,0,fishing_vessel,3,50.0,1.0,4.9465,14.8396,True,1831.09,265,25.0,68.41,196.6,201.74,0.00743374574441087,0.014832272742883288,0.016683159858939155,37.84847975680078,77.42,83.42,84.45,6.0
156,1,0,fishing_vessel,3,50.0,1.0,4.0035,12.0106,True,1783.86,165,25.0,99.62,232.29,0.0,0.00743374574441087,0.014832272742883285,0.01662490477912107,37.70285313555896,77.42,83.42,84.42,6.0
157,2,0,fishing_vessel,3,50.0,1.0,6.8335,20.5004,True,1743.09,320,25.0,113.19,216.85,0.0,0.00743374574441087,0.01483227274288329,0.016659502894942453,34.473693092473326,77.42,83.42,84.43,6.0
158,3,0,fishing_vessel,3,50.0,1.0,5.1401,15.4204,True,1890.2,222,25.0,63.46,364.52,0.0,0.00743374574441087,0.014832272742883288,0.016470096367261808,34.26355142853296,77.42,83.42,84.33,6.0
159,4,0,fishing_vessel,3,50.0,1.0,4.4043,13.2128,True,1876.07,169,25.0,391.7,148.98,263.69,0.00743374574441087,0.014832272742883288,0.016602075625041648,35.79415179452122,77.42,83.42,84.4,6.0
160,0,0,fishing_vessel,4,0.0,0.0,5.595,22.38,False,0.0,0,25.0,258.62,349.21,109.0,0.00743374574441087,0.014832272742883288,0.016629402902720483,46.84181667668213,77.42,83.42,84.42,6.0
161,1,0,fishing_vessel,4,0.0,0.0,7.5395,30.1582,False,0.0,0,25.0,248.72,94.83,224.31,0.00743374574441087,0.01483227274288329,0.016466833566719533,46.97555458454604,77.42,83.42,84.33,6.0
162,2,0,fishing_vessel,4,0.0,0.0,6.1776,24.7104,False,0.0,0,25.0,139.0,181.96,0.0,0.00743374574441087,0.014832272742883288,0.016584848273746892,46.449645506084785,77.42,83.42,84.39,6.0
163,3,0,fishing_vessel,4,0.0,0.0,6.1632,24.6527,False,0.0,0,25.0,435.35,236.64,86.91,0.00743374574441087,0.014832272742883287,0.01657202317938941,46.197812909150656,77.42,83.42,84.39,6.0
164,4,0,fishing_vessel,4,0.0,0.0,4.1805,16.722,False,0.0,0,25.0,213.68,330.62,63.99,0.00743374574441087,0.014832272742883288,0.01656098154264697,47.802061875694534,77.42,83.42,84.38,6.0
165,0,0,fishing_vessel,4,0.0,0.3333,6.2445,24.978,True,1728.06,147,25.0,102.17,375.81,70.76,0.00743374574441087,0.014832272742883287,0.016690412162386873,45.37132621965109,77.42,83.42,84.45,6.0
166,1,0,fishing_vessel,4,0.0,0.3333,6.568,26.2719,True,1744.51,158,25.0,279.92,126.36,0.0,0.00743374574441087,0.014832272742883288,0.01656119529903926,47.042384423009516,77.42,83.42,84.38,6.0
167,2,0,fishing_vessel,4,0.0,0.3333,6.2347,24.939,True,1852.11,151,25.0,290.88,143.35,0.0,0.00743374574441087,0.01483227274288329,0.016642040043132973,45.91425131004445,77.42,83.42,84.42,6.0
168,3,0,fishing_vessel,4,0.0,0.3333,5.3936,21.5743,True,1696.52,124,25.0,138.07,238.66,199.66,0.00743374574441087,0.01483227274288329,0.01651168777186564,46.88191640493804,77.42,83.42,84.36,6.0
169,4,0,fishing_vessel,4,0.0,0.3333,5.4809,21.9235,True,1875.3,127,25.0,303.71,247.95,0.0,0.00743374574441087,0.014832272742883287,0.016598052223737447,47.0434380561888,77.42,83.42,84.4,6.0
170,0,0,fishing_vessel,4,0.0,0.6667,6.7574,27.0294,True,1843.42,315,25.0,99.61,294.13,417.45,0.00743374574441087,0.014832272742883288,0.01652594506487959,44.30564570372423,77.42,83.42,84.36,6.0
171,1,0,fishing_vessel,4,0.0,0.6667,4.602,18.4082,True,1805.91,210,25.0,205.51,123.15,136.03,0.00743374574441087,0.014832272742883288,0.01663761352889426,44.37256261224796,77.42,83.42,84.42,6.0
172,2,0,fishing_vessel,4,0.0,0.6667,7.8513,31.4053,True,1849.16,355,25.0,117.16,448.41,0.0,0.00743374574441087,0.014832272742883288,0.0164607862527612,43.294426282025334,77.42,83.42,84.33,6.0
173,3,0,fishing_vessel,4,0.0,0.6667,6.5625,26.25,True,1721.7,256,25.0,487.79,141.14,291.23,0.00743374574441087,0.014832272742883288,0.016745725531671012,44.27189176435244,77.42,83.42,84.48,6.0
174,4,0,fishing_vessel,4,0.0,0.6667,5.4978,21.9912,True,1778.49,237,25.0,125.77,205.3,161.07,0.00743374574441087,0.014832272742883287,0.01673273660112712,42.13412533175854,77.42,83.42,84.47,6.0
175,0,0,fishing_vessel,4,0.0,1.0,7.3193,29.2772,True,1782.98,469,25.0,130.84,332.87,0.0,0.00743374574441087,0.014832272742883288,0.016629938844666577,32.428665020266834,77.42,83.42,84.42,6.0
176,1,0,fishing_vessel,4,0.0,1.0,7.9727,31.8909,True,1806.38,490,25.0,336.97,55.01,0.0,0.00743374574441087,0.014832272742883287,0.016482933741060926,34.14897768001055,77.42,83.42,84.34,6.0
177,2,0,fishing_vessel,4,0.0,1.0,4.5555,18.2219,True,1832.78,235,25.0,177.41,53.63,425.15,0.00743374574441087,0.014832272742883288,0.016704064604443514,34.85377665557489,77.42,83.42,84.46,6.0
178,3,0,fishing_vessel,4,0.0,1.0,4.2673,17.0694,True,1753.12,267,25.0,222.17,279.51,0.0,0.00743374574441087,0.014832272742883288,0.016625169577855304,27.651661789490326,77.42,83.42,84.42,6.0
179,4,0,fishing_vessel,4,0.0,1.0,6.887,27.548,True,1753.63,409,25.0,134.99,121.44,0.0,0.00743374574441087,0.014832272742883288,0.01661393811276445,34.13525360181716,77.42,83.42,84.41,6.0
180,0,0,fishing_vessel,4,50.0,0.0,5.8064,23.2255,False,0.0,0,25.0,484.44,251.58,146.36,0.00743374574441087,0.014832272742883288,0.016644535403880792,46.0326029844552,77.42,83.42,84.43,6.0
181,1,0,fishing_vessel,4,50.0,0.0,4.9931,19.9725,False,0.0,0,25.0,299.52,375.82,0.0,0.00743374574441087,0.01483227274288329,0.016569039533813782,47.13745075279987,77.42,83.42,84.39,6.0
182,2,0,fishing_vessel,4,50.0,0.0,7.5544,30.2174,False,0.0,0,25.0,137.32,204.72,0.0,0.00743374574441087,0.014832272742883288,0.01656261212181975,46.196645963435984,77.42,83.42,84.38,6.0
183,3,0,fishing_vessel,4,50.0,0.0,5.3899,21.5594,False,0.0,0,25.0,91.7,377.24,0.0,0.00743374574441087,0.01483227274288329,0.016445900719691684,46.31624136335337,77.42,83.42,84.32,6.0
184,4,0,fishing_vessel,4,50.0,0.0,5.3641,21.4565,False,0.0,0,25.0,62.08,191.79,0.0,0.00743374574441087,0.014832272742883287,0.016661419852368388,46.26348919929036,77.42,83.42,84.43,6.0
185,0,0,fishing_vessel,4,50.0,0.3333,4.3552,17.4208,True,1840.99,98,25.0,222.94,208.23,62.87,0.00743374574441087,0.014832272742883288,0.016471864679644503,47.20955895567364,77.42,83.42,84.33,6.0
186,1,0,fishing_vessel,4,50.0,0.3333,4.8142,19.2568,True,1799.63,122,25.0,73.72,208.56,337.41,0.00743374574441087,0.014832272742883287,0.016522819667614094,47.36328147814273,77.42,83.42,84.36,6.0
187,2,0,fishing_vessel,4,50.0,0.3333,7.3834,29.5336,True,1843.91,193,25.0,137.33,290.35,137.93,0.00743374574441087,0.014832272742883287,0.016584027549953254,46.20020503990851,77.42,83.42,84.39,6.0
188,3,0,fishing_vessel,4,50.0,0.3333,7.7218,30.8872,True,1727.69,186,25.0,408.68,267.79,132.46,0.00743374574441087,0.014832272742883288,0.016576395710280946,45.83175743849106,77.42,83.42,84.39,6.0
189,4,0,fishing_vessel,4,50.0,0.3333,7.4721,29.8883,True,1805.93,168,25.0,147.22,284.16,98.15,0.00743374574441087,0.01483227274288329,0.01643803878779531,45.920000961800696,77.42,83.42,84.32,6.0
190,0,0,fishing_vessel,4,50.0,0.6667,6.8642,27.4569,True,1809.67,281,25.0,147.51,118.34,0.0,0.00743374574441087,0.014832272742883288,0.016566554833891255,43.377316875163565,77.42,83.42,84.38,6.0
191,1,0,fishing_vessel,4,50.0,0.6667,6.0866,24.3463,True,1771.05,277,25.0,245.44,101.6,141.99,0.00743374574441087,0.014832272742883288,0.016609654395735026,41.210107235556805,77.42,83.42,84.41,6.0
192,2,0,fishing_vessel,4,50.0,0.6667,5.8998,23.5993,True,1817.7,271,25.0,122.93,232.21,149.41,0.00743374574441087,0.014832272742883288,0.016599028324181385,44.08157269473093,77.42,83.42,84.4,6.0
193,3,0,fishing_vessel,4,50.0,0.6667,7.899,31.596,True,1756.08,345,25.0,113.02,149.16,0.0,0.00743374574441087,0.014832272742883288,0.016540629242133873,43.53557303908111,77.42,83.42,84.37,6.0
194,4,0,fishing_vessel,4,50.0,0.6667,6.953,27.8118,True,1813.0,322,25.0,403.18,116.37,0.0,0.00743374574441087,0.014832272742883288,0.01657453764780878,39.16286034421676,77.42,83.42,84.39,6.0
195,0,0,fishing_vessel,4,50.0,1.0,5.219,20.8762,True,1807.36,295,25.0,101.64,170.16,0.0,0.00743374574441087,0.014832272742883288,0.016460888137350138,32.33727666769904,77.42,83.42,84.33,6.0
196,1,0,fishing_vessel,4,50.0,1.0,5.5523,22.209,True,1824.61,330,25.0,161.45,263.04,0.0,0.00743374574441087,0.014832272742883288,0.016620309569616264,33.797513222068055,77.42,83.42,84.41,6.0
197,2,0,fishing_vessel,4,50.0,1.0,5.4009,21.6035,True,1763.37,370,25.0,64.15,358.84,282.9,0.00743374574441087,0.01483227274288329,0.01662592492359171,26.265713232215365,77.42,83.42,84.42,6.0
198,3,0,fishing_vessel,4,50.0,1.0,4.4335,17.7339,True,1846.36,288,25.0,70.18,157.66,0.0,0.00743374574441087,0.014832272742883288,0.01671623806899746,33.97893754062838,77.42,83.42,84.46,6.0
199,4,0,fishing_vessel,4,50.0,1.0,7.8179,31.2715,True,1752.67,477,25.0,108.49,247.76,0.0,0.00743374574441087,0.014832272742883288,0.016582733099212977,31.680863011126547,77.42,83.42,84.39,6.0
200,0,0,fishing_vessel,5,0.0,0.0,5.4494,27.2471,False,0.0,0,25.0,136.78,348.26,0.0,0.00743374574441087,0.01483227274288329,0.016548641156986548,47.34963284030418,77.42,83.42,84.38,6.0
201,1,0,fishing_vessel,5,0.0,0.0,5.8272,29.1358,False,0.0,0,25.0,484.4,147.03,0.0,0.00743374574441087,0.014832272742883288,0.016509977472305544,47.3963377047018,77.42,83.42,84.35,6.0
202,2,0,fishing_vessel,5,0.0,0.0,5.1124,25.5619,False,0.0,0,25.0,96.42,301.13,112.07,0.00743374574441087,0.014832272742883288,0.016599833648271188,47.340534790825565,77.42,83.42,84.4,6.0
203,3,0,fishing_vessel,5,0.0,0.0,4.711,23.5548,False,0.0,0,25.0,247.64,213.22,55.86,0.00743374574441087,0.014832272742883287,0.016569384566104798,48.34686983191634,77.42,83.42,84.39,6.0
204,4,0,fishing_vessel,5,0.0,0.0,7.7299,38.6495,False,0.0,0,25.0,67.83,242.3,0.0,0.00743374574441087,0.014832272742883288,0.016538553744284017,47.477785167477876,77.42,83.42,84.37,6.0
205,0,0,fishing_vessel,5,0.0,0.3333,7.831,39.155,True,1850.41,222,25.0,274.17,391.6,0.0,0.00743374574441087,0.014832272742883285,0.016463895602571096,47.324965670715166,77.42,83.42,84.33,6.0
206,1,0,fishing_vessel,5,0.0,0.3333,4.9214,24.6069,True,1872.91,158,25.0,137.97,311.11,0.0,0.00743374574441087,0.014832272742883288,0.016677880965301622,47.40810344858243,77.42,83.42,84.44,6.0
207,2,0,fishing_vessel,5,0.0,0.3333,5.2989,26.4943,True,1854.15,146,25.0,106.55,422.21,144.77,0.00743374574441087,0.01483227274288329,0.016549505834994517,47.21572540130144,77.42,83.42,84.38,6.0
208,3,0,fishing_vessel,5,0.0,0.3333,4.0982,20.4908,True,1865.19,117,25.0,117.1,63.35,0.0,0.00743374574441087,0.01483227274288329,0.01662368140388958,48.467582747004535,77.42,83.42,84.41,6.0
209,4,0,fishing_vessel,5,0.0,0.3333,7.8879,39.4394,True,1748.84,226,25.0,275.76,342.6,81.17,0.00743374574441087,0.014832272742883288,0.016552894022614548,47.14067630034,77.42,83.42,84.38,6.0
210,0,0,fishing_vessel,5,0.0,0.6667,5.1608,25.8041,True,1807.31,300,25.0,76.38,430.56,0.0,0.00743374574441087,0.014832272742883288,0.016486265217070913,43.32881084218535,77.42,83.42,84.34,6.0
211,1,0,fishing_vessel,5,0.0,0.6667,7.3445,36.7226,True,1858.93,382,25.0,268.39,84.75,0.0,0.00743374574441087,0.014832272742883288,0.016683667985120474,43.028314060049894,77.42,83.42,84.45,6.0
212,2,0,fishing_vessel,5,0.0,0.6667,4.6597,23.2987,True,1838.68,245,25.0,252.95,202.78,0.0,0.00743374574441087,0.01483227274288329,0.016601616234214717,45.56311025295086,77.42,83.42,84.4,6.0
213,3,0,fishing_vessel,5,0.0,0.6667,4.3642,21.8212,True,1875.71,214,25.0,302.25,140.47,0.0,0.00743374574441087,0.01483227274288329,0.01661452468227673,45.71420620816461,77.42,83.42,84.41,6.0
214,4,0,fishing_vessel,5,0.0,0.6667,5.7722,28.8612,True,1778.18,317,25.0,497.24,236.36,0.0,0.00743374574441087,0.014832272742883288,0.016552986893598326,44.00121770172772,77.42,83.42,84.38,6.0
215,0,0,fishing_vessel,5,0.0,1.0,5.0393,25.1966,True,1786.96,400,25.0,187.9,101.93,0.0,0.00743374574441087,0.014832272742883288,0.01671330598576347,33.989200930411194,77.42,83.42,84.46,6.0
216,1,0,fishing_vessel,5,0.0,1.0,5.4478,27.239,True,1826.57,403,25.0,70.08,290.15,242.59,0.00743374574441087,0.014832272742883288,0.016608015401943153,31.063431081197226,77.42,83.42,84.41,6.0
217,2,0,fishing_vessel,5,0.0,1.0,5.3899,26.9495,True,1815.16,411,25.0,162.53,109.27,0.0,0.00743374574441087,0.014832272742883288,0.016578799107437307,27.76789029550846,77.42,83.42,84.39,6.0
218,3,0,fishing_vessel,5,0.0,1.0,6.8312,34.156,True,1832.37,488,25.0,272.4,431.83,0.0,0.00743374574441087,0.01483227274288329,0.016454176317318842,28.179935359254284,77.42,83.42,84.33,6.0
219,4,0,fishing_vessel,5,0.0,1.0,5.113,25.5651,True,1826.91,357,25.0,69.64,224.25,267.94,0.00743374574441087,0.014832272742883287,0.016603515610261934,28.488961913908167,77.42,83.42,84.4,6.0
220,0,0,fishing_vessel,5,50.0,0.0,5.8805,29.4023,False,0.0,0,25.0,252.19,316.66,83.69,0.00743374574441087,0.01483227274288329,0.016584357420190477,46.280870632426314,77.42,83.42,84.39,6.0
221,1,0,fishing_vessel,5,50.0,0.0,7.243,36.2152,False,0.0,0,25.0,197.84,464.07,0.0,0.00743374574441087,0.014832272742883285,0.016685571970822818,46.477568514467,77.42,83.42,84.45,6.0
222,2,0,fishing_vessel,5,50.0,0.0,7.986,39.9298,False,0.0,0,25.0,327.56,55.2,0.0,0.00743374574441087,0.014832272742883287,0.016494469223007752,46.52560653083966,77.42,83.42,84.35,6.0
223,3,0,fishing_vessel,5,50.0,0.0,4.661,23.3049,False,0.0,0,25.0,296.69,414.88,78.56,0.00743374574441087,0.014832272742883288,0.016631436407028972,47.49523109273436,77.42,83.42,84.42,6.0
224,4,0,fishing_vessel,5,50.0,0.0,4.8334,24.1672,False,0.0,0,25.0,279.94,93.34,0.0,0.00743374574441087,0.014832272742883288,0.01668709808359083,47.70966087972078,77.42,83.42,84.45,6.0
225,0,0,fishing_vessel,5,50.0,0.3333,6.263,31.3152,True,1754.81,183,25.0,107.84,439.75,204.14,0.00743374574441087,0.014832272742883288,0.016463447398129685,46.0400827124377,77.42,83.42,84.33,6.0
226,1,0,fishing_vessel,5,50.0,0.3333,4.4221,22.1107,True,1783.33,136,25.0,213.13,356.36,148.74,0.00743374574441087,0.014832272742883287,0.016545158865818754,47.586066283075965,77.42,83.42,84.37,6.0
227,2,0,fishing_vessel,5,50.0,0.3333,6.3027,31.5136,True,1842.23,194,25.0,86.31,275.3,0.0,0.00743374574441087,0.014832272742883288,0.016759678096829465,46.3431606186342,77.42,83.42,84.49,6.0
228,3,0,fishing_vessel,5,50.0,0.3333,7.9472,39.736,True,1860.58,223,25.0,102.01,284.64,0.0,0.00743374574441087,0.01483227274288329,0.016538887791154512,46.369286191056325,77.42,83.42,84.37,6.0
229,4,0,fishing_vessel,5,50.0,0.3333,5.3303,26.6514,True,1802.71,158,25.0,450.4,61.56,223.11,0.00743374574441087,0.014832272742883287,0.016438000455770586,46.294567963915746,77.42,83.42,84.32,6.0
230,0,0,fishing_vessel,5,50.0,0.6667,4.7595,23.7977,True,1872.74,263,25.0,140.94,147.09,332.95,0.00743374574441087,0.014832272742883288,0.016648175428407748,44.82157801745931,77.42,83.42,84.43,6.0
231,1,0,fishing_vessel,5,50.0,0.6667,7.6744,38.3722,True,1802.26,426,25.0,90.47,323.77,0.0,0.00743374574441087,0.014832272742883287,0.016634831120890863,43.18541381769893,77.42,83.42,84.42,6.0
232,2,0,fishing_vessel,5,50.0,0.6667,7.0361,35.1806,True,1857.01,377,25.0,216.74,278.98,0.0,0.00743374574441087,0.014832272742883288,0.016765540445620702,39.16256083792625,77.42,83.42,84.49,6.0
233,3,0,fishing_vessel,5,50.0,0.6667,5.5522,27.7612,True,1706.32,271,25.0,276.81,94.66,128.16,0.00743374574441087,0.014832272742883288,0.01661162269611682,41.91819683235606,77.42,83.42,84.41,6.0
234,4,0,fishing_vessel,5,50.0,0.6667,5.6071,28.0356,True,1771.47,315,25.0,413.36,243.23,116.18,0.00743374574441087,0.014832272742883285,0.01663152947023111,42.21662758756287,77.42,83.42,84.42,6.0
235,0,0,fishing_vessel,5,50.0,1.0,6.1428,30.7138,True,1801.1,407,25.0,56.06,209.49,235.74,0.00743374574441087,0.014832272742883288,0.0164984402041566,31.66307798863517,77.42,83.42,84.35,6.0
236,1,0,fishing_vessel,5,50.0,1.0,6.3848,31.924,True,1843.37,474,25.0,57.81,204.07,279.73,0.00743374574441087,0.014832272742883288,0.016541306938074776,32.94321298970777,77.42,83.42,84.37,6.0
237,2,0,fishing_vessel,5,50.0,1.0,7.8566,39.2831,True,1824.74,587,25.0,436.95,127.91,0.0,0.00743374574441087,0.014832272742883287,0.0165664567610837,24.701882306249765,77.42,83.42,84.38,6.0
238,3,0,fishing_vessel,5,50.0,1.0,7.57,37.8501,True,1807.85,537,25.0,127.21,174.62,492.99,0.00743374574441087,0.01483227274288329,0.01649004002075888,29.515461294108302,77.42,83.42,84.34,6.0
239,4,0,fishing_vessel,5,50.0,1.0,5.3673,26.8367,True,1801.25,396,25.0,98.95,302.32,286.22,0.00743374574441087,0.01483227274288329,0.016566461633686056,27.618054593536833,77.42,83.42,84.38,6.0
240,0,0,cargo_ship,3,0.0,0.0,2.2348,6.7045,False,0.0,0,25.0,119.47,289.22,0.0,0.00743374574441087,0.01483227274288329,0.01662615715249251,47.306666000852125,77.42,83.42,84.42,6.0
241,1,0,cargo_ship,3,0.0,0.0,2.3636,7.0909,False,0.0,0,25.0,76.13,394.48,0.0,0.00743374574441087,0.014832272742883288,0.016496021198080614,47.52958295466408,77.42,83.42,84.35,6.0
242,2,0,cargo_ship,3,0.0,0.0,1.5398,4.6195,False,0.0,0,25.0,177.79,136.68,0.0,0.00743374574441087,0.014832272742883287,0.016526706855438993,48.69164628931965,77.42,83.42,84.36,6.0
243,3,0,cargo_ship,3,0.0,0.0,1.7505,5.2514,False,0.0,0,25.0,141.11,290.32,0.0,0.00743374574441087,0.01483227274288329,0.01653221865194241,47.54577537710334,77.42,83.42,84.37,6.0
244,4,0,cargo_ship,3,0.0,0.0,1.7239,5.1718,False,0.0,0,25.0,295.88,68.95,0.0,0.00743374574441087,0.014832272742883288,0.016691390020348796,47.65486023916639,77.42,83.42,84.45,6.0
245,0,0,cargo_ship,3,0.0,0.3333,1.7318,5.1954,True,675.64,35,25.0,124.79,137.03,0.0,0.00743374574441087,0.014832272742883287,0.016616709864896127,47.582129274124895,77.42,83.42,84.41,6.0
246,1,0,cargo_ship,3,0.0,0.3333,1.8529,5.5586,True,722.83,40,25.0,124.36,191.54,0.0,0.00743374574441087,0.014832272742883287,0.01643380896520792,47.46263982967076,77.42,83.42,84.31,6.0
247,2,0,cargo_ship,3,0.0,0.3333,1.76,5.2799,True,753.68,29,25.0,385.07,298.01,0.0,0.00743374574441087,0.014832272742883288,0.016626071732826462,47.60625138059511,77.42,83.42,84.42,6.0
248,3,0,cargo_ship,3,0.0,0.3333,1.6656,4.9967,True,719.02,27,25.0,107.27,227.07,215.94,0.00743374574441087,0.014832272742883288,0.016600108435065746,48.25581258885156,77.42,83.42,84.4,6.0
249,4,0,cargo_ship,3,0.0,0.3333,1.5507,4.6522,True,741.75,37,25.0,370.45,200.61,0.0,0.00743374574441087,0.014832272742883288,0.01670586341045652,48.48094119741206,77.42,83.42,84.46,6.0
250,0,0,cargo_ship,3,0.0,0.6667,2.4315,7.2946,True,691.86,89,25.0,109.45,430.28,0.0,0.00743374574441087,0.014832272742883287,0.01640814017733657,45.502967445621195,77.42,83.42,84.3,6.0
251,1,0,cargo_ship,3,0.0,0.6667,1.6538,4.9615,True,718.99,47,25.0,486.05,238.3,134.48,0.00743374574441087,0.014832272742883288,0.016576666186697283,47.64560759092719,77.42,83.42,84.39,6.0
252,2,0,cargo_ship,3,0.0,0.6667,1.8261,5.4784,True,681.56,56,25.0,188.82,284.19,98.89,0.00743374574441087,0.014832272742883288,0.016538674607159475,46.71387481647548,77.42,83.42,84.37,6.0
253,3,0,cargo_ship,3,0.0,0.6667,2.4663,7.399,True,768.06,83,25.0,96.48,303.16,0.0,0.00743374574441087,0.014832272742883287,0.01660326069081336,46.440426843643685,77.42,83.42,84.4,6.0
254,4,0,cargo_ship,3,0.0,0.6667,2.2162,6.6485,True,730.29,60,25.0,291.76,112.21,122.12,0.00743374574441087,0.014832272742883288,0.016433352778442503,45.85450924332916,77.42,83.42,84.31,6.0
255,0,0,cargo_ship,3,0.0,1.0,1.5181,4.5544,True,780.56,94,25.0,110.07,372.86,149.86,0.00743374574441087,0.01483227274288329,0.016618421232579353,46.253116256252845,77.42,83.42,84.41,6.0
256,1,0,cargo_ship,3,0.0,1.0,2.3154,6.9463,True,752.19,91,25.0,447.29,85.85,0.0,0.00743374574441087,0.014832272742883288,0.01668224804697107,44.79870595602008,77.42,83.42,84.45,6.0
257,2,0,cargo_ship,3,0.0,1.0,2.4575,7.3724,True,743.06,141,25.0,470.79,68.17,0.0,0.00743374574441087,0.01483227274288329,0.016394093315072022,39.569538563213115,77.42,83.42,84.29,6.0
258,3,0,cargo_ship,3,0.0,1.0,1.9933,5.9799,True,725.28,104,25.0,353.85,84.48,238.89,0.00743374574441087,0.014832272742883287,0.01661142474483758,36.274008131700334,77.42,83.42,84.41,6.0
259,4,0,cargo_ship,3,0.0,1.0,1.7501,5.2504,True,742.21,70,25.0,149.04,143.62,0.0,0.00743374574441087,0.01483227274288329,0.016646410405323588,41.95247920474282,77.42,83.42,84.43,6.0
260,0,0,cargo_ship,3,50.0,0.0,2.2044,6.6131,False,0.0,0,25.0,309.21,124.81,0.0,0.00743374574441087,0.014832272742883288,0.016628636291126653,46.64357405419793,77.42,83.42,84.42,6.0
261,1,0,cargo_ship,3,50.0,0.0,1.9241,5.7724,False,0.0,0,25.0,131.0,129.92,0.0,0.00743374574441087,0.014832272742883288,0.01669981426644706,46.47686482307795,77.42,83.42,84.45,6.0
262,2,0,cargo_ship,3,50.0,0.0,1.9747,5.9242,False,0.0,0,25.0,204.66,98.24,347.08,0.00743374574441087,0.01483227274288329,0.01670474339765395,46.617405701715995,77.42,83.42,84.46,6.0
263,3,0,cargo_ship,3,50.0,0.0,1.6697,5.0092,False,0.0,0,25.0,62.96,352.94,0.0,0.00743374574441087,0.014832272742883287,0.016640298506566058,46.66233332415134,77.42,83.42,84.42,6.0
264,4,0,cargo_ship,3,50.0,0.0,2.1691,6.5072,False,0.0,0,25.0,263.23,99.24,0.0,0.00743374574441087,0.01483227274288329,0.016509483529706017,46.45258601181079,77.42,83.42,84.35,6.0
265,0,0,cargo_ship,3,50.0,0.3333,1.6719,5.0157,True,778.09,39,25.0,320.38,284.08,0.0,0.00743374574441087,0.014832272742883288,0.016552089718827313,46.6804827191515,77.42,83.42,84.38,6.0
266,1,0,cargo_ship,3,50.0,0.3333,1.9751,5.9252,True,794.25,38,25.0,205.94,54.37,126.72,0.00743374574441087,0.014832272742883287,0.016644944474926652,46.32565585756492,77.42,83.42,84.43,6.0
267,2,0,cargo_ship,3,50.0,0.3333,1.6198,4.8594,True,676.47,20,25.0,142.87,149.87,448.31,0.00743374574441087,0.014832272742883288,0.016523923543976242,47.192569818477025,77.42,83.42,84.36,6.0
268,3,0,cargo_ship,3,50.0,0.3333,2.4484,7.3451,True,722.0,40,25.0,96.8,495.77,0.0,0.00743374574441087,0.014832272742883288,0.01660011008180712,46.44162548376903,77.42,83.42,84.4,6.0
269,4,0,cargo_ship,3,50.0,0.3333,2.1043,6.313,True,723.81,50,25.0,105.11,89.12,443.98,0.00743374574441087,0.014832272742883288,0.01660414879673209,46.130865781281294,77.42,83.42,84.4,6.0
270,0,0,cargo_ship,3,50.0,0.6667,1.7758,5.3273,True,706.5,53,25.0,225.33,104.54,286.07,0.00743374574441087,0.014832272742883288,0.01660713557362709,45.76709257569986,77.42,83.42,84.41,6.0
271,1,0,cargo_ship,3,50.0,0.6667,2.4638,7.3915,True,742.2,86,25.0,455.0,294.41,100.21,0.00743374574441087,0.014832272742883287,0.016497461939590532,44.37237344122322,77.42,83.42,84.35,6.0
272,2,0,cargo_ship,3,50.0,0.6667,2.3174,6.9522,True,741.86,90,25.0,492.96,106.03,201.75,0.00743374574441087,0.014832272742883287,0.016542990657630357,44.845558660460725,77.42,83.42,84.37,6.0
273,3,0,cargo_ship,3,50.0,0.6667,2.4715,7.4145,True,730.78,73,25.0,121.67,296.3,0.0,0.00743374574441087,0.014832272742883288,0.016529416715495605,46.03676434683929,77.42,83.42,84.37,6.0
274,4,0,cargo_ship,3,50.0,0.6667,2.1427,6.428,True,744.92,54,25.0,142.19,316.9,0.0,0.00743374574441087,0.014832272742883288,0.01657688961849011,46.18765312129885,77.42,83.42,84.39,6.0
275,0,0,cargo_ship,3,50.0,1.0,1.958,5.874,True,731.46,83,25.0,368.44,106.33,101.86,0.00743374574441087,0.014832272742883288,0.016602590430223448,43.12172006357327,77.42,83.42,84.4,6.0
276,1,0,cargo_ship,3,50.0,1.0,1.7886,5.3657,True,742.52,78,25.0,218.48,125.2,0.0,0.00743374574441087,0.014832272742883288,0.01649937719379203,41.410059559565205,77.42,83.42,84.35,6.0
277,2,0,cargo_ship,3,50.0,1.0,2.2503,6.751,True,714.06,114,25.0,477.17,154.22,0.0,0.00743374574441087,0.014832272742883287,0.01660501930086735,43.48176972394362,77.42,83.42,84.4,6.0
278,3,0,cargo_ship,3,50.0,1.0,1.6278,4.8833,True,656.66,68,25.0,74.23,280.24,0.0,0.00743374574441087,0.01483227274288329,0.01659715542613206,40.31653642734165,77.42,83.42,84.4,6.0
279,4,0,cargo_ship,3,50.0,1.0,1.6524,4.9571,True,758.58,71,25.0,405.17,146.23,0.0,0.00743374574441087,0.014832272742883288,0.016697879846965417,44.25515860079007,77.42,83.42,84.45,6.0
280,0,0,cargo_ship,4,0.0,0.0,1.8122,7.2489,False,0.0,0,25.0,207.04,65.91,0.0,0.00743374574441087,0.014832272742883288,0.016504271248396728,47.67518672256955,77.42,83.42,84.35,6.0
281,1,0,cargo_ship,4,0.0,0.0,1.9207,7.6827,False,0.0,0,25.0,233.43,74.39,0.0,0.00743374574441087,0.014832272742883287,0.016678730328043564,47.87555813618184,77.42,83.42,84.44,6.0
282,2,0,cargo_ship,4,0.0,0.0,1.5724,6.2894,False,0.0,0,25.0,160.58,359.75,124.26,0.00743374574441087,0.01483227274288329,0.01670183489518899,47.59955933854139,77.42,83.42,84.46,6.0
283,3,0,cargo_ship,4,0.0,0.0,1.6055,6.422,False,0.0,0,25.0,234.24,129.43,0.0,0.00743374574441087,0.014832272742883288,0.01648275337802249,48.02647940759718,77.42,83.42,84.34,6.0
284,4,0,cargo_ship,4,0.0,0.0,2.3364,9.3458,False,0.0,0,25.0,271.22,206.83,94.92,0.00743374574441087,0.014832272742883288,0.016618557472022354,47.38574543592844,77.42,83.42,84.41,6.0
285,0,0,cargo_ship,4,0.0,0.3333,1.895,7.5801,True,708.2,48,25.0,327.32,95.29,279.86,0.00743374574441087,0.014832272742883288,0.016530842237811767,47.50345638709041,77.42,83.42,84.37,6.0
286,1,0,cargo_ship,4,0.0,0.3333,2.4252,9.7009,True,778.37,67,25.0,105.98,495.3,237.33,0.00743374574441087,0.014832272742883288,0.016718772755845705,47.23813210967492,77.42,83.42,84.46,6.0
287,2,0,cargo_ship,4,0.0,0.3333,2.2627,9.0509,True,723.36,59,25.0,55.4,402.87,0.0,0.00743374574441087,0.01483227274288329,0.016661963644823422,47.484420019659304,77.42,83.42,84.43,6.0
288,3,0,cargo_ship,4,0.0,0.3333,2.2402,8.9609,True,731.7,54,25.0,349.07,86.75,0.0,0.00743374574441087,0.01483227274288329,0.01660111529248136,47.344838012687,77.42,83.42,84.4,6.0
289,4,0,cargo_ship,4,0.0,0.3333,1.7488,6.995,True,824.84,37,25.0,200.25,129.93,101.17,0.00743374574441087,0.014832272742883288,0.016541608618948787,47.420634636549856,77.42,83.42,84.37,6.0
290,0,0,cargo_ship,4,0.0,0.6667,1.5509,6.2038,True,660.4,69,25.0,422.44,189.05,0.0,0.00743374574441087,0.014832272742883288,0.016640178580416432,47.19416203318202,77.42,83.42,84.42,6.0
291,1,0,cargo_ship,4,0.0,0.6667,2.3857,9.5429,True,742.68,110,25.0,58.72,244.36,336.73,0.00743374574441087,0.014832272742883288,0.016551291281092815,46.210809460187335,77.42,83.42,84.38,6.0
292,2,0,cargo_ship,4,0.0,0.6667,1.9504,7.8017,True,763.07,106,25.0,241.32,148.78,497.98,0.00743374574441087,0.014832272742883288,0.016707330641888448,46.5732013585961,77.42,83.42,84.46,6.0
293,3,0,cargo_ship,4,0.0,0.6667,2.3747,9.4987,True,701.57,107,25.0,121.83,344.18,297.49,0.00743374574441087,0.014832272742883285,0.016615464250074624,46.21955456592465,77.42,83.42,84.41,6.0
294,4,0,cargo_ship,4,0.0,0.6667,2.3577,9.4306,True,702.73,105,25.0,212.94,110.28,194.28,0.00743374574441087,0.014832272742883288,0.016590303393983687,44.80936607087388,77.42,83.42,84.4,6.0
295,0,0,cargo_ship,4,0.0,1.0,2.1883,8.7531,True,731.23,125,25.0,195.63,479.5,108.46,0.00743374574441087,0.014832272742883288,0.016554529022190657,40.105148285744676,77.42,83.42,84.38,6.0
296,1,0,cargo_ship,4,0.0,1.0,2.0897,8.3586,True,798.25,129,25.0,250.12,85.0,248.02,0.00743374574441087,0.01483227274288329,0.016602282646840272,38.112849155307096,77.42,83.42,84.4,6.0
297,2,0,cargo_ship,4,0.0,1.0,2.0498,8.1993,True,749.96,114,25.0,244.39,85.49,0.0,0.00743374574441087,0.014832272742883285,0.016542617643135193,42.8538850651632,77.42,83.42,84.37,6.0
298,3,0,cargo_ship,4,0.0,1.0,2.3215,9.2862,True,715.32,133,25.0,151.28,400.48,0.0,0.00743374574441087,0.01483227274288329,0.016571301840205555,37.00421502777345,77.42,83.42,84.39,6.0
299,4,0,cargo_ship,4,0.0,1.0,1.9775,7.9101,True,676.84,111,25.0,333.38,175.68,129.82,0.00743374574441087,0.01483227274288329,0.016558202159958776,36.99223794372123,77.42,83.42,84.38,6.0
300,0,0,cargo_ship,4,50.0,0.0,1.78,7.1201,False,0.0,0,25.0,225.25,294.01,50.3,0.00743374574441087,0.014832272742883288,0.016592797038633027,46.54385334022302,77.42,83.42,84.4,6.0
301,1,0,cargo_ship,4,50.0,0.0,2.1145,8.4579,False,0.0,0,25.0,333.2,122.91,0.0,0.00743374574441087,0.014832272742883288,0.01652612046988684,46.523958089091956,77.42,83.42,84.36,6.0
302,2,0,cargo_ship,4,50.0,0.0,2.0196,8.0783,False,0.0,0,25.0,72.09,445.24,189.67,0.00743374574441087,0.014832272742883288,0.01666200424078742,46.622633035130264,77.42,83.42,84.43,6.0
303,3,0,cargo_ship,4,50.0,0.0,1.5566,6.2263,False,0.0,0,25.0,126.37,275.74,0.0,0.00743374574441087,0.014832272742883288,0.016602261513453922,47.0813046690811,77.42,83.42,84.4,6.0
304,4,0,cargo_ship,4,50.0,0.0,2.4307,9.7228,False,0.0,0,25.0,245.44,105.26,0.0,0.00743374574441087,0.014832272742883288,0.016507749414996345,46.69616308115045,77.42,83.42,84.35,6.0
305,0,0,cargo_ship,4,50.0,0.3333,1.5472,6.1888,True,701.54,41,25.0,411.92,68.75,192.93,0.00743374574441087,0.01483227274288329,0.01656536242838672,46.711442817343965,77.42,83.42,84.38,6.0
306,1,0,cargo_ship,4,50.0,0.3333,1.9807,7.9227,True,634.53,36,25.0,215.49,474.83,0.0,0.00743374574441087,0.014832272742883287,0.016617593012403807,46.792449780317696,77.42,83.42,84.41,6.0
307,2,0,cargo_ship,4,50.0,0.3333,2.3709,9.4835,True,604.9,39,25.0,282.69,475.51,0.0,0.00743374574441087,0.014832272742883288,0.016605020064260952,46.55373873823954,77.42,83.42,84.4,6.0
308,3,0,cargo_ship,4,50.0,0.3333,1.6421,6.5685,True,762.16,44,25.0,282.35,133.47,333.93,0.00743374574441087,0.014832272742883288,0.01652849601739194,46.84219121744379,77.42,83.42,84.36,6.0
309,4,0,cargo_ship,4,50.0,0.3333,1.7817,7.1268,True,711.53,64,25.0,67.73,112.97,0.0,0.00743374574441087,0.01483227274288329,0.016653672694618742,46.89000121299057,77.42,83.42,84.43,6.0
310,0,0,cargo_ship,4,50.0,0.6667,2.3107,9.2426,True,677.54,106,25.0,112.27,222.55,281.7,0.00743374574441087,0.01483227274288329,0.016664954595972326,46.02422533937638,77.42,83.42,84.44,6.0
311,1,0,cargo_ship,4,50.0,0.6667,1.5159,6.0636,True,753.5,75,25.0,89.41,311.62,0.0,0.00743374574441087,0.014832272742883287,0.016623438181036405,46.24362555370711,77.42,83.42,84.41,6.0
312,2,0,cargo_ship,4,50.0,0.6667,2.4849,9.9398,True,773.14,106,25.0,244.53,84.08,108.82,0.00743374574441087,0.014832272742883287,0.016603107636115957,44.47064787472463,77.42,83.42,84.4,6.0
313,3,0,cargo_ship,4,50.0,0.6667,1.5643,6.2573,True,682.58,65,25.0,275.85,241.06,119.27,0.00743374574441087,0.01483227274288329,0.016610089166586954,45.62643685395194,77.42,83.42,84.41,6.0
314,4,0,cargo_ship,4,50.0,0.6667,2.4047,9.6187,True,716.48,113,25.0,113.52,203.58,356.01,0.00743374574441087,0.014832272742883287,0.01650757334653306,45.0116831527478,77.42,83.42,84.35,6.0
315,0,0,cargo_ship,4,50.0,1.0,2.4394,9.7574,True,715.71,157,25.0,116.71,202.11,0.0,0.00743374574441087,0.014832272742883288,0.016611080071043983,38.42224551891723,77.42,83.42,84.41,6.0
316,1,0,cargo_ship,4,50.0,1.0,2.4141,9.6564,True,718.22,141,25.0,50.26,299.47,0.0,0.00743374574441087,0.014832272742883288,0.016429163988788974,39.01007867806359,77.42,83.42,84.31,6.0
317,2,0,cargo_ship,4,50.0,1.0,1.5303,6.1213,True,735.79,95,25.0,60.13,268.01,381.49,0.00743374574441087,0.014832272742883288,0.016649877722840267,43.616384865491554,77.42,83.42,84.43,6.0
318,3,0,cargo_ship,4,50.0,1.0,1.7737,7.0948,True,720.37,96,25.0,217.49,87.01,0.0,0.00743374574441087,0.01483227274288329,0.016641333245544725,38.26305853950996,77.42,83.42,84.42,6.0
319,4,0,cargo_ship,4,50.0,1.0,2.1127,8.4507,True,717.46,126,25.0,207.0,59.92,362.17,0.00743374574441087,0.014832272742883288,0.01660557067073038,41.315274592961636,77.42,83.42,84.41,6.0
320,0,0,cargo_ship,5,0.0,0.0,1.9426,9.7132,False,0.0,0,25.0,100.81,319.13,81.59,0.00743374574441087,0.014832272742883288,0.01667163881993652,47.77443266509476,77.42,83.42,84.44,6.0
321,1,0,cargo_ship,5,0.0,0.0,2.0141,10.0706,False,0.0,0,25.0,67.7,264.28,0.0,0.00743374574441087,0.014832272742883285,0.01663494188609338,45.841189796844674,77.42,83.42,84.42,6.0
322,2,0,cargo_ship,5,0.0,0.0,2.4831,12.4157,False,0.0,0,25.0,306.49,68.31,217.22,0.00743374574441087,0.01483227274288329,0.016463367680373164,45.71288184243417,77.42,83.42,84.33,6.0
323,3,0,cargo_ship,5,0.0,0.0,1.9023,9.5113,False,0.0,0,25.0,320.41,136.2,0.0,0.00743374574441087,0.014832272742883288,0.016613828639600755,47.98633540987166,77.42,83.42,84.41,6.0
324,4,0,cargo_ship,5,0.0,0.0,2.036,10.1801,False,0.0,0,25.0,76.96,406.62,253.52,0.00743374574441087,0.014832272742883288,0.0164700785126179,45.61989983832741,77.42,83.42,84.33,6.0
325,0,0,cargo_ship,5,0.0,0.3333,1.7255,8.6275,True,729.75,58,25.0,150.5,495.03,0.0,0.00743374574441087,0.014832272742883288,0.016624498528346705,47.59379897969105,77.42,83.42,84.41,6.0
326,1,0,cargo_ship,5,0.0,0.3333,2.0417,10.2086,True,757.2,70,25.0,312.06,62.26,0.0,0.00743374574441087,0.014832272742883288,0.01667441898722829,45.85277526363555,77.42,83.42,84.44,6.0
327,2,0,cargo_ship,5,0.0,0.3333,1.7477,8.7383,True,718.37,55,25.0,210.85,77.99,0.0,0.00743374574441087,0.014832272742883288,0.01650601741964525,47.767860484181234,77.42,83.42,84.35,6.0
328,3,0,cargo_ship,5,0.0,0.3333,1.6571,8.2857,True,667.31,49,25.0,432.39,164.47,0.0,0.00743374574441087,0.014832272742883288,0.01653455415512982,47.785415967759675,77.42,83.42,84.37,6.0
329,4,0,cargo_ship,5,0.0,0.3333,1.8018,9.009,True,675.96,53,25.0,291.65,239.55,0.0,0.00743374574441087,0.014832272742883288,0.016646628337256324,47.832181740296676,77.42,83.42,84.43,6.0
330,0,0,cargo_ship,5,0.0,0.6667,1.7893,8.9466,True,692.91,96,25.0,277.88,495.04,0.0,0.00743374574441087,0.014832272742883288,0.01654207348411917,45.60141506387157,77.42,83.42,84.37,6.0
331,1,0,cargo_ship,5,0.0,0.6667,1.9497,9.7484,True,725.68,96,25.0,132.73,250.73,0.0,0.00743374574441087,0.014832272742883287,0.01662477814755535,46.18419751289237,77.42,83.42,84.42,6.0
332,2,0,cargo_ship,5,0.0,0.6667,1.7219,8.6093,True,697.69,116,25.0,455.1,177.9,138.13,0.00743374574441087,0.014832272742883287,0.0166370355850206,46.71548009576769,77.42,83.42,84.42,6.0
333,3,0,cargo_ship,5,0.0,0.6667,1.7418,8.7088,True,697.28,115,25.0,283.26,89.74,235.9,0.00743374574441087,0.01483227274288329,0.016646601614136183,45.60275595649701,77.42,83.42,84.43,6.0
334,4,0,cargo_ship,5,0.0,0.6667,2.1272,10.6362,True,697.1,126,25.0,105.91,432.78,0.0,0.00743374574441087,0.014832272742883287,0.016567810667066772,44.0175313899491,77.42,83.42,84.39,6.0
335,0,0,cargo_ship,5,0.0,1.0,2.4704,12.3521,True,693.66,151,25.0,54.77,317.94,0.0,0.00743374574441087,0.014832272742883288,0.016653954470615503,35.0135163042106,77.42,83.42,84.43,6.0
336,1,0,cargo_ship,5,0.0,1.0,1.6552,8.2758,True,746.72,134,25.0,470.5,117.91,0.0,0.00743374574441087,0.014832272742883288,0.01657123245692009,41.02532525273558,77.42,83.42,84.39,6.0
337,2,0,cargo_ship,5,0.0,1.0,1.8134,9.0672,True,745.36,145,25.0,233.23,321.24,0.0,0.00743374574441087,0.014832272742883288,0.01662977721839236,43.3814801731655,77.42,83.42,84.42,6.0
338,3,0,cargo_ship,5,0.0,1.0,1.6503,8.2516,True,700.07,120,25.0,243.24,83.44,296.66,0.00743374574441087,0.014832272742883288,0.016478256715302658,40.17381469011915,77.42,83.42,84.34,6.0
339,4,0,cargo_ship,5,0.0,1.0,1.7836,8.9179,True,722.39,142,25.0,425.74,206.15,0.0,0.00743374574441087,0.014832272742883288,0.01639250040935551,42.31036696659215,77.42,83.42,84.29,6.0
340,0,0,cargo_ship,5,50.0,0.0,2.0023,10.0117,False,0.0,0,25.0,143.7,339.25,0.0,0.00743374574441087,0.014832272742883288,0.016531410415020334,44.92197044774139,77.42,83.42,84.37,6.0
341,1,0,cargo_ship,5,50.0,0.0,1.9186,9.5928,False,0.0,0,25.0,103.83,487.76,142.06,0.00743374574441087,0.014832272742883288,0.016613159296613066,46.9330146117392,77.42,83.42,84.41,6.0
342,2,0,cargo_ship,5,50.0,0.0,1.8252,9.1258,False,0.0,0,25.0,72.9,208.4,463.2,0.00743374574441087,0.01483227274288329,0.016414209463100963,46.97660149452074,77.42,83.42,84.3,6.0
343,3,0,cargo_ship,5,50.0,0.0,2.1218,10.6088,False,0.0,0,25.0,68.39,232.39,141.36,0.00743374574441087,0.014832272742883288,0.016583619203760114,45.0706732749583,77.42,83.42,84.39,6.0
344,4,0,cargo_ship,5,50.0,0.0,2.0169,10.0847,False,0.0,0,25.0,369.55,171.04,55.06,0.00743374574441087,0.014832272742883288,0.016492149247576877,44.60589838198705,77.42,83.42,84.35,6.0
345,0,0,cargo_ship,5,50.0,0.3333,2.3478,11.7389,True,665.31,83,25.0,115.88,264.34,432.44,0.00743374574441087,0.014832272742883288,0.016506255896251872,44.929740525691265,77.42,83.42,84.35,6.0
346,1,0,cargo_ship,5,50.0,0.3333,2.1295,10.6473,True,742.47,72,25.0,142.72,477.59,149.32,0.00743374574441087,0.014832272742883288,0.016798812073439383,44.86012264186382,77.42,83.42,84.51,6.0
347,2,0,cargo_ship,5,50.0,0.3333,2.0545,10.2724,True,752.91,60,25.0,210.88,150.0,0.0,0.00743374574441087,0.014832272742883288,0.016583555377763775,44.99163625416684,77.42,83.42,84.39,6.0
348,3,0,cargo_ship,5,50.0,0.3333,2.1318,10.6592,True,750.08,73,25.0,271.38,121.08,0.0,0.00743374574441087,0.014832272742883288,0.016660572524358135,45.057047420301345,77.42,83.42,84.43,6.0
349,4,0,cargo_ship,5,50.0,0.3333,1.6198,8.0989,True,758.26,39,25.0,86.98,340.45,0.0,0.00743374574441087,0.01483227274288329,0.016651283646443946,47.22250293355083,77.42,83.42,84.43,6.0
350,0,0,cargo_ship,5,50.0,0.6667,1.7169,8.5847,True,727.24,109,25.0,453.59,62.19,0.0,0.00743374574441087,0.014832272742883288,0.016599130038013585,45.95672220360791,77.42,83.42,84.4,6.0
351,1,0,cargo_ship,5,50.0,0.6667,1.5443,7.7217,True,727.23,98,25.0,362.78,121.49,0.0,0.00743374574441087,0.014832272742883287,0.01645919763321578,45.288920039093995,77.42,83.42,84.33,6.0
352,2,0,cargo_ship,5,50.0,0.6667,1.6686,8.3428,True,636.0,86,25.0,222.07,282.5,111.49,0.00743374574441087,0.014832272742883288,0.016489623730767237,44.994057201197194,77.42,83.42,84.34,6.0
353,3,0,cargo_ship,5,50.0,0.6667,1.9456,9.7279,True,753.91,107,25.0,498.22,213.94,81.53,0.00743374574441087,0.014832272742883288,0.01659373920941303,45.19090543359507,77.42,83.42,84.4,6.0
354,4,0,cargo_ship,5,50.0,0.6667,2.1761,10.8803,True,748.83,113,25.0,77.75,245.74,0.0,0.00743374574441087,0.014832272742883287,0.016435136528272346,43.9311661357146,77.42,83.42,84.32,6.0
355,0,0,cargo_ship,5,50.0,1.0,2.106,10.53,True,726.77,156,25.0,100.62,376.76,299.55,0.00743374574441087,0.014832272742883288,0.016592503925324277,35.51606132313863,77.42,83.42,84.4,6.0
356,1,0,cargo_ship,5,50.0,1.0,1.7196,8.5978,True,723.65,125,25.0,148.81,363.3,126.09,0.00743374574441087,0.014832272742883287,0.016620839650377302,42.48447929426434,77.42,83.42,84.41,6.0
357,2,0,cargo_ship,5,50.0,1.0,2.0072,10.036,True,693.12,153,25.0,92.49,278.89,353.79,0.00743374574441087,0.014832272742883287,0.016543193297156134,31.998015198111833,77.42,83.42,84.37,6.0
358,3,0,cargo_ship,5,50.0,1.0,2.4886,12.4429,True,715.93,179,25.0,140.82,268.97,0.0,0.00743374574441087,0.014832272742883287,0.016475897812983028,39.83063990771891,77.42,83.42,84.34,6.0
359,4,0,cargo_ship,5,50.0,1.0,2.4439,12.2197,True,719.2,164,25.0,110.63,389.44,232.31,0.00743374574441087,0.01483227274288329,0.016576438111527637,36.775362203143196,77.42,83.42,84.39,6.0
360,0,0,tanker,3,0.0,0.0,1.2428,3.7284,False,0.0,0,25.0,267.18,112.15,281.99,0.00743374574441087,0.014832272742883288,0.01655401024147474,45.11418500362281,77.42,83.42,84.38,6.0
361,1,0,tanker,3,0.0,0.0,1.4482,4.3446,False,0.0,0,25.0,144.44,364.84,0.0,0.00743374574441087,0.014832272742883287,0.01653540895848353,44.97093012569133,77.42,83.42,84.37,6.0
362,2,0,tanker,3,0.0,0.0,1.3008,3.9024,False,0.0,0,25.0,477.97,126.72,137.5,0.00743374574441087,0.01483227274288329,0.016482220492735233,44.934182078309036,77.42,83.42,84.34,6.0
363,3,0,tanker,3,0.0,0.0,1.1639,3.4918,False,0.0,0,25.0,163.23,266.04,128.52,0.00743374574441087,0.014832272742883288,0.016555908376252128,44.997855038785005,77.42,83.42,84.38,6.0
364,4,0,tanker,3,0.0,0.0,1.4493,4.3479,False,0.0,0,25.0,130.89,246.6,0.0,0.00743374574441087,0.014832272742883288,0.016716941121954123,44.981546755767496,77.42,83.42,84.46,6.0
365,0,0,tanker,3,0.0,0.3333,1.4709,4.4127,True,552.14,23,25.0,467.88,119.6,0.0,0.00743374574441087,0.014832272742883288,0.016563910546033487,45.01224025834978,77.42,83.42,84.38,6.0
366,1,0,tanker,3,0.0,0.3333,1.0999,3.2997,True,404.47,12,25.0,109.97,215.84,230.39,0.00743374574441087,0.014832272742883288,0.016550848257149316,45.13540935863218,77.42,83.42,84.38,6.0
367,2,0,tanker,3,0.0,0.3333,1.1767,3.5301,True,481.11,27,25.0,440.0,117.69,86.88,0.00743374574441087,0.014832272742883288,0.016551650931022503,44.97393096225105,77.42,83.42,84.38,6.0
368,3,0,tanker,3,0.0,0.3333,1.3772,4.1317,True,398.62,15,25.0,301.28,203.22,130.92,0.00743374574441087,0.01483227274288329,0.0165851415521646,44.898426037928644,77.42,83.42,84.39,6.0
369,4,0,tanker,3,0.0,0.3333,1.3917,4.1751,True,458.98,19,25.0,205.64,90.84,241.31,0.00743374574441087,0.014832272742883288,0.016559414017394795,44.998856164182385,77.42,83.42,84.38,6.0
370,0,0,tanker,3,0.0,0.6667,1.4952,4.4857,True,481.82,44,25.0,218.56,107.41,308.7,0.00743374574441087,0.014832272742883287,0.016663130128397867,44.70697253076921,77.42,83.42,84.44,6.0
371,1,0,tanker,3,0.0,0.6667,1.3638,4.0914,True,486.23,40,25.0,328.9,55.21,0.0,0.00743374574441087,0.014832272742883288,0.016596480135674118,44.35903564165067,77.42,83.42,84.4,6.0
372,2,0,tanker,3,0.0,0.6667,1.3005,3.9016,True,433.06,42,25.0,211.85,142.47,230.95,0.00743374574441087,0.014832272742883288,0.016585739617038533,44.20729337543457,77.42,83.42,84.39,6.0
373,3,0,tanker,3,0.0,0.6667,1.0918,3.2753,True,496.89,38,25.0,461.34,237.82,0.0,0.00743374574441087,0.01483227274288329,0.016469721475589325,44.590444424388124,77.42,83.42,84.33,6.0
374,4,0,tanker,3,0.0,0.6667,1.3905,4.1715,True,473.47,39,25.0,364.98,230.16,0.0,0.00743374574441087,0.014832272742883288,0.01669231803534756,44.27424416784934,77.42,83.42,84.45,6.0
375,0,0,tanker,3,0.0,1.0,1.0484,3.1452,True,476.88,43,25.0,84.1,291.46,129.66,0.00743374574441087,0.014832272742883288,0.0164736205594393,43.286158294188866,77.42,83.42,84.34,6.0
376,1,0,tanker,3,0.0,1.0,1.042,3.1259,True,460.02,46,25.0,189.43,256.5,0.0,0.00743374574441087,0.014832272742883288,0.016574768877337203,39.77743429395279,77.42,83.42,84.39,6.0
377,2,0,tanker,3,0.0,1.0,1.3528,4.0585,True,452.63,61,25.0,63.96,242.8,0.0,0.00743374574441087,0.014832272742883288,0.016549499416112595,42.54753946893816,77.42,83.42,84.38,6.0
378,3,0,tanker,3,0.0,1.0,1.118,3.3539,True,478.61,40,25.0,393.03,106.0,0.0,0.00743374574441087,0.014832272742883287,0.016602527666821593,43.16016822866217,77.42,83.42,84.4,6.0
379,4,0,tanker,3,0.0,1.0,1.0718,3.2153,True,523.96,48,25.0,331.35,153.08,0.0,0.00743374574441087,0.01483227274288329,0.01671717688900653,42.54066738313793,77.42,83.42,84.46,6.0
380,0,0,tanker,3,50.0,0.0,1.1363,3.4088,False,0.0,0,25.0,73.41,295.71,0.0,0.00743374574441087,0.01483227274288329,0.016615034762991886,44.380228067420674,77.42,83.42,84.41,6.0
381,1,0,tanker,3,50.0,0.0,1.1603,3.4808,False,0.0,0,25.0,74.26,225.61,228.09,0.00743374574441087,0.014832272742883288,0.016781806111439986,44.07196293045617,77.42,83.42,84.5,6.0
382,2,0,tanker,3,50.0,0.0,1.1419,3.4258,False,0.0,0,25.0,145.25,170.52,0.0,0.00743374574441087,0.01483227274288329,0.01656174789149306,44.3239837763398,77.42,83.42,84.38,6.0
383,3,0,tanker,3,50.0,0.0,1.3631,4.0892,False,0.0,0,25.0,141.05,202.39,0.0,0.00743374574441087,0.014832272742883288,0.016639433971506284,44.17172960410481,77.42,83.42,84.42,6.0
384,4,0,tanker,3,50.0,0.0,1.1394,3.4182,False,0.0,0,25.0,233.73,105.65,0.0,0.00743374574441087,0.014832272742883288,0.016572193836931377,44.398178815973786,77.42,83.42,84.39,6.0
385,0,0,tanker,3,50.0,0.3333,1.0067,3.0201,True,465.93,13,25.0,356.6,128.02,230.98,0.00743374574441087,0.01483227274288329,0.016539000434306568,44.58171203554228,77.42,83.42,84.37,6.0
386,1,0,tanker,3,50.0,0.3333,1.0061,3.0182,True,493.7,20,25.0,56.16,297.36,0.0,0.00743374574441087,0.014832272742883288,0.0166593516384093,44.553253984992836,77.42,83.42,84.43,6.0
387,2,0,tanker,3,50.0,0.3333,1.3995,4.1986,True,519.85,33,25.0,116.11,241.23,345.86,0.00743374574441087,0.014832272742883288,0.016485778999751937,43.93666431231217,77.42,83.42,84.34,6.0
388,3,0,tanker,3,50.0,0.3333,1.0849,3.2548,True,570.08,17,25.0,227.67,278.67,78.14,0.00743374574441087,0.014832272742883288,0.016593646110342933,44.366645619704514,77.42,83.42,84.4,6.0
389,4,0,tanker,3,50.0,0.3333,1.2848,3.8544,True,557.54,26,25.0,126.31,121.41,232.4,0.00743374574441087,0.01483227274288329,0.016557794852008683,44.198173298575426,77.42,83.42,84.38,6.0
390,0,0,tanker,3,50.0,0.6667,1.3098,3.9293,True,494.35,40,25.0,408.53,148.88,84.42,0.00743374574441087,0.014832272742883288,0.016586039779000576,43.58665030144199,77.42,83.42,84.39,6.0
391,1,0,tanker,3,50.0,0.6667,1.3063,3.9188,True,487.38,58,25.0,127.16,278.9,0.0,0.00743374574441087,0.01483227274288329,0.016317719753133616,42.19497565370209,77.42,83.42,84.25,6.0
392,2,0,tanker,3,50.0,0.6667,1.4256,4.2769,True,474.61,39,25.0,75.54,494.5,255.78,0.00743374574441087,0.014832272742883288,0.016631480999143047,43.61321384474457,77.42,83.42,84.42,6.0
393,3,0,tanker,3,50.0,0.6667,1.2125,3.6375,True,505.29,34,25.0,164.78,469.19,0.0,0.00743374574441087,0.014832272742883288,0.016507299841503818,43.93881777498221,77.42,83.42,84.35,6.0
394,4,0,tanker,3,50.0,0.6667,1.4577,4.3732,True,530.01,37,25.0,277.42,74.23,0.0,0.00743374574441087,0.014832272742883288,0.016663049504150474,43.847774904536124,77.42,83.42,84.44,6.0
395,0,0,tanker,3,50.0,1.0,1.106,3.3181,True,430.77,54,25.0,117.2,183.51,0.0,0.00743374574441087,0.014832272742883287,0.01662191056095302,38.38326180738883,77.42,83.42,84.41,6.0
396,1,0,tanker,3,50.0,1.0,1.2006,3.6019,True,498.26,47,25.0,79.23,283.3,250.95,0.00743374574441087,0.014832272742883288,0.016663416596435308,42.6808955543345,77.42,83.42,84.44,6.0
397,2,0,tanker,3,50.0,1.0,1.117,3.3509,True,531.27,47,25.0,369.84,164.71,88.84,0.00743374574441087,0.014832272742883288,0.01655868459437575,42.020504213131815,77.42,83.42,84.38,6.0
398,3,0,tanker,3,50.0,1.0,1.4045,4.2136,True,500.5,47,25.0,296.05,106.57,0.0,0.00743374574441087,0.01483227274288329,0.016468730168774728,40.82158572891383,77.42,83.42,84.33,6.0
399,4,0,tanker,3,50.0,1.0,1.4482,4.3447,True,438.68,63,25.0,483.4,132.94,0.0,0.00743374574441087,0.014832272742883288,0.016608236007318027,38.9485292692231,77.42,83.42,84.41,6.0
400,0,0,tanker,4,0.0,0.0,1.2452,4.9809,False,0.0,0,25.0,102.05,446.49,0.0,0.00743374574441087,0.014832272742883288,0.016707507236182573,45.1246352731821,77.42,83.42,84.46,6.0
401,1,0,tanker,4,0.0,0.0,1.0161,4.0642,False,0.0,0,25.0,90.53,354.71,0.0,0.00743374574441087,0.01483227274288329,0.016598394831241637,45.172293319458255,77.42,83.42,84.4,6.0
402,2,0,tanker,4,0.0,0.0,1.1654,4.6617,False,0.0,0,25.0,207.46,143.97,261.5,0.00743374574441087,0.014832272742883288,0.016674630937565934,44.97238687888559,77.42,83.42,84.44,6.0
403,3,0,tanker,4,0.0,0.0,1.2478,4.9911,False,0.0,0,25.0,107.46,340.52,0.0,0.00743374574441087,0.01483227274288329,0.01674979761873954,45.15132447106991,77.42,83.42,84.48,6.0
404,4,0,tanker,4,0.0,0.0,1.3945,5.5779,False,0.0,0,25.0,102.73,489.81,0.0,0.00743374574441087,0.01483227274288329,0.016594051429790313,44.48502489380477,77.42,83.42,84.4,6.0
405,0,0,tanker,4,0.0,0.3333,1.0479,4.1915,True,495.78,25,25.0,456.75,164.26,99.38,0.00743374574441087,0.01483227274288329,0.01662735188972636,44.7976489874757,77.42,83.42,84.42,6.0
406,1,0,tanker,4,0.0,0.3333,1.1315,4.5261,True,457.32,30,25.0,195.34,123.3,0.0,0.00743374574441087,0.01483227274288329,0.016747917405643454,45.20971558257168,77.42,83.42,84.48,6.0
407,2,0,tanker,4,0.0,0.3333,1.4171,5.6684,True,488.16,40,25.0,230.68,302.32,100.03,0.00743374574441087,0.014832272742883288,0.016545122636667648,44.2301101240852,77.42,83.42,84.37,6.0
408,3,0,tanker,4,0.0,0.3333,1.0115,4.0461,True,459.16,24,25.0,268.38,167.92,0.0,0.00743374574441087,0.014832272742883288,0.016625413424223447,44.9179337669481,77.42,83.42,84.42,6.0
409,4,0,tanker,4,0.0,0.3333,1.3768,5.507,True,442.05,45,25.0,208.52,250.85,149.28,0.00743374574441087,0.014832272742883288,0.01656725644071613,44.19469802514091,77.42,83.42,84.39,6.0
410,0,0,tanker,4,0.0,0.6667,1.1446,4.5783,True,508.03,56,25.0,223.17,51.62,0.0,0.00743374574441087,0.01483227274288329,0.01654803131424016,44.37607396202944,77.42,83.42,84.37,6.0
411,1,0,tanker,4,0.0,0.6667,1.499,5.9961,True,489.22,68,25.0,91.97,178.17,0.0,0.00743374574441087,0.014832272742883288,0.016534403750083207,43.499416831322726,77.42,83.42,84.37,6.0
412,2,0,tanker,4,0.0,0.6667,1.1149,4.4594,True,512.97,50,25.0,323.68,83.72,0.0,0.00743374574441087,0.01483227274288329,0.016538593957125227,44.53658239675575,77.42,83.42,84.37,6.0
413,3,0,tanker,4,0.0,0.6667,1.0713,4.285,True,454.13,47,25.0,244.9,327.01,0.0,0.00743374574441087,0.014832272742883288,0.016457403641388264,44.47072900198608,77.42,83.42,84.33,6.0
414,4,0,tanker,4,0.0,0.6667,1.1563,4.6253,True,508.63,50,25.0,468.34,134.74,0.0,0.00743374574441087,0.014832272742883287,0.01675239361573237,44.78601661661546,77.42,83.42,84.48,6.0
415,0,0,tanker,4,0.0,1.0,1.0287,4.1146,True,484.93,55,25.0,400.66,110.92,279.79,0.00743374574441087,0.01483227274288329,0.01660463628654565,42.34057038438036,77.42,83.42,84.4,6.0
416,1,0,tanker,4,0.0,1.0,1.2296,4.9184,True,452.86,80,25.0,215.74,473.01,0.0,0.00743374574441087,0.01483227274288329,0.01664270420710583,36.50095837081443,77.42,83.42,84.42,6.0
417,2,0,tanker,4,0.0,1.0,1.4717,5.8867,True,477.67,76,25.0,114.63,343.27,204.98,0.00743374574441087,0.014832272742883288,0.016644108747981983,38.19466652362683,77.42,83.42,84.43,6.0
418,3,0,tanker,4,0.0,1.0,1.2066,4.8263,True,477.99,74,25.0,214.56,136.88,0.0,0.00743374574441087,0.014832272742883287,0.016581620430920655,41.79337434461326,77.42,83.42,84.39,6.0
419,4,0,tanker,4,0.0,1.0,1.3155,5.2618,True,526.04,66,25.0,255.79,144.88,0.0,0.00743374574441087,0.01483227274288329,0.016574910185336772,40.46785910154867,77.42,83.42,84.39,6.0
420,0,0,tanker,4,50.0,0.0,1.0669,4.2678,False,0.0,0,25.0,496.17,61.47,177.82,0.00743374574441087,0.014832272742883288,0.01661135126351788,44.17950121434259,77.42,83.42,84.41,6.0
421,1,0,tanker,4,50.0,0.0,1.0838,4.3353,False,0.0,0,25.0,141.17,356.09,106.18,0.00743374574441087,0.014832272742883288,0.016551743031095665,44.061190320106725,77.42,83.42,84.38,6.0
422,2,0,tanker,4,50.0,0.0,1.3548,5.4193,False,0.0,0,25.0,90.15,295.36,376.18,0.00743374574441087,0.01483227274288329,0.016757050142404598,43.70513821024054,77.42,83.42,84.48,6.0
423,3,0,tanker,4,50.0,0.0,1.4537,5.8147,False,0.0,0,25.0,85.75,278.95,0.0,0.00743374574441087,0.01483227274288329,0.01665081719442733,43.8887364913222,77.42,83.42,84.43,6.0
424,4,0,tanker,4,50.0,0.0,1.2539,5.0154,False,0.0,0,25.0,297.4,80.9,185.58,0.00743374574441087,0.01483227274288329,0.01662726851160192,43.59666497924616,77.42,83.42,84.42,6.0
425,0,0,tanker,4,50.0,0.3333,1.0661,4.2644,True,435.59,15,25.0,167.98,67.88,0.0,0.00743374574441087,0.014832272742883288,0.016680824283540733,44.32280628730984,77.42,83.42,84.44,6.0
426,1,0,tanker,4,50.0,0.3333,1.416,5.6642,True,433.72,33,25.0,101.05,137.24,0.0,0.00743374574441087,0.014832272742883288,0.016529403823346268,43.79087997772062,77.42,83.42,84.37,6.0
427,2,0,tanker,4,50.0,0.3333,1.0302,4.1209,True,561.35,26,25.0,221.82,321.02,58.6,0.00743374574441087,0.014832272742883287,0.016651630083640793,44.24225238792719,77.42,83.42,84.43,6.0
428,3,0,tanker,4,50.0,0.3333,1.0517,4.2069,True,408.9,24,25.0,263.84,57.33,0.0,0.00743374574441087,0.014832272742883287,0.01643448557848074,44.15633080397364,77.42,83.42,84.32,6.0
429,4,0,tanker,4,50.0,0.3333,1.4389,5.7556,True,511.55,24,25.0,294.14,114.68,294.59,0.00743374574441087,0.01483227274288329,0.01673633519435202,43.732488463828986,77.42,83.42,84.47,6.0
430,0,0,tanker,4,50.0,0.6667,1.197,4.7881,True,453.58,51,25.0,190.83,361.52,113.49,0.00743374574441087,0.01483227274288329,0.016630156343401137,42.607867646545145,77.42,83.42,84.42,6.0
431,1,0,tanker,4,50.0,0.6667,1.4095,5.6382,True,469.37,71,25.0,480.11,277.34,58.37,0.00743374574441087,0.014832272742883288,0.01654684843883038,42.91916207824892,77.42,83.42,84.37,6.0
432,2,0,tanker,4,50.0,0.6667,1.3739,5.4955,True,483.9,65,25.0,147.77,55.87,0.0,0.00743374574441087,0.01483227274288329,0.016453893057514865,42.27560416070382,77.42,83.42,84.33,6.0
433,3,0,tanker,4,50.0,0.6667,1.4474,5.7898,True,432.52,74,25.0,293.13,215.87,0.0,0.00743374574441087,0.01483227274288329,0.016428832749588916,42.50255303290244,77.42,83.42,84.31,6.0
434,4,0,tanker,4,50.0,0.6667,1.0449,4.1796,True,459.77,42,25.0,132.92,254.83,111.01,0.00743374574441087,0.014832272742883288,0.01644085083087877,43.89079454487003,77.42,83.42,84.32,6.0
435,0,0,tanker,4,50.0,1.0,1.1104,4.4416,True,533.9,52,25.0,155.76,132.55,493.47,0.00743374574441087,0.014832272742883288,0.016572831505227762,42.92408981146077,77.42,83.42,84.39,6.0
436,1,0,tanker,4,50.0,1.0,1.3074,5.2296,True,494.95,77,25.0,148.48,209.37,289.14,0.00743374574441087,0.014832272742883288,0.016617874056079056,39.101494025330474,77.42,83.42,84.41,6.0
437,2,0,tanker,4,50.0,1.0,1.3409,5.3636,True,521.13,71,25.0,83.01,148.15,0.0,0.00743374574441087,0.014832272742883288,0.01661551743743818,38.24137424120772,77.42,83.42,84.41,6.0
438,3,0,tanker,4,50.0,1.0,1.4485,5.794,True,475.78,102,25.0,121.8,204.81,160.28,0.00743374574441087,0.014832272742883287,0.016642561488653253,37.104414001396506,77.42,83.42,84.42,6.0
439,4,0,tanker,4,50.0,1.0,1.2287,4.9146,True,479.09,61,25.0,95.23,225.47,0.0,0.00743374574441087,0.014832272742883288,0.016569808362224617,40.86562725115743,77.42,83.42,84.39,6.0
440,0,0,tanker,5,0.0,0.0,1.2702,6.3511,False,0.0,0,25.0,380.27,113.79,121.01,0.00743374574441087,0.014832272742883288,0.0165364430866145,44.4371301193741,77.42,83.42,84.37,6.0
441,1,0,tanker,5,0.0,0.0,1.1285,5.6424,False,0.0,0,25.0,119.49,311.34,197.5,0.00743374574441087,0.014832272742883288,0.016548534581763943,44.60746128852077,77.42,83.42,84.38,6.0
442,2,0,tanker,5,0.0,0.0,1.4185,7.0923,False,0.0,0,25.0,324.26,62.42,114.47,0.00743374574441087,0.014832272742883288,0.016660203532406846,44.49583005404094,77.42,83.42,84.43,6.0
443,3,0,tanker,5,0.0,0.0,1.3976,6.9878,False,0.0,0,25.0,266.86,106.67,0.0,0.00743374574441087,0.01483227274288329,0.016538441593825056,44.742380725385594,77.42,83.42,84.37,6.0
444,4,0,tanker,5,0.0,0.0,1.4535,7.2677,False,0.0,0,25.0,148.1,403.04,57.84,0.00743374574441087,0.01483227274288329,0.016458934697937813,44.40512847992881,77.42,83.42,84.33,6.0
445,0,0,tanker,5,0.0,0.3333,1.0338,5.1691,True,493.28,29,25.0,212.8,91.34,0.0,0.00743374574441087,0.01483227274288329,0.016608332370687803,44.66343825961253,77.42,83.42,84.41,6.0
446,1,0,tanker,5,0.0,0.3333,1.4041,7.0206,True,525.59,41,25.0,220.19,145.32,246.49,0.00743374574441087,0.014832272742883288,0.016360539784300854,44.440862316229385,77.42,83.42,84.28,6.0
447,2,0,tanker,5,0.0,0.3333,1.2136,6.0678,True,485.78,41,25.0,125.81,135.19,473.34,0.00743374574441087,0.014832272742883288,0.016617345091443303,44.47974246970033,77.42,83.42,84.41,6.0
448,3,0,tanker,5,0.0,0.3333,1.4154,7.0769,True,441.25,36,25.0,60.25,182.72,0.0,0.00743374574441087,0.01483227274288329,0.016600539671577902,44.545591595272064,77.42,83.42,84.4,6.0
449,4,0,tanker,5,0.0,0.3333,1.3145,6.5724,True,536.19,36,25.0,112.1,108.13,343.11,0.00743374574441087,0.01483227274288329,0.016607877456889124,44.464153894021564,77.42,83.42,84.41,6.0
450,0,0,tanker,5,0.0,0.6667,1.2105,6.0524,True,478.8,63,25.0,269.5,148.76,147.6,0.00743374574441087,0.014832272742883288,0.016570272040949068,43.644799211544594,77.42,83.42,84.39,6.0
451,1,0,tanker,5,0.0,0.6667,1.3014,6.507,True,442.51,61,25.0,240.14,345.28,104.29,0.00743374574441087,0.014832272742883287,0.01661340624087792,42.705324456271086,77.42,83.42,84.41,6.0
452,2,0,tanker,5,0.0,0.6667,1.2797,6.3983,True,479.44,63,25.0,116.74,206.26,286.87,0.00743374574441087,0.014832272742883288,0.016619425701681637,44.28678792754096,77.42,83.42,84.41,6.0
453,3,0,tanker,5,0.0,0.6667,1.3454,6.7269,True,473.6,63,25.0,101.57,55.39,0.0,0.00743374574441087,0.01483227274288329,0.016644160972356437,43.63574984232218,77.42,83.42,84.43,6.0
454,4,0,tanker,5,0.0,0.6667,1.3604,6.8018,True,495.23,93,25.0,110.18,127.32,0.0,0.00743374574441087,0.014832272742883288,0.016513267528170915,43.899201959445264,77.42,83.42,84.36,6.0
455,0,0,tanker,5,0.0,1.0,1.2211,6.1053,True,489.74,88,25.0,415.2,132.73,148.71,0.00743374574441087,0.014832272742883288,0.016515744478451676,34.186440558031244,77.42,83.42,84.36,6.0
456,1,0,tanker,5,0.0,1.0,1.1903,5.9517,True,514.73,86,25.0,64.84,274.98,0.0,0.00743374574441087,0.014832272742883287,0.01645323416743588,41.660582880591285,77.42,83.42,84.33,6.0
457,2,0,tanker,5,0.0,1.0,1.2795,6.3977,True,499.46,97,25.0,332.94,123.93,236.34,0.00743374574441087,0.014832272742883288,0.016640923849033255,39.828804912153174,77.42,83.42,84.42,6.0
458,3,0,tanker,5,0.0,1.0,1.0885,5.4423,True,526.69,69,25.0,484.08,145.07,0.0,0.00743374574441087,0.014832272742883288,0.016669030240570922,42.282721210665564,77.42,83.42,84.44,6.0
459,4,0,tanker,5,0.0,1.0,1.3492,6.7459,True,499.98,116,25.0,250.85,133.68,242.74,0.00743374574441087,0.014832272742883288,0.016625605296933542,40.52341786206771,77.42,83.42,84.42,6.0
460,0,0,tanker,5,50.0,0.0,1.129,5.6448,False,0.0,0,25.0,58.84,428.72,231.36,0.00743374574441087,0.014832272742883287,0.016683564970319358,43.91136868439221,77.42,83.42,84.45,6.0
461,1,0,tanker,5,50.0,0.0,1.2546,6.2731,False,0.0,0,25.0,176.59,74.74,0.0,0.00743374574441087,0.01483227274288329,0.01648428174011902,43.45513251663025,77.42,83.42,84.34,6.0
462,2,0,tanker,5,50.0,0.0,1.47,7.3499,False,0.0,0,25.0,491.75,203.14,0.0,0.00743374574441087,0.01483227274288329,0.016486723795011773,43.62845277535725,77.42,83.42,84.34,6.0
463,3,0,tanker,5,50.0,0.0,1.0831,5.4155,False,0.0,0,25.0,165.39,124.49,0.0,0.00743374574441087,0.014832272742883287,0.016559620490113225,44.112721859055405,77.42,83.42,84.38,6.0
464,4,0,tanker,5,50.0,0.0,1.123,5.6148,False,0.0,0,25.0,300.43,75.54,151.39,0.00743374574441087,0.014832272742883288,0.01644470853368443,43.63836002493481,77.42,83.42,84.32,6.0
465,0,0,tanker,5,50.0,0.3333,1.0631,5.3153,True,522.71,26,25.0,234.12,255.52,0.0,0.00743374574441087,0.01483227274288329,0.016595508722251764,44.014527845347345,77.42,83.42,84.4,6.0
466,1,0,tanker,5,50.0,0.3333,1.3315,6.6574,True,540.24,38,25.0,142.21,121.36,0.0,0.00743374574441087,0.01483227274288329,0.016546667014856995,43.74096127539948,77.42,83.42,84.37,6.0
467,2,0,tanker,5,50.0,0.3333,1.1438,5.7188,True,511.93,46,25.0,262.89,89.05,0.0,0.00743374574441087,0.014832272742883288,0.016721938478601806,43.82094994461129,77.42,83.42,84.47,6.0
468,3,0,tanker,5,50.0,0.3333,1.1834,5.9172,True,484.71,39,25.0,280.11,188.65,58.59,0.00743374574441087,0.014832272742883287,0.016598074571527552,43.71640940367908,77.42,83.42,84.4,6.0
469,4,0,tanker,5,50.0,0.3333,1.1544,5.772,True,497.86,36,25.0,393.29,90.55,271.1,0.00743374574441087,0.014832272742883288,0.016580863944487028,43.7997621434952,77.42,83.42,84.39,6.0
470,0,0,tanker,5,50.0,0.6667,1.3825,6.9123,True,498.11,73,25.0,332.92,113.39,0.0,0.00743374574441087,0.014832272742883288,0.016578868473173983,43.251521882158215,77.42,83.42,84.39,6.0
471,1,0,tanker,5,50.0,0.6667,1.2754,6.3771,True,494.16,62,25.0,113.54,406.47,0.0,0.00743374574441087,0.014832272742883287,0.01653630083133757,42.810634746376245,77.42,83.42,84.37,6.0
472,2,0,tanker,5,50.0,0.6667,1.086,5.4301,True,491.06,79,25.0,111.16,102.44,372.04,0.00743374574441087,0.014832272742883288,0.016491088070132217,43.47307219858444,77.42,83.42,84.34,6.0
473,3,0,tanker,5,50.0,0.6667,1.0127,5.0637,True,494.74,62,25.0,249.84,423.03,0.0,0.00743374574441087,0.01483227274288329,0.016759944637186254,42.775522650087964,77.42,83.42,84.49,6.0
474,4,0,tanker,5,50.0,0.6667,1.3944,6.9721,True,485.7,74,25.0,240.5,338.74,104.87,0.00743374574441087,0.014832272742883288,0.016514559341252972,42.563309700053814,77.42,83.42,84.36,6.0
475,0,0,tanker,5,50.0,1.0,1.2449,6.2246,True,456.3,93,25.0,103.61,260.04,0.0,0.00743374574441087,0.01483227274288329,0.016454093713595543,37.6839215007171,77.42,83.42,84.33,6.0
476,1,0,tanker,5,50.0,1.0,1.4473,7.2365,True,491.43,110,25.0,276.31,454.0,0.0,0.00743374574441087,0.014832272742883287,0.016353094898578373,37.18782678669047,77.42,83.42,84.27,6.0
477,2,0,tanker,5,50.0,1.0,1.0356,5.1781,True,446.72,72,25.0,373.81,102.84,131.94,0.00743374574441087,0.01483227274288329,0.016689274957357364,39.89604128596207,77.42,83.42,84.45,6.0
478,3,0,tanker,5,50.0,1.0,1.0693,5.3466,True,472.4,68,25.0,295.68,130.4,0.0,0.00743374574441087,0.01483227274288329,0.016602840535580327,37.71797694040948,77.42,83.42,84.4,6.0
479,4,0,tanker,5,50.0,1.0,1.4671,7.3355,True,499.07,100,25.0,327.11,140.82,0.0,0.00743374574441087,0.014832272742883285,0.016455699806773128,37.70596178163168,77.42,83.42,84.33,6.0
480,0,1,small_craft,3,0.0,0.0,16.9811,50.9432,False,0.0,0,25.0,221.44,72.36,0.0,0.02262392120536171,0.04514065739788352,0.050322059133044855,147.25750855811893,87.09,93.09,94.04,6.0
481,1,1,small_craft,3,0.0,0.0,19.7002,59.1006,False,0.0,0,25.0,54.99,376.12,279.98,0.02262392120536171,0.045140657397883525,0.05057216319762881,146.93328866877164,87.09,93.09,94.08,6.0
482,2,1,small_craft,3,0.0,0.0,16.8929,50.6787,False,0.0,0,25.0,193.67,400.76,0.0,0.02262392120536171,0.04514065739788352,0.05082779464679199,146.8832483100202,87.09,93.09,94.12,6.0
483,3,1,small_craft,3,0.0,0.0,23.5218,70.5654,False,0.0,0,25.0,170.44,307.53,145.94,0.02262392120536171,0.045140657397883525,0.0504780887723454,146.58760930303382,87.09,93.09,94.06,6.0
484,4,1,small_craft,3,0.0,0.0,15.9676,47.9029,False,0.0,0,25.0,64.25,475.22,0.0,0.022623921205361712,0.04514065739788353,0.05062271303795851,146.55970996573657,87.09,93.09,94.09,6.0
485,0,1,small_craft,3,0.0,0.3333,27.6934,83.0801,True,6115.72,484,25.0,201.19,114.39,245.16,0.02262392120536171,0.04514065739788352,0.05072971729911479,145.04418105490532,87.09,93.09,94.11,6.0
486,1,1,small_craft,3,0.0,0.3333,15.4438,46.3314,True,6311.87,291,25.0,106.02,212.74,0.0,0.022623921205361712,0.045140657397883525,0.050559427066834,146.70024120972315,87.09,93.09,94.08,6.0
487,2,1,small_craft,3,0.0,0.3333,27.7399,83.2196,True,5961.1,500,25.0,282.05,116.34,110.84,0.02262392120536171,0.04514065739788353,0.050362813903800506,144.45384680359305,87.09,93.09,94.04,6.0
488,3,1,small_craft,3,0.0,0.3333,20.0931,60.2794,True,6134.58,366,25.0,260.52,242.97,112.31,0.022623921205361712,0.04514065739788353,0.05051962039790395,145.54750054120316,87.09,93.09,94.07,6.0
489,4,1,small_craft,3,0.0,0.3333,25.9188,77.7564,True,6153.21,435,25.0,262.35,52.93,0.0,0.022623921205361712,0.04514065739788353,0.05051075610582125,144.8985326012572,87.09,93.09,94.07,6.0
490,0,1,small_craft,3,0.0,0.6667,25.8024,77.4071,True,6108.84,870,25.0,288.06,392.39,0.0,0.02262392120536171,0.04514065739788353,0.05046009780409855,120.58112545602944,87.09,93.09,94.06,6.0
491,1,1,small_craft,3,0.0,0.6667,21.061,63.183,True,6041.14,660,25.0,192.98,378.23,139.31,0.02262392120536171,0.045140657397883525,0.050363642761424986,116.48183106985738,87.09,93.09,94.04,6.0
492,2,1,small_craft,3,0.0,0.6667,17.783,53.3491,True,6021.86,584,25.0,101.42,284.5,0.0,0.022623921205361712,0.04514065739788353,0.05046106712136365,120.12957338857731,87.09,93.09,94.06,6.0
493,3,1,small_craft,3,0.0,0.6667,24.4239,73.2716,True,6129.46,796,25.0,312.05,133.04,87.41,0.022623921205361712,0.04514065739788353,0.050436276099708674,131.758631362882,87.09,93.09,94.05,6.0
494,4,1,small_craft,3,0.0,0.6667,19.396,58.1881,True,6121.82,614,25.0,143.77,329.19,0.0,0.02262392120536171,0.045140657397883525,0.050834192731444794,123.30908775266451,87.09,93.09,94.12,6.0
495,0,1,small_craft,3,0.0,1.0,22.8387,68.516,True,6006.19,1002,25.0,121.55,69.62,0.0,0.02262392120536171,0.04514065739788353,0.050495414288191584,67.22595931613837,87.09,93.09,94.07,6.0
496,1,1,small_craft,3,0.0,1.0,16.655,49.9649,True,5895.25,729,25.0,105.0,54.46,277.18,0.02262392120536171,0.04514065739788353,0.050476373504371785,75.53568393737909,87.09,93.09,94.06,6.0
497,2,1,small_craft,3,0.0,1.0,19.249,57.7471,True,5892.06,888,25.0,108.5,139.25,348.48,0.022623921205361712,0.04514065739788353,0.05029090224734237,76.94125020435189,87.09,93.09,94.03,6.0
498,3,1,small_craft,3,0.0,1.0,27.8144,83.4433,True,5992.99,1258,25.0,64.37,260.71,258.59,0.022623921205361712,0.04514065739788353,0.050351310212011904,58.067475926036416,87.09,93.09,94.04,6.0
499,4,1,small_craft,3,0.0,1.0,25.7805,77.3414,True,6110.98,1172,25.0,143.74,266.54,0.0,0.02262392120536171,0.04514065739788352,0.0503982518313513,83.43574104530673,87.09,93.09,94.05,6.0
500,0,1,small_craft,3,50.0,0.0,26.0653,78.196,False,0.0,0,25.0,317.1,294.02,0.0,0.02262392120536171,0.045140657397883525,0.050885655542898485,144.64930043847698,87.09,93.09,94.13,6.0
501,1,1,small_craft,3,50.0,0.0,21.3764,64.1293,False,0.0,0,25.0,195.87,374.68,0.0,0.02262392120536171,0.04514065739788352,0.05018752071868872,143.94980778401913,87.09,93.09,94.01,6.0
502,2,1,small_craft,3,50.0,0.0,15.1795,45.5386,False,0.0,0,25.0,389.46,153.62,0.0,0.022623921205361705,0.04514065739788352,0.050301005103761544,144.00052342588268,87.09,93.09,94.03,6.0
503,3,1,small_craft,3,50.0,0.0,21.0224,63.0673,False,0.0,0,25.0,108.82,262.7,183.59,0.022623921205361712,0.04514065739788354,0.05050387541741369,144.52047938472248,87.09,93.09,94.07,6.0
504,4,1,small_craft,3,50.0,0.0,20.4238,61.2715,False,0.0,0,25.0,234.86,383.35,62.3,0.02262392120536171,0.045140657397883525,0.05059362634928786,143.91362751959744,87.09,93.09,94.08,6.0
505,0,1,small_craft,3,50.0,0.3333,28.544,85.6321,True,6003.78,526,25.0,124.43,244.09,165.59,0.022623921205361712,0.04514065739788353,0.05038577511132341,142.6833967338589,87.09,93.09,94.05,6.0
506,1,1,small_craft,3,50.0,0.3333,26.5315,79.5946,True,5984.16,481,25.0,68.24,323.09,0.0,0.02262392120536171,0.04514065739788352,0.05069321731370893,142.549491522618,87.09,93.09,94.1,6.0
507,2,1,small_craft,3,50.0,0.3333,25.8073,77.422,True,5900.55,430,25.0,58.81,106.49,324.07,0.02262392120536171,0.04514065739788353,0.05090649022832643,142.06280108126083,87.09,93.09,94.14,6.0
508,3,1,small_craft,3,50.0,0.3333,17.1502,51.4507,True,5911.88,289,25.0,408.96,180.41,0.0,0.02262392120536171,0.04514065739788352,0.050515536772572034,143.83140867239408,87.09,93.09,94.07,6.0
509,4,1,small_craft,3,50.0,0.3333,23.2503,69.7509,True,5964.21,388,25.0,138.97,382.24,175.5,0.022623921205361705,0.04514065739788352,0.05059099711763959,143.00328864322466,87.09,93.09,94.08,6.0
510,0,1,small_craft,3,50.0,0.6667,20.8786,62.6357,True,5962.93,734,25.0,78.82,422.25,219.13,0.02262392120536171,0.04514065739788352,0.05023189170569749,122.43655113791024,87.09,93.09,94.02,6.0
511,1,1,small_craft,3,50.0,0.6667,26.7263,80.1789,True,5976.08,869,25.0,213.06,233.52,128.37,0.02262392120536171,0.04514065739788353,0.05007994721322584,124.86416449886272,87.09,93.09,93.99,6.0
512,2,1,small_craft,3,50.0,0.6667,28.7032,86.1097,True,6087.69,905,25.0,227.41,358.23,0.0,0.02262392120536171,0.04514065739788352,0.050950816007528335,118.59255022891155,87.09,93.09,94.14,6.0
513,3,1,small_craft,3,50.0,0.6667,25.974,77.922,True,5919.19,861,25.0,115.04,202.79,0.0,0.022623921205361712,0.04514065739788354,0.05024048476397764,117.83511411520834,87.09,93.09,94.02,6.0
514,4,1,small_craft,3,50.0,0.6667,20.5355,61.6064,True,6022.91,643,25.0,430.32,115.62,0.0,0.02262392120536171,0.04514065739788353,0.050810780269165315,122.88101552570872,87.09,93.09,94.12,6.0
515,0,1,small_craft,3,50.0,1.0,18.2171,54.6514,True,6098.53,830,25.0,109.08,377.17,0.0,0.022623921205361705,0.04514065739788352,0.05025780683366495,66.83668168827941,87.09,93.09,94.02,6.0
516,1,1,small_craft,3,50.0,1.0,22.0358,66.1075,True,5957.53,992,25.0,285.03,82.62,0.0,0.02262392120536171,0.045140657397883525,0.050492824807361315,70.2413089054122,87.09,93.09,94.06,6.0
517,2,1,small_craft,3,50.0,1.0,19.7745,59.3235,True,6006.32,878,25.0,489.26,114.79,0.0,0.022623921205361712,0.04514065739788353,0.05038161228100824,60.84859709162094,87.09,93.09,94.05,6.0
518,3,1,small_craft,3,50.0,1.0,21.7351,65.2052,True,5818.72,965,25.0,428.66,211.41,0.0,0.022623921205361712,0.04514065739788353,0.05053271619577099,61.46083864835619,87.09,93.09,94.07,6.0
519,4,1,small_craft,3,50.0,1.0,17.6456,52.9369,True,6064.36,786,25.0,227.71,82.59,401.87,0.02262392120536171,0.045140657397883525,0.0506629582301464,96.27034295029442,87.09,93.09,94.09,6.0
520,0,1,small_craft,4,0.0,0.0,15.2827,61.1306,False,0.0,0,25.0,432.79,123.8,286.07,0.022623921205361705,0.04514065739788352,0.050472409400747806,148.21319664738286,87.09,93.09,94.06,6.0
521,1,1,small_craft,4,0.0,0.0,27.874,111.4962,False,0.0,0,25.0,71.37,148.55,0.0,0.022623921205361712,0.04514065739788353,0.05019747215743074,148.68446494076676,87.09,93.09,94.01,6.0
522,2,1,small_craft,4,0.0,0.0,23.2904,93.1617,False,0.0,0,25.0,240.19,71.93,461.82,0.02262392120536171,0.04514065739788352,0.05077986937479082,147.65587838058565,87.09,93.09,94.11,6.0
523,3,1,small_craft,4,0.0,0.0,15.7509,63.0036,False,0.0,0,25.0,52.16,392.61,0.0,0.02262392120536171,0.04514065739788353,0.05042289899255433,148.86280544527202,87.09,93.09,94.05,6.0
524,4,1,small_craft,4,0.0,0.0,22.9338,91.735,False,0.0,0,25.0,197.98,480.82,0.0,0.02262392120536171,0.04514065739788353,0.050681080332491274,148.97045673136915,87.09,93.09,94.1,6.0
525,0,1,small_craft,4,0.0,0.3333,18.9656,75.8623,True,6099.13,463,25.0,398.75,51.16,0.0,0.02262392120536171,0.04514065739788352,0.05077859607361499,147.16742129394382,87.09,93.09,94.11,6.0
526,1,1,small_craft,4,0.0,0.3333,17.3315,69.3262,True,5921.06,441,25.0,145.1,302.63,0.0,0.02262392120536171,0.04514065739788352,0.05026154002565893,147.4440939548641,87.09,93.09,94.02,6.0
527,2,1,small_craft,4,0.0,0.3333,20.6966,82.7866,True,6159.53,467,25.0,236.01,199.58,0.0,0.02262392120536171,0.04514065739788352,0.05091649310056644,147.90681680219282,87.09,93.09,94.14,6.0
528,3,1,small_craft,4,0.0,0.3333,22.4997,89.9988,True,5861.79,514,25.0,133.68,395.97,183.51,0.022623921205361712,0.04514065739788353,0.050857905756920334,147.67006525313062,87.09,93.09,94.13,6.0
529,4,1,small_craft,4,0.0,0.3333,17.0558,68.2233,True,5896.85,387,25.0,209.51,51.14,262.38,0.02262392120536171,0.04514065739788352,0.05089698831777134,145.2026173109016,87.09,93.09,94.13,6.0
530,0,1,small_craft,4,0.0,0.6667,26.6478,106.5913,True,6113.81,1162,25.0,288.44,245.37,71.24,0.02262392120536171,0.04514065739788352,0.05040789514226003,114.3438488280287,87.09,93.09,94.05,6.0
531,1,1,small_craft,4,0.0,0.6667,28.1242,112.4966,True,6051.32,1249,25.0,429.46,295.48,121.38,0.022623921205361712,0.04514065739788353,0.05052054701840943,107.81810180931203,87.09,93.09,94.07,6.0
532,2,1,small_craft,4,0.0,0.6667,29.4037,117.6147,True,6060.49,1281,25.0,269.71,359.86,93.02,0.02262392120536171,0.04514065739788352,0.05066009743263452,105.23852999783652,87.09,93.09,94.09,6.0
533,3,1,small_craft,4,0.0,0.6667,28.9191,115.6766,True,5965.68,1292,25.0,333.16,133.86,0.0,0.02262392120536171,0.045140657397883525,0.050448221257766164,118.36651609268408,87.09,93.09,94.06,6.0
534,4,1,small_craft,4,0.0,0.6667,27.9413,111.7652,True,5992.84,1229,25.0,149.23,444.24,0.0,0.022623921205361705,0.04514065739788352,0.05052972647006471,114.6896141302153,87.09,93.09,94.07,6.0
535,0,1,small_craft,4,0.0,1.0,19.679,78.7161,True,6039.53,1142,25.0,465.61,50.37,158.36,0.02262392120536171,0.04514065739788352,0.050434165083679185,77.1904450694001,87.09,93.09,94.05,6.0
536,1,1,small_craft,4,0.0,1.0,17.8254,71.3017,True,5950.8,1113,25.0,202.92,247.63,54.46,0.022623921205361712,0.04514065739788353,0.05051508014555213,82.55206249301442,87.09,93.09,94.07,6.0
537,2,1,small_craft,4,0.0,1.0,29.676,118.7039,True,6142.24,1758,25.0,498.58,69.45,125.1,0.022623921205361712,0.04514065739788353,0.050605619579713074,69.93855740938513,87.09,93.09,94.08,6.0
538,3,1,small_craft,4,0.0,1.0,27.1907,108.7628,True,6092.7,1704,25.0,149.58,133.72,0.0,0.02262392120536171,0.04514065739788353,0.05065015636962493,68.63032368488024,87.09,93.09,94.09,6.0
539,4,1,small_craft,4,0.0,1.0,22.6335,90.5341,True,5908.31,1393,25.0,127.57,294.55,202.26,0.022623921205361712,0.04514065739788353,0.05065398154060791,56.30915215421144,87.09,93.09,94.09,6.0
540,0,1,small_craft,4,50.0,0.0,21.6153,86.4611,False,0.0,0,25.0,319.5,229.41,0.0,0.02262392120536171,0.045140657397883525,0.05023205453101563,145.81223358336342,87.09,93.09,94.02,6.0
541,1,1,small_craft,4,50.0,0.0,25.6798,102.7193,False,0.0,0,25.0,120.51,68.94,0.0,0.022623921205361712,0.04514065739788353,0.050427592398906824,146.07072114663845,87.09,93.09,94.05,6.0
542,2,1,small_craft,4,50.0,0.0,16.2639,65.0557,False,0.0,0,25.0,247.01,163.51,75.12,0.022623921205361712,0.04514065739788353,0.050232163566894465,145.1710066296663,87.09,93.09,94.02,6.0
543,3,1,small_craft,4,50.0,0.0,21.729,86.9161,False,0.0,0,25.0,436.2,121.55,166.59,0.022623921205361712,0.04514065739788354,0.0502510853179272,146.01541792351043,87.09,93.09,94.02,6.0
544,4,1,small_craft,4,50.0,0.0,25.4369,101.7477,False,0.0,0,25.0,120.34,123.45,380.08,0.02262392120536171,0.04514065739788353,0.05100270901217163,142.3523908162168,87.09,93.09,94.15,6.0
545,0,1,small_craft,4,50.0,0.3333,26.6691,106.6762,True,5879.03,620,25.0,235.68,324.74,91.02,0.022623921205361712,0.04514065739788353,0.050524842357814966,143.04622110499793,87.09,93.09,94.07,6.0
546,1,1,small_craft,4,50.0,0.3333,27.8537,111.4147,True,5942.86,674,25.0,228.36,79.84,164.45,0.02262392120536171,0.04514065739788352,0.050878947776321085,144.08594752103713,87.09,93.09,94.13,6.0
547,2,1,small_craft,4,50.0,0.3333,24.5364,98.1455,True,5909.06,582,25.0,116.54,331.06,0.0,0.02262392120536171,0.045140657397883525,0.05072948542227342,141.54781706716008,87.09,93.09,94.11,6.0
548,3,1,small_craft,4,50.0,0.3333,25.1611,100.6444,True,5833.8,628,25.0,120.33,216.24,290.15,0.022623921205361712,0.04514065739788353,0.05011200905314014,137.89977349154157,87.09,93.09,94.0,6.0
549,4,1,small_craft,4,50.0,0.3333,19.6885,78.7539,True,6168.78,478,25.0,82.03,235.33,0.0,0.022623921205361712,0.04514065739788353,0.050118441933657124,143.90593696963617,87.09,93.09,94.0,6.0
550,0,1,small_craft,4,50.0,0.6667,28.5656,114.2626,True,6003.55,1206,25.0,138.59,451.41,0.0,0.022623921205361705,0.04514065739788352,0.050522564030458704,111.433144768912,87.09,93.09,94.07,6.0
551,1,1,small_craft,4,50.0,0.6667,19.2847,77.1389,True,6199.4,950,25.0,236.56,91.05,407.77,0.02262392120536171,0.045140657397883525,0.05043614452239829,123.8444053839401,87.09,93.09,94.05,6.0
552,2,1,small_craft,4,50.0,0.6667,22.0684,88.2736,True,6014.51,1056,25.0,194.44,56.96,212.56,0.02262392120536171,0.045140657397883525,0.05029569435598939,108.19786510687952,87.09,93.09,94.03,6.0
553,3,1,small_craft,4,50.0,0.6667,28.5307,114.1229,True,6084.64,1317,25.0,61.97,130.71,427.29,0.02262392120536171,0.04514065739788353,0.05043448852396789,112.70902416555994,87.09,93.09,94.05,6.0
554,4,1,small_craft,4,50.0,0.6667,23.8251,95.3006,True,6041.15,1032,25.0,133.47,166.3,0.0,0.022623921205361712,0.04514065739788353,0.05044479909218668,116.7340651670802,87.09,93.09,94.06,6.0
555,0,1,small_craft,4,50.0,1.0,29.4733,117.8932,True,6070.1,1762,25.0,434.56,74.15,234.36,0.022623921205361712,0.04514065739788353,0.05048219285306315,72.9248309759232,87.09,93.09,94.06,6.0
556,1,1,small_craft,4,50.0,1.0,17.6564,70.6255,True,5984.86,1052,25.0,142.66,285.77,116.18,0.02262392120536171,0.04514065739788352,0.05057104708130216,72.2846981301714,87.09,93.09,94.08,6.0
557,2,1,small_craft,4,50.0,1.0,26.2051,104.8205,True,6053.95,1575,25.0,243.9,136.34,0.0,0.022623921205361712,0.045140657397883525,0.05032406750510692,71.81361845510575,87.09,93.09,94.04,6.0
558,3,1,small_craft,4,50.0,1.0,29.6279,118.5115,True,6007.94,1804,25.0,320.33,294.31,125.57,0.022623921205361712,0.04514065739788353,0.05066316675198033,53.92965631639604,87.09,93.09,94.09,6.0
559,4,1,small_craft,4,50.0,1.0,21.06,84.2398,True,5938.22,1251,25.0,146.56,427.96,171.38,0.02262392120536171,0.04514065739788352,0.050677552772199604,61.453552683165306,87.09,93.09,94.1,6.0
560,0,1,small_craft,5,0.0,0.0,27.9643,139.8216,False,0.0,0,25.0,97.67,153.77,0.0,0.022623921205361705,0.04514065739788351,0.05025152457158567,150.62128317781583,87.09,93.09,94.02,6.0
561,1,1,small_craft,5,0.0,0.0,28.6672,143.3362,False,0.0,0,25.0,52.58,200.17,259.59,0.02262392120536171,0.04514065739788352,0.050553062524017096,149.96032020331822,87.09,93.09,94.07,6.0
562,2,1,small_craft,5,0.0,0.0,15.352,76.7598,False,0.0,0,25.0,248.03,250.17,82.36,0.02262392120536171,0.04514065739788353,0.05124738679301353,149.6951313147342,87.09,93.09,94.19,6.0
563,3,1,small_craft,5,0.0,0.0,29.1356,145.6779,False,0.0,0,25.0,204.58,72.15,0.0,0.022623921205361712,0.04514065739788353,0.05030817956872358,149.5970759216598,87.09,93.09,94.03,6.0
564,4,1,small_craft,5,0.0,0.0,24.3435,121.7176,False,0.0,0,25.0,283.89,223.36,71.34,0.02262392120536171,0.04514065739788353,0.05036213112677865,149.95006319758403,87.09,93.09,94.04,6.0
565,0,1,small_craft,5,0.0,0.3333,19.8063,99.0317,True,5800.3,591,25.0,57.25,359.66,0.0,0.02262392120536171,0.04514065739788353,0.050681073510302904,148.49243694779418,87.09,93.09,94.1,6.0
566,1,1,small_craft,5,0.0,0.3333,28.5834,142.917,True,6029.11,815,25.0,363.67,111.53,0.0,0.022623921205361712,0.04514065739788353,0.05052076377091777,146.36348475112118,87.09,93.09,94.07,6.0
567,2,1,small_craft,5,0.0,0.3333,15.621,78.105,True,6141.88,453,25.0,130.07,120.0,497.96,0.02262392120536171,0.045140657397883525,0.05049882303857977,148.62756730644583,87.09,93.09,94.07,6.0
568,3,1,small_craft,5,0.0,0.3333,21.8006,109.0029,True,5898.19,682,25.0,174.33,215.19,0.0,0.02262392120536171,0.04514065739788352,0.0505253635998934,147.4181775747492,87.09,93.09,94.07,6.0
569,4,1,small_craft,5,0.0,0.3333,25.6559,128.2793,True,6127.93,794,25.0,133.43,87.71,0.0,0.02262392120536171,0.04514065739788352,0.050529739223378556,147.3590171631693,87.09,93.09,94.07,6.0
570,0,1,small_craft,5,0.0,0.6667,20.6948,103.474,True,6113.33,1127,25.0,424.41,174.9,52.42,0.02262392120536171,0.04514065739788352,0.05055735857634292,125.49270877414446,87.09,93.09,94.08,6.0
571,1,1,small_craft,5,0.0,0.6667,17.478,87.3902,True,6027.05,952,25.0,100.41,305.55,0.0,0.02262392120536171,0.04514065739788352,0.05049924854606713,125.29848824459349,87.09,93.09,94.07,6.0
572,2,1,small_craft,5,0.0,0.6667,25.649,128.245,True,6206.31,1411,25.0,362.94,139.2,0.0,0.02262392120536171,0.04514065739788352,0.05051577125554414,122.89436664856206,87.09,93.09,94.07,6.0
573,3,1,small_craft,5,0.0,0.6667,21.5296,107.6481,True,5992.49,1157,25.0,262.13,82.98,238.53,0.02262392120536171,0.045140657397883525,0.05047865874471446,123.30946223000731,87.09,93.09,94.06,6.0
574,4,1,small_craft,5,0.0,0.6667,16.8963,84.4816,True,5912.51,930,25.0,77.84,265.34,453.24,0.02262392120536171,0.04514065739788352,0.050519473079907035,110.24003861164171,87.09,93.09,94.07,6.0
575,0,1,small_craft,5,0.0,1.0,27.5759,137.8793,True,6001.92,2063,25.0,267.29,139.89,0.0,0.02262392120536171,0.04514065739788353,0.05064922966502485,56.9172127674004,87.09,93.09,94.09,6.0
576,1,1,small_craft,5,0.0,1.0,25.1218,125.609,True,6044.84,1907,25.0,183.55,137.16,0.0,0.02262392120536171,0.04514065739788353,0.050322804826222284,66.53438002916756,87.09,93.09,94.04,6.0
577,2,1,small_craft,5,0.0,1.0,21.5721,107.8605,True,6082.29,1644,25.0,315.92,56.85,0.0,0.02262392120536171,0.04514065739788352,0.05052232534763054,60.110861075908616,87.09,93.09,94.07,6.0
578,3,1,small_craft,5,0.0,1.0,21.9021,109.5105,True,6072.18,1664,25.0,107.36,344.52,0.0,0.02262392120536171,0.04514065739788352,0.050647027922478896,60.517655754717126,87.09,93.09,94.09,6.0
579,4,1,small_craft,5,0.0,1.0,15.7809,78.9044,True,6074.77,1222,25.0,318.91,140.86,0.0,0.022623921205361712,0.04514065739788353,0.050384246178158544,71.7388104527676,87.09,93.09,94.05,6.0
580,0,1,small_craft,5,50.0,0.0,17.5415,87.7075,False,0.0,0,25.0,437.4,66.37,0.0,0.02262392120536171,0.04514065739788352,0.05096699789139847,146.65395141507713,87.09,93.09,94.15,6.0
581,1,1,small_craft,5,50.0,0.0,15.9958,79.979,False,0.0,0,25.0,374.97,111.41,104.35,0.02262392120536171,0.04514065739788352,0.05097797783305019,146.64795724803326,87.09,93.09,94.15,6.0
582,2,1,small_craft,5,50.0,0.0,21.5107,107.5537,False,0.0,0,25.0,468.77,263.9,103.1,0.02262392120536171,0.04514065739788352,0.05059741646692772,146.26490033675523,87.09,93.09,94.08,6.0
583,3,1,small_craft,5,50.0,0.0,28.8787,144.3935,False,0.0,0,25.0,273.26,54.83,375.23,0.02262392120536171,0.04514065739788353,0.05085214184090856,146.75328804623206,87.09,93.09,94.13,6.0
584,4,1,small_craft,5,50.0,0.0,24.232,121.1602,False,0.0,0,25.0,200.67,58.9,0.0,0.02262392120536171,0.045140657397883525,0.0506357536880118,146.9251310329811,87.09,93.09,94.09,6.0
585,0,1,small_craft,5,50.0,0.3333,23.5127,117.5633,True,6002.23,751,25.0,191.4,113.64,0.0,0.02262392120536171,0.04514065739788353,0.05054442897281975,144.76459578328343,87.09,93.09,94.07,6.0
586,1,1,small_craft,5,50.0,0.3333,19.1977,95.9887,True,5890.7,597,25.0,120.48,117.16,0.0,0.02262392120536171,0.045140657397883525,0.050678619808785574,145.15951565660464,87.09,93.09,94.1,6.0
587,2,1,small_craft,5,50.0,0.3333,21.9596,109.7982,True,6056.24,633,25.0,451.45,176.5,115.49,0.02262392120536171,0.04514065739788353,0.05052429354397411,144.6545258530464,87.09,93.09,94.07,6.0
588,3,1,small_craft,5,50.0,0.3333,17.9181,89.5904,True,6146.31,527,25.0,282.27,133.21,415.32,0.022623921205361712,0.04514065739788353,0.0503024263274161,146.9064569607284,87.09,93.09,94.03,6.0
589,4,1,small_craft,5,50.0,0.3333,28.8571,144.2854,True,5890.94,879,25.0,237.67,67.7,0.0,0.02262392120536171,0.04514065739788353,0.0505669785945765,142.96272608516196,87.09,93.09,94.08,6.0
590,0,1,small_craft,5,50.0,0.6667,29.7774,148.887,True,5978.47,1576,25.0,76.48,299.19,359.04,0.02262392120536171,0.045140657397883525,0.05064078722443082,120.75432772827607,87.09,93.09,94.09,6.0
591,1,1,small_craft,5,50.0,0.6667,16.1707,80.8536,True,5891.23,879,25.0,148.66,398.14,128.25,0.02262392120536171,0.045140657397883525,0.050742765885546964,111.51910781448166,87.09,93.09,94.11,6.0
592,2,1,small_craft,5,50.0,0.6667,29.0586,145.2928,True,6153.21,1603,25.0,105.37,270.74,0.0,0.02262392120536171,0.04514065739788352,0.050430082420982604,98.0628745749787,87.09,93.09,94.05,6.0
593,3,1,small_craft,5,50.0,0.6667,29.8121,149.0603,True,6000.24,1621,25.0,246.55,241.14,0.0,0.022623921205361712,0.04514065739788353,0.05068783267073551,99.83611886276624,87.09,93.09,94.1,6.0
594,4,1,small_craft,5,50.0,0.6667,19.6807,98.4037,True,6107.64,1053,25.0,209.08,122.36,0.0,0.02262392120536171,0.04514065739788352,0.05058918703148344,113.79572324738068,87.09,93.09,94.08,6.0
595,0,1,small_craft,5,50.0,1.0,16.0853,80.4263,True,6020.11,1325,25.0,268.64,64.01,0.0,0.022623921205361712,0.04514065739788353,0.05059615619890354,65.16818729030881,87.09,93.09,94.08,6.0
596,1,1,small_craft,5,50.0,1.0,16.0477,80.2385,True,6086.06,1181,25.0,143.13,458.59,0.0,0.02262392120536171,0.04514065739788352,0.050520654312686195,80.69508036885117,87.09,93.09,94.07,6.0
597,2,1,small_craft,5,50.0,1.0,21.4364,107.1822,True,6064.53,1586,25.0,122.31,242.04,415.79,0.02262392120536171,0.04514065739788352,0.05045686596612953,55.7846824743288,87.09,93.09,94.06,6.0
598,3,1,small_craft,5,50.0,1.0,22.2137,111.0685,True,6056.64,1643,25.0,400.74,106.85,82.58,0.02262392120536171,0.04514065739788352,0.050431332984301275,58.60414837652872,87.09,93.09,94.05,6.0
599,4,1,small_craft,5,50.0,1.0,25.7973,128.9863,True,6005.44,1896,25.0,90.71,292.29,472.24,0.02262392120536171,0.04514065739788353,0.05026424869304721,70.50159054077463,87.09,93.09,94.03,6.0
600,0,1,fishing_vessel,3,0.0,0.0,6.8663,20.5988,False,0.0,0,25.0,95.87,400.37,0.0,0.02262392120536171,0.045140657397883525,0.05072554018512423,141.48144927642392,87.09,93.09,94.1,6.0
601,1,1,fishing_vessel,3,0.0,0.0,7.4742,22.4226,False,0.0,0,25.0,477.46,124.17,0.0,0.02262392120536171,0.04514065739788352,0.05022701787589872,141.44596687183926,87.09,93.09,94.02,6.0
602,2,1,fishing_vessel,3,0.0,0.0,4.8586,14.5758,False,0.0,0,25.0,95.81,294.38,0.0,0.02262392120536171,0.045140657397883525,0.05076057878741854,144.93943056380826,87.09,93.09,94.11,6.0
603,3,1,fishing_vessel,3,0.0,0.0,4.208,12.624,False,0.0,0,25.0,299.93,107.57,223.78,0.02262392120536171,0.045140657397883525,0.0503492095794733,143.68584684517933,87.09,93.09,94.04,6.0
604,4,1,fishing_vessel,3,0.0,0.0,4.842,14.5261,False,0.0,0,25.0,131.06,286.25,363.87,0.02262392120536171,0.045140657397883525,0.050449701118284694,144.57935432125646,87.09,93.09,94.06,6.0
605,0,1,fishing_vessel,3,0.0,0.3333,7.5164,22.5491,True,1841.66,132,25.0,112.81,142.34,204.21,0.022623921205361712,0.04514065739788353,0.05070234717663573,139.9975542717137,87.09,93.09,94.1,6.0
606,1,1,fishing_vessel,3,0.0,0.3333,7.7157,23.1472,True,1790.98,150,25.0,369.2,264.55,92.03,0.022623921205361705,0.04514065739788351,0.05022802820124102,140.93055570517618,87.09,93.09,94.02,6.0
607,2,1,fishing_vessel,3,0.0,0.3333,7.8765,23.6295,True,1928.66,139,25.0,443.78,197.98,0.0,0.02262392120536171,0.04514065739788353,0.05039805278201059,141.6846752667485,87.09,93.09,94.05,6.0
608,3,1,fishing_vessel,3,0.0,0.3333,7.113,21.3389,True,1818.84,141,25.0,245.12,135.32,117.83,0.02262392120536171,0.04514065739788352,0.050496066865407294,140.66670764042877,87.09,93.09,94.07,6.0
609,4,1,fishing_vessel,3,0.0,0.3333,5.1178,15.3534,True,1883.2,94,25.0,494.91,50.97,292.23,0.02262392120536171,0.04514065739788352,0.050123982831186596,140.71116548079033,87.09,93.09,94.0,6.0
610,0,1,fishing_vessel,3,0.0,0.6667,7.8295,23.4885,True,1833.57,261,25.0,361.26,172.14,64.11,0.02262392120536171,0.04514065739788352,0.05056627973918341,125.04997220054003,87.09,93.09,94.08,6.0
611,1,1,fishing_vessel,3,0.0,0.6667,6.1398,18.4195,True,1856.52,181,25.0,295.49,134.43,316.05,0.022623921205361712,0.04514065739788354,0.05067904219538389,132.7819939424391,87.09,93.09,94.1,6.0
612,2,1,fishing_vessel,3,0.0,0.6667,6.2335,18.7005,True,1825.85,177,25.0,113.37,218.81,467.21,0.02262392120536171,0.04514065739788352,0.05017462774554075,135.08785970443407,87.09,93.09,94.01,6.0
613,3,1,fishing_vessel,3,0.0,0.6667,7.6502,22.9505,True,1832.06,255,25.0,71.95,228.82,209.49,0.02262392120536171,0.04514065739788353,0.05036111967552991,134.54876685104477,87.09,93.09,94.04,6.0
614,4,1,fishing_vessel,3,0.0,0.6667,7.4649,22.3947,True,1815.91,234,25.0,74.95,316.34,133.66,0.02262392120536171,0.04514065739788353,0.05054849463076697,129.79420558409993,87.09,93.09,94.07,6.0
615,0,1,fishing_vessel,3,0.0,1.0,6.2082,18.6245,True,1674.73,280,25.0,378.93,214.93,0.0,0.022623921205361712,0.04514065739788353,0.050001613775573654,99.88474684878638,87.09,93.09,93.98,6.0
616,1,1,fishing_vessel,3,0.0,1.0,7.1285,21.3854,True,1774.35,324,25.0,246.31,87.38,263.25,0.022623921205361712,0.045140657397883525,0.050312450785361965,90.02360084190241,87.09,93.09,94.03,6.0
617,2,1,fishing_vessel,3,0.0,1.0,4.6288,13.8864,True,1741.76,220,25.0,233.18,146.6,0.0,0.022623921205361712,0.04514065739788353,0.05017483677991739,83.825567558773,87.09,93.09,94.01,6.0
618,3,1,fishing_vessel,3,0.0,1.0,6.1614,18.4842,True,1813.02,258,25.0,220.93,188.51,0.0,0.02262392120536171,0.04514065739788352,0.05042110581929678,113.63959196866664,87.09,93.09,94.05,6.0
619,4,1,fishing_vessel,3,0.0,1.0,4.1127,12.3382,True,1775.85,178,25.0,384.34,144.1,113.71,0.02262392120536171,0.04514065739788352,0.050878664918142434,116.09725628001395,87.09,93.09,94.13,6.0
620,0,1,fishing_vessel,3,50.0,0.0,5.5707,16.7122,False,0.0,0,25.0,66.46,364.21,0.0,0.02262392120536171,0.04514065739788353,0.05057913713015949,137.1475854668428,87.09,93.09,94.08,6.0
621,1,1,fishing_vessel,3,50.0,0.0,6.6635,19.9904,False,0.0,0,25.0,315.43,278.45,95.39,0.022623921205361712,0.04514065739788354,0.05070456510274671,139.13912349237296,87.09,93.09,94.1,6.0
622,2,1,fishing_vessel,3,50.0,0.0,4.0676,12.2027,False,0.0,0,25.0,292.79,95.11,0.0,0.02262392120536171,0.045140657397883525,0.050470210904761566,142.35023703157174,87.09,93.09,94.06,6.0
623,3,1,fishing_vessel,3,50.0,0.0,7.2839,21.8516,False,0.0,0,25.0,148.77,148.16,309.08,0.02262392120536171,0.045140657397883525,0.050821722028502464,138.6237640727864,87.09,93.09,94.12,6.0
624,4,1,fishing_vessel,3,50.0,0.0,5.165,15.4949,False,0.0,0,25.0,250.18,143.15,0.0,0.02262392120536171,0.04514065739788353,0.05070122621946102,139.33107259851806,87.09,93.09,94.1,6.0
625,0,1,fishing_vessel,3,50.0,0.3333,6.7934,20.3801,True,1770.12,130,25.0,251.48,211.86,91.71,0.022623921205361712,0.04514065739788353,0.050476307527599996,138.58078287094233,87.09,93.09,94.06,6.0
626,1,1,fishing_vessel,3,50.0,0.3333,4.606,13.8179,True,1780.84,83,25.0,237.06,494.92,97.92,0.022623921205361712,0.04514065739788353,0.05066345221996624,141.68220877079884,87.09,93.09,94.09,6.0
627,2,1,fishing_vessel,3,50.0,0.3333,6.838,20.5141,True,1955.94,111,25.0,462.4,211.87,0.0,0.02262392120536171,0.04514065739788353,0.05030321238515038,138.468303336676,87.09,93.09,94.03,6.0
628,3,1,fishing_vessel,3,50.0,0.3333,6.4488,19.3463,True,1825.98,120,25.0,354.31,131.03,0.0,0.02262392120536171,0.04514065739788352,0.05094144937213703,138.6375274509252,87.09,93.09,94.14,6.0
629,4,1,fishing_vessel,3,50.0,0.3333,5.2951,15.8854,True,1832.42,81,25.0,222.08,53.68,0.0,0.02262392120536171,0.045140657397883525,0.05043342807725423,138.80597344846163,87.09,93.09,94.05,6.0
630,0,1,fishing_vessel,3,50.0,0.6667,4.0335,12.1006,True,1786.22,124,25.0,235.33,147.44,419.56,0.022623921205361712,0.04514065739788354,0.05034477093220301,138.3104314100208,87.09,93.09,94.04,6.0
631,1,1,fishing_vessel,3,50.0,0.6667,4.8207,14.4621,True,1891.15,155,25.0,299.33,141.99,344.51,0.02262392120536171,0.04514065739788353,0.05059896508637953,140.24722200118262,87.09,93.09,94.08,6.0
632,2,1,fishing_vessel,3,50.0,0.6667,7.0517,21.1552,True,1847.32,249,25.0,252.69,103.21,243.53,0.02262392120536171,0.04514065739788353,0.050346404222763846,130.89236678189724,87.09,93.09,94.04,6.0
633,3,1,fishing_vessel,3,50.0,0.6667,6.3224,18.9672,True,1825.26,193,25.0,208.78,141.57,0.0,0.02262392120536171,0.04514065739788352,0.05065270266472102,125.9588717502727,87.09,93.09,94.09,6.0
634,4,1,fishing_vessel,3,50.0,0.6667,7.1852,21.5555,True,1850.82,223,25.0,269.56,180.41,0.0,0.02262392120536171,0.04514065739788352,0.05066076360246471,132.9523068319934,87.09,93.09,94.09,6.0
635,0,1,fishing_vessel,3,50.0,1.0,5.4355,16.3064,True,1883.09,225,25.0,366.7,243.45,122.24,0.02262392120536171,0.04514065739788353,0.05015872071850546,100.68992157614512,87.09,93.09,94.01,6.0
636,1,1,fishing_vessel,3,50.0,1.0,5.4792,16.4375,True,1854.85,257,25.0,184.07,352.41,0.0,0.02262392120536171,0.04514065739788352,0.05042568627848466,95.49180103132073,87.09,93.09,94.05,6.0
637,2,1,fishing_vessel,3,50.0,1.0,6.7493,20.248,True,1794.5,292,25.0,353.37,264.81,62.2,0.02262392120536171,0.04514065739788352,0.05041404832048496,101.74926107087853,87.09,93.09,94.05,6.0
638,3,1,fishing_vessel,3,50.0,1.0,5.3796,16.1387,True,1835.72,233,25.0,128.56,128.16,492.95,0.02262392120536171,0.045140657397883525,0.05063980825783856,99.0345901615315,87.09,93.09,94.09,6.0
639,4,1,fishing_vessel,3,50.0,1.0,6.3463,19.0388,True,1791.63,313,25.0,269.51,143.62,0.0,0.022623921205361712,0.04514065739788353,0.05060989640509315,96.74786923595298,87.09,93.09,94.08,6.0
640,0,1,fishing_vessel,4,0.0,0.0,6.2839,25.1355,False,0.0,0,25.0,54.29,376.08,0.0,0.02262392120536171,0.045140657397883525,0.050789393591620664,139.39298212249122,87.09,93.09,94.12,6.0
641,1,1,fishing_vessel,4,0.0,0.0,5.0067,20.0269,False,0.0,0,25.0,132.07,298.14,0.0,0.02262392120536171,0.04514065739788353,0.05042594839787146,142.888191237444,87.09,93.09,94.05,6.0
642,2,1,fishing_vessel,4,0.0,0.0,4.2857,17.1428,False,0.0,0,25.0,260.48,63.32,0.0,0.02262392120536171,0.04514065739788353,0.050296917041264426,147.21887661116537,87.09,93.09,94.03,6.0
643,3,1,fishing_vessel,4,0.0,0.0,5.1835,20.7339,False,0.0,0,25.0,224.18,467.13,77.4,0.022623921205361712,0.04514065739788353,0.05063623715129948,143.5942483023811,87.09,93.09,94.09,6.0
644,4,1,fishing_vessel,4,0.0,0.0,5.2408,20.9632,False,0.0,0,25.0,196.43,67.07,0.0,0.02262392120536171,0.04514065739788352,0.050177564021437845,143.12754965340366,87.09,93.09,94.01,6.0
645,0,1,fishing_vessel,4,0.0,0.3333,7.9743,31.8973,True,1865.24,179,25.0,410.68,246.77,126.42,0.02262392120536171,0.045140657397883525,0.050339991739509635,142.82199256405764,87.09,93.09,94.04,6.0
646,1,1,fishing_vessel,4,0.0,0.3333,5.2265,20.9059,True,1776.0,144,25.0,463.77,206.41,74.64,0.022623921205361712,0.04514065739788353,0.05028978478092172,142.56942006181472,87.09,93.09,94.03,6.0
647,2,1,fishing_vessel,4,0.0,0.3333,7.9996,31.9983,True,1855.74,168,25.0,417.38,142.35,193.39,0.022623921205361712,0.04514065739788353,0.05047124176046002,143.03979131063772,87.09,93.09,94.06,6.0
648,3,1,fishing_vessel,4,0.0,0.3333,7.2732,29.0927,True,1913.36,173,25.0,108.0,107.88,218.75,0.02262392120536171,0.04514065739788353,0.05042890188176277,142.14086930613993,87.09,93.09,94.05,6.0
649,4,1,fishing_vessel,4,0.0,0.3333,7.3703,29.4812,True,1697.66,159,25.0,169.0,324.41,0.0,0.02262392120536171,0.04514065739788353,0.050500223123383335,142.26577169927054,87.09,93.09,94.07,6.0
650,0,1,fishing_vessel,4,0.0,0.6667,6.1113,24.4452,True,1767.67,289,25.0,147.57,495.11,265.05,0.02262392120536171,0.04514065739788353,0.05074122042096071,133.72254315675164,87.09,93.09,94.11,6.0
651,1,1,fishing_vessel,4,0.0,0.6667,5.2301,20.9204,True,1844.86,234,25.0,215.68,55.45,326.13,0.02262392120536171,0.045140657397883525,0.05001394401953647,135.4878232090519,87.09,93.09,93.98,6.0
652,2,1,fishing_vessel,4,0.0,0.6667,6.3488,25.3953,True,1791.42,308,25.0,356.71,81.36,0.0,0.02262392120536171,0.04514065739788353,0.05036752078239834,123.24982362529795,87.09,93.09,94.04,6.0
653,3,1,fishing_vessel,4,0.0,0.6667,6.6583,26.6333,True,1833.14,308,25.0,242.55,174.62,136.01,0.02262392120536171,0.04514065739788352,0.0504609525532195,134.12146458820766,87.09,93.09,94.06,6.0
654,4,1,fishing_vessel,4,0.0,0.6667,5.8376,23.3503,True,1787.67,285,25.0,414.69,273.64,79.12,0.022623921205361712,0.04514065739788353,0.05056638042501003,132.9538277070697,87.09,93.09,94.08,6.0
655,0,1,fishing_vessel,4,0.0,1.0,7.4842,29.9369,True,1809.93,458,25.0,251.1,368.97,78.94,0.02262392120536171,0.04514065739788353,0.05065598539332545,95.19784935688331,87.09,93.09,94.09,6.0
656,1,1,fishing_vessel,4,0.0,1.0,6.691,26.7641,True,1850.92,395,25.0,421.7,131.07,0.0,0.022623921205361712,0.04514065739788353,0.05060577776754416,106.29566667273647,87.09,93.09,94.08,6.0
657,2,1,fishing_vessel,4,0.0,1.0,7.807,31.2279,True,1825.34,514,25.0,107.71,216.19,179.54,0.022623921205361712,0.04514065739788353,0.05056907793240299,95.63483417504939,87.09,93.09,94.08,6.0
658,3,1,fishing_vessel,4,0.0,1.0,4.4549,17.8197,True,1797.57,274,25.0,290.05,98.04,0.0,0.022623921205361712,0.045140657397883525,0.050543100517125614,126.20141517520672,87.09,93.09,94.07,6.0
659,4,1,fishing_vessel,4,0.0,1.0,7.9034,31.6135,True,1741.88,477,25.0,201.83,361.07,124.9,0.02262392120536171,0.04514065739788352,0.050889657813824374,72.09532357341484,87.09,93.09,94.13,6.0
660,0,1,fishing_vessel,4,50.0,0.0,4.0509,16.2038,False,0.0,0,25.0,261.03,116.04,273.61,0.02262392120536171,0.04514065739788353,0.05072600174644994,144.38761846686933,87.09,93.09,94.1,6.0
661,1,1,fishing_vessel,4,50.0,0.0,6.6407,26.5626,False,0.0,0,25.0,242.86,78.15,0.0,0.02262392120536171,0.045140657397883525,0.050540527576536286,140.6671751237676,87.09,93.09,94.07,6.0
662,2,1,fishing_vessel,4,50.0,0.0,6.4224,25.6895,False,0.0,0,25.0,55.99,347.63,178.61,0.02262392120536171,0.04514065739788352,0.05054749463807267,141.02580328899697,87.09,93.09,94.07,6.0
663,3,1,fishing_vessel,4,50.0,0.0,5.6305,22.522,False,0.0,0,25.0,188.78,249.53,0.0,0.02262392120536171,0.04514065739788353,0.05014089336953821,141.00927148714933,87.09,93.09,94.0,6.0
664,4,1,fishing_vessel,4,50.0,0.0,6.7755,27.1022,False,0.0,0,25.0,410.91,75.18,121.27,0.02262392120536171,0.04514065739788353,0.050458925577723295,139.9100229086496,87.09,93.09,94.06,6.0
665,0,1,fishing_vessel,4,50.0,0.3333,5.6034,22.4136,True,1847.21,104,25.0,147.82,219.64,0.0,0.022623921205361712,0.04514065739788353,0.05050382238521594,140.6372339485308,87.09,93.09,94.07,6.0
666,1,1,fishing_vessel,4,50.0,0.3333,7.0619,28.2477,True,1849.31,182,25.0,93.56,239.86,344.73,0.022623921205361705,0.04514065739788352,0.05014498743555237,139.62947150903378,87.09,93.09,94.0,6.0
667,2,1,fishing_vessel,4,50.0,0.3333,4.1773,16.7092,True,1796.09,100,25.0,338.65,241.25,0.0,0.02262392120536171,0.045140657397883525,0.05042149324032263,142.11670923715963,87.09,93.09,94.05,6.0
668,3,1,fishing_vessel,4,50.0,0.3333,6.1133,24.4533,True,1825.0,162,25.0,288.16,275.66,0.0,0.02262392120536171,0.04514065739788352,0.05040292754855457,140.898197411106,87.09,93.09,94.05,6.0
669,4,1,fishing_vessel,4,50.0,0.3333,5.7103,22.8413,True,1825.63,165,25.0,309.68,74.65,275.55,0.02262392120536171,0.04514065739788353,0.05069191158585191,139.99113066096274,87.09,93.09,94.1,6.0
670,0,1,fishing_vessel,4,50.0,0.6667,5.7977,23.1909,True,1785.44,277,25.0,363.63,209.76,103.43,0.02262392120536171,0.045140657397883525,0.05049650989172164,121.0258194054304,87.09,93.09,94.07,6.0
671,1,1,fishing_vessel,4,50.0,0.6667,6.0674,24.2696,True,1857.36,262,25.0,295.81,314.33,0.0,0.02262392120536171,0.04514065739788353,0.049952068361280064,123.8393258869433,87.09,93.09,93.97,6.0
672,2,1,fishing_vessel,4,50.0,0.6667,6.8018,27.2074,True,1878.13,307,25.0,408.04,63.07,295.66,0.022623921205361705,0.04514065739788352,0.05039218656227264,129.3494408007423,87.09,93.09,94.05,6.0
673,3,1,fishing_vessel,4,50.0,0.6667,5.8231,23.2923,True,1863.74,245,25.0,256.63,422.22,0.0,0.02262392120536171,0.04514065739788352,0.05027031228023664,131.46452998762427,87.09,93.09,94.03,6.0
674,4,1,fishing_vessel,4,50.0,0.6667,6.6771,26.7085,True,1823.46,288,25.0,321.3,104.21,130.91,0.02262392120536171,0.04514065739788352,0.05080726617067986,130.47091208743151,87.09,93.09,94.12,6.0
675,0,1,fishing_vessel,4,50.0,1.0,4.5885,18.354,True,1879.19,275,25.0,390.47,70.57,298.78,0.02262392120536171,0.04514065739788353,0.0504086724067313,113.93706235246616,87.09,93.09,94.05,6.0
676,1,1,fishing_vessel,4,50.0,1.0,7.3628,29.4513,True,1840.38,481,25.0,103.07,378.3,0.0,0.022623921205361712,0.04514065739788353,0.05042738556311852,92.3023435019147,87.09,93.09,94.05,6.0
677,2,1,fishing_vessel,4,50.0,1.0,7.652,30.6078,True,1814.08,456,25.0,120.3,261.9,74.62,0.02262392120536171,0.04514065739788353,0.050573553529172116,105.03375594357509,87.09,93.09,94.08,6.0
678,3,1,fishing_vessel,4,50.0,1.0,5.9116,23.6463,True,1778.87,341,25.0,106.96,238.78,0.0,0.022623921205361712,0.04514065739788353,0.04968223083156396,103.58707048164692,87.09,93.09,93.92,6.0
679,4,1,fishing_vessel,4,50.0,1.0,6.9917,27.9668,True,1769.27,424,25.0,171.16,133.1,0.0,0.02262392120536171,0.04514065739788352,0.05062474588266511,87.12931016428574,87.09,93.09,94.09,6.0
680,0,1,fishing_vessel,5,0.0,0.0,5.9269,29.6345,False,0.0,0,25.0,72.11,209.66,0.0,0.02262392120536171,0.04514065739788353,0.05053655846637281,144.84901414291807,87.09,93.09,94.07,6.0
681,1,1,fishing_vessel,5,0.0,0.0,5.6249,28.1246,False,0.0,0,25.0,156.48,148.86,0.0,0.02262392120536171,0.04514065739788352,0.05046876965826872,143.7613227849531,87.09,93.09,94.06,6.0
682,2,1,fishing_vessel,5,0.0,0.0,5.1057,25.5284,False,0.0,0,25.0,379.26,225.13,0.0,0.02262392120536171,0.045140657397883525,0.05018471974071914,144.80715232373404,87.09,93.09,94.01,6.0
683,3,1,fishing_vessel,5,0.0,0.0,4.2252,21.126,False,0.0,0,25.0,284.03,146.55,0.0,0.02262392120536171,0.04514065739788352,0.05108766451130212,146.94047842593773,87.09,93.09,94.17,6.0
684,4,1,fishing_vessel,5,0.0,0.0,5.7223,28.6117,False,0.0,0,25.0,86.9,248.07,111.94,0.022623921205361712,0.04514065739788354,0.049934548459283114,144.67007693284592,87.09,93.09,93.97,6.0
685,0,1,fishing_vessel,5,0.0,0.3333,5.1422,25.7111,True,1836.83,175,25.0,83.15,264.93,0.0,0.02262392120536171,0.04514065739788352,0.050450973825029145,143.0897824633208,87.09,93.09,94.06,6.0
686,1,1,fishing_vessel,5,0.0,0.3333,7.7841,38.9205,True,1834.45,250,25.0,233.3,217.61,0.0,0.02262392120536171,0.045140657397883525,0.050556472774913305,143.26904700161163,87.09,93.09,94.08,6.0
687,2,1,fishing_vessel,5,0.0,0.3333,5.9963,29.9815,True,1817.01,165,25.0,356.12,117.06,0.0,0.02262392120536171,0.04514065739788352,0.050556899653054065,143.97235542977117,87.09,93.09,94.08,6.0
688,3,1,fishing_vessel,5,0.0,0.3333,4.1963,20.9815,True,1716.44,142,25.0,65.92,433.94,0.0,0.02262392120536171,0.04514065739788353,0.050764432731510954,146.44708712582087,87.09,93.09,94.11,6.0
689,4,1,fishing_vessel,5,0.0,0.3333,5.1049,25.5243,True,1762.43,166,25.0,104.61,471.54,0.0,0.022623921205361712,0.04514065739788353,0.05021585520887766,143.58359317084572,87.09,93.09,94.02,6.0
690,0,1,fishing_vessel,5,0.0,0.6667,4.3638,21.8191,True,1796.59,224,25.0,358.16,234.37,0.0,0.02262392120536171,0.04514065739788352,0.05100517612620656,135.16671093509055,87.09,93.09,94.15,6.0
691,1,1,fishing_vessel,5,0.0,0.6667,5.9685,29.8425,True,1858.27,336,25.0,207.58,245.86,0.0,0.02262392120536171,0.04514065739788352,0.05060567825384104,135.91607151381217,87.09,93.09,94.08,6.0
692,2,1,fishing_vessel,5,0.0,0.6667,4.1069,20.5345,True,1811.07,218,25.0,95.93,167.94,0.0,0.02262392120536171,0.045140657397883525,0.050613398563096997,135.55442707315353,87.09,93.09,94.09,6.0
693,3,1,fishing_vessel,5,0.0,0.6667,4.8824,24.4122,True,1743.0,287,25.0,97.07,316.51,279.19,0.02262392120536171,0.04514065739788353,0.050388851012982606,138.83823022315397,87.09,93.09,94.05,6.0
694,4,1,fishing_vessel,5,0.0,0.6667,5.7166,28.5828,True,1795.87,304,25.0,210.92,308.17,80.42,0.02262392120536171,0.045140657397883525,0.05028718132457012,130.74163650495507,87.09,93.09,94.03,6.0
695,0,1,fishing_vessel,5,0.0,1.0,7.526,37.6299,True,1854.0,573,25.0,137.95,191.28,0.0,0.02262392120536171,0.04514065739788352,0.05057769150832541,73.59003909202434,87.09,93.09,94.08,6.0
696,1,1,fishing_vessel,5,0.0,1.0,7.2321,36.1607,True,1795.58,565,25.0,133.23,434.54,0.0,0.022623921205361712,0.04514065739788353,0.04983947050260661,101.5465601743473,87.09,93.09,93.95,6.0
697,2,1,fishing_vessel,5,0.0,1.0,5.041,25.2052,True,1878.71,402,25.0,319.2,178.51,0.0,0.02262392120536171,0.04514065739788352,0.05070207803171136,87.0772277610301,87.09,93.09,94.1,6.0
698,3,1,fishing_vessel,5,0.0,1.0,4.9972,24.986,True,1777.28,380,25.0,406.22,83.52,0.0,0.02262392120536171,0.04514065739788353,0.050863944059331756,99.66984957470574,87.09,93.09,94.13,6.0
699,4,1,fishing_vessel,5,0.0,1.0,5.1721,25.8607,True,1813.15,381,25.0,79.0,229.42,0.0,0.02262392120536171,0.045140657397883525,0.05047359827028246,100.25590185549147,87.09,93.09,94.06,6.0
700,0,1,fishing_vessel,5,50.0,0.0,5.7853,28.9263,False,0.0,0,25.0,269.82,380.91,107.82,0.022623921205361712,0.04514065739788353,0.05045598222952969,141.32027271484813,87.09,93.09,94.06,6.0
701,1,1,fishing_vessel,5,50.0,0.0,5.9927,29.9633,False,0.0,0,25.0,79.82,276.39,143.31,0.022623921205361712,0.04514065739788353,0.05040333943300833,141.54401066998162,87.09,93.09,94.05,6.0
702,2,1,fishing_vessel,5,50.0,0.0,6.7818,33.909,False,0.0,0,25.0,122.63,298.67,0.0,0.02262392120536171,0.04514065739788352,0.05049243162242143,142.20854340203496,87.09,93.09,94.06,6.0
703,3,1,fishing_vessel,5,50.0,0.0,6.8425,34.2125,False,0.0,0,25.0,292.36,94.3,250.94,0.02262392120536171,0.045140657397883525,0.050324751398015996,140.46609365449433,87.09,93.09,94.04,6.0
704,4,1,fishing_vessel,5,50.0,0.0,5.9795,29.8975,False,0.0,0,25.0,141.79,236.96,0.0,0.02262392120536171,0.045140657397883525,0.05061144003474687,142.07836682700153,87.09,93.09,94.08,6.0
705,0,1,fishing_vessel,5,50.0,0.3333,6.8491,34.2453,True,1824.46,202,25.0,82.92,233.79,340.41,0.02262392120536171,0.04514065739788353,0.05044473479982629,141.07807624760503,87.09,93.09,94.06,6.0
706,1,1,fishing_vessel,5,50.0,0.3333,4.8062,24.0309,True,1821.92,165,25.0,199.52,76.59,0.0,0.022623921205361712,0.04514065739788353,0.05066972963196838,144.258833656783,87.09,93.09,94.09,6.0
707,2,1,fishing_vessel,5,50.0,0.3333,7.0158,35.0792,True,1949.04,194,25.0,84.96,497.78,216.84,0.022623921205361712,0.04514065739788353,0.050141200781791406,140.8154509412385,87.09,93.09,94.0,6.0
708,3,1,fishing_vessel,5,50.0,0.3333,5.6227,28.1134,True,1802.79,176,25.0,97.37,489.61,0.0,0.02262392120536171,0.04514065739788352,0.05053803970121773,140.3160424914674,87.09,93.09,94.07,6.0
709,4,1,fishing_vessel,5,50.0,0.3333,7.581,37.9048,True,1860.3,202,25.0,144.84,50.65,231.33,0.02262392120536171,0.04514065739788353,0.05054778902006257,141.487187439934,87.09,93.09,94.07,6.0
710,0,1,fishing_vessel,5,50.0,0.6667,4.1586,20.7932,True,1849.59,272,25.0,73.92,256.01,280.05,0.02262392120536171,0.04514065739788353,0.050135605590229226,133.25218725224175,87.09,93.09,94.0,6.0
711,1,1,fishing_vessel,5,50.0,0.6667,6.5668,32.8338,True,1792.84,355,25.0,81.44,405.56,122.21,0.02262392120536171,0.04514065739788353,0.050415633727915195,124.6598968170794,87.09,93.09,94.05,6.0
712,2,1,fishing_vessel,5,50.0,0.6667,6.2427,31.2134,True,1811.68,348,25.0,107.24,91.26,296.94,0.02262392120536171,0.04514065739788352,0.05040134225652361,124.41327530501796,87.09,93.09,94.05,6.0
713,3,1,fishing_vessel,5,50.0,0.6667,7.7053,38.5267,True,1834.8,397,25.0,64.45,458.95,0.0,0.02262392120536171,0.04514065739788352,0.05059355128729371,127.50010784289562,87.09,93.09,94.08,6.0
714,4,1,fishing_vessel,5,50.0,0.6667,7.2773,36.3863,True,1758.85,389,25.0,298.07,138.64,245.35,0.022623921205361712,0.04514065739788353,0.0505625983291782,122.7621631622944,87.09,93.09,94.08,6.0
715,0,1,fishing_vessel,5,50.0,1.0,4.9338,24.6689,True,1840.85,381,25.0,214.91,96.99,370.03,0.02262392120536171,0.04514065739788353,0.05062578923571934,87.87318983831604,87.09,93.09,94.09,6.0
716,1,1,fishing_vessel,5,50.0,1.0,6.8491,34.2455,True,1845.63,537,25.0,308.99,186.19,120.94,0.022623921205361712,0.04514065739788353,0.05083064279261964,96.00476526974604,87.09,93.09,94.12,6.0
717,2,1,fishing_vessel,5,50.0,1.0,7.8197,39.0985,True,1776.0,598,25.0,108.91,490.43,0.0,0.02262392120536171,0.04514065739788352,0.050311449563493635,88.82666266463264,87.09,93.09,94.03,6.0
718,3,1,fishing_vessel,5,50.0,1.0,6.7902,33.9512,True,1794.72,534,25.0,222.28,146.22,435.31,0.022623921205361712,0.04514065739788353,0.05069608763472372,73.50382962902094,87.09,93.09,94.1,6.0
719,4,1,fishing_vessel,5,50.0,1.0,5.8746,29.373,True,1774.21,417,25.0,115.26,161.57,217.13,0.02262392120536171,0.04514065739788352,0.050472129591668184,81.6073727678187,87.09,93.09,94.06,6.0
720,0,1,cargo_ship,3,0.0,0.0,2.3323,6.997,False,0.0,0,25.0,496.68,213.7,146.33,0.02262392120536171,0.04514065739788352,0.05086864084601249,143.36909903764797,87.09,93.09,94.13,6.0
721,1,1,cargo_ship,3,0.0,0.0,2.4734,7.4201,False,0.0,0,25.0,277.67,78.46,318.76,0.022623921205361712,0.04514065739788353,0.050806417578216564,142.87531719834666,87.09,93.09,94.12,6.0
722,2,1,cargo_ship,3,0.0,0.0,2.4958,7.4875,False,0.0,0,25.0,217.67,149.8,0.0,0.02262392120536171,0.04514065739788353,0.050125583835187566,144.3727682529853,87.09,93.09,94.0,6.0
723,3,1,cargo_ship,3,0.0,0.0,2.0054,6.0162,False,0.0,0,25.0,74.35,261.2,0.0,0.02262392120536171,0.045140657397883525,0.050381475442849134,144.29855399854134,87.09,93.09,94.05,6.0
724,4,1,cargo_ship,3,0.0,0.0,1.6946,5.0837,False,0.0,0,25.0,141.1,308.74,206.94,0.02262392120536171,0.045140657397883525,0.05058515099728169,143.65795677371665,87.09,93.09,94.08,6.0
725,0,1,cargo_ship,3,0.0,0.3333,1.8992,5.6977,True,737.72,44,25.0,139.69,488.78,0.0,0.02262392120536171,0.04514065739788352,0.050324644458394074,144.53923338542222,87.09,93.09,94.04,6.0
726,1,1,cargo_ship,3,0.0,0.3333,2.3584,7.0753,True,696.48,40,25.0,133.01,277.98,0.0,0.02262392120536171,0.04514065739788353,0.0503185591466897,144.27590793405074,87.09,93.09,94.03,6.0
727,2,1,cargo_ship,3,0.0,0.3333,1.7653,5.2958,True,631.19,37,25.0,227.31,489.91,0.0,0.02262392120536171,0.045140657397883525,0.05045308330057988,145.25364788915954,87.09,93.09,94.06,6.0
728,3,1,cargo_ship,3,0.0,0.3333,1.9659,5.8976,True,650.01,35,25.0,135.64,268.78,139.04,0.02262392120536171,0.04514065739788352,0.05049622270642815,144.2212111970497,87.09,93.09,94.07,6.0
729,4,1,cargo_ship,3,0.0,0.3333,1.9641,5.8924,True,780.3,32,25.0,276.93,144.64,0.0,0.022623921205361705,0.04514065739788352,0.050607605629881314,144.07303416586166,87.09,93.09,94.08,6.0
730,0,1,cargo_ship,3,0.0,0.6667,2.0842,6.2526,True,728.6,72,25.0,68.01,416.73,112.53,0.02262392120536171,0.04514065739788352,0.050238193517789576,137.60186263869102,87.09,93.09,94.02,6.0
731,1,1,cargo_ship,3,0.0,0.6667,1.5291,4.5872,True,716.39,45,25.0,80.97,231.59,0.0,0.022623921205361712,0.04514065739788353,0.05086831628714853,146.53293367782285,87.09,93.09,94.13,6.0
732,2,1,cargo_ship,3,0.0,0.6667,2.2632,6.7895,True,678.41,68,25.0,82.72,160.41,0.0,0.02262392120536171,0.04514065739788353,0.05005838088201,142.4380219917094,87.09,93.09,93.99,6.0
733,3,1,cargo_ship,3,0.0,0.6667,1.5264,4.5793,True,738.56,48,25.0,409.01,137.0,0.0,0.02262392120536171,0.04514065739788353,0.05043078742112973,145.11906076451766,87.09,93.09,94.05,6.0
734,4,1,cargo_ship,3,0.0,0.6667,1.7127,5.1382,True,739.15,62,25.0,96.12,254.41,0.0,0.02262392120536171,0.04514065739788352,0.050525381761240364,142.30947719329046,87.09,93.09,94.07,6.0
735,0,1,cargo_ship,3,0.0,1.0,1.7137,5.1412,True,817.01,52,25.0,282.5,65.18,248.01,0.022623921205361712,0.04514065739788353,0.050626509032358644,140.25104142441452,87.09,93.09,94.09,6.0
736,1,1,cargo_ship,3,0.0,1.0,1.8996,5.6989,True,697.67,80,25.0,132.57,142.78,450.8,0.02262392120536171,0.04514065739788353,0.050325470384595325,134.99703579784557,87.09,93.09,94.04,6.0
737,2,1,cargo_ship,3,0.0,1.0,2.2154,6.6461,True,747.27,107,25.0,230.76,147.79,84.55,0.02262392120536171,0.04514065739788352,0.05019982009684661,124.75588529967902,87.09,93.09,94.01,6.0
738,3,1,cargo_ship,3,0.0,1.0,2.1989,6.5966,True,687.48,80,25.0,120.62,362.47,0.0,0.02262392120536171,0.04514065739788353,0.050731812107873274,129.10440778858214,87.09,93.09,94.11,6.0
739,4,1,cargo_ship,3,0.0,1.0,2.3682,7.1046,True,707.14,111,25.0,147.74,233.22,457.72,0.022623921205361712,0.04514065739788353,0.050410197422912605,131.20653903684186,87.09,93.09,94.05,6.0
740,0,1,cargo_ship,3,50.0,0.0,1.6176,4.8529,False,0.0,0,25.0,149.29,275.58,0.0,0.02262392120536171,0.04514065739788352,0.05057964697453806,143.6192314888689,87.09,93.09,94.08,6.0
741,1,1,cargo_ship,3,50.0,0.0,2.4361,7.3084,False,0.0,0,25.0,121.02,85.09,219.2,0.02262392120536171,0.045140657397883525,0.05068857132036349,140.77481737632846,87.09,93.09,94.1,6.0
742,2,1,cargo_ship,3,50.0,0.0,1.7871,5.3614,False,0.0,0,25.0,128.75,232.65,425.86,0.02262392120536171,0.04514065739788352,0.05006484805899007,141.29649238460692,87.09,93.09,93.99,6.0
743,3,1,cargo_ship,3,50.0,0.0,2.3325,6.9976,False,0.0,0,25.0,281.1,243.53,0.0,0.02262392120536171,0.045140657397883525,0.05016340993580705,141.29525156158581,87.09,93.09,94.01,6.0
744,4,1,cargo_ship,3,50.0,0.0,2.3638,7.0915,False,0.0,0,25.0,121.61,320.39,0.0,0.022623921205361712,0.04514065739788353,0.050622958491547715,141.0161189555252,87.09,93.09,94.09,6.0
745,0,1,cargo_ship,3,50.0,0.3333,1.9363,5.8088,True,741.69,39,25.0,127.22,103.62,0.0,0.022623921205361712,0.04514065739788353,0.05065640073173565,142.00445820777492,87.09,93.09,94.09,6.0
746,1,1,cargo_ship,3,50.0,0.3333,1.6927,5.078,True,683.98,34,25.0,180.78,304.26,113.55,0.02262392120536171,0.04514065739788352,0.05090656989442974,141.31551545771165,87.09,93.09,94.14,6.0
747,2,1,cargo_ship,3,50.0,0.3333,1.6683,5.005,True,751.52,36,25.0,130.9,465.45,140.04,0.022623921205361712,0.04514065739788353,0.05071562186102286,140.9965007711137,87.09,93.09,94.1,6.0
748,3,1,cargo_ship,3,50.0,0.3333,2.3668,7.1005,True,730.78,41,25.0,348.03,120.1,123.66,0.02262392120536171,0.04514065739788353,0.05030333680635079,141.44668383699562,87.09,93.09,94.03,6.0
749,4,1,cargo_ship,3,50.0,0.3333,2.4748,7.4244,True,693.75,37,25.0,287.85,110.4,0.0,0.022623921205361712,0.04514065739788353,0.050780647592637736,141.0332278705825,87.09,93.09,94.11,6.0
750,0,1,cargo_ship,3,50.0,0.6667,2.1601,6.4803,True,781.95,66,25.0,121.44,111.52,494.47,0.022623921205361712,0.04514065739788352,0.05010538033733249,138.63635349408753,87.09,93.09,94.0,6.0
751,1,1,cargo_ship,3,50.0,0.6667,1.8385,5.5156,True,713.03,61,25.0,149.27,281.5,0.0,0.02262392120536171,0.045140657397883525,0.05042276823862431,139.16889712597694,87.09,93.09,94.05,6.0
752,2,1,cargo_ship,3,50.0,0.6667,2.0725,6.2175,True,695.12,63,25.0,77.61,369.07,267.41,0.02262392120536171,0.04514065739788352,0.05088823408762854,137.0244380120204,87.09,93.09,94.13,6.0
753,3,1,cargo_ship,3,50.0,0.6667,1.6964,5.0892,True,775.67,56,25.0,293.11,488.93,53.9,0.02262392120536171,0.045140657397883525,0.0505113305447311,139.55240633746402,87.09,93.09,94.07,6.0
754,4,1,cargo_ship,3,50.0,0.6667,2.3171,6.9512,True,755.43,73,25.0,175.64,135.78,282.54,0.02262392120536171,0.045140657397883525,0.05076923719800439,139.30327944983088,87.09,93.09,94.11,6.0
755,0,1,cargo_ship,3,50.0,1.0,2.2753,6.826,True,784.2,106,25.0,92.98,363.49,127.53,0.02262392120536171,0.045140657397883525,0.050472855954898484,126.82145577444251,87.09,93.09,94.06,6.0
756,1,1,cargo_ship,3,50.0,1.0,2.1643,6.493,True,711.93,76,25.0,296.1,95.12,0.0,0.02262392120536171,0.04514065739788353,0.050251331967031625,132.15866814429293,87.09,93.09,94.02,6.0
757,2,1,cargo_ship,3,50.0,1.0,2.3099,6.9298,True,705.49,91,25.0,84.04,230.3,0.0,0.022623921205361712,0.04514065739788353,0.05082538671614103,130.01163363275273,87.09,93.09,94.12,6.0
758,3,1,cargo_ship,3,50.0,1.0,1.7701,5.3104,True,718.74,58,25.0,120.08,242.3,0.0,0.02262392120536171,0.04514065739788353,0.05066093850589712,134.58606928090956,87.09,93.09,94.09,6.0
759,4,1,cargo_ship,3,50.0,1.0,1.8421,5.5263,True,739.71,83,25.0,150.25,490.42,0.0,0.02262392120536171,0.04514065739788352,0.05047055964432983,128.07192994304054,87.09,93.09,94.06,6.0
760,0,1,cargo_ship,4,0.0,0.0,1.9697,7.879,False,0.0,0,25.0,137.96,482.93,268.67,0.022623921205361712,0.04514065739788353,0.05031242662362455,145.5388230747114,87.09,93.09,94.03,6.0
761,1,1,cargo_ship,4,0.0,0.0,1.9424,7.7695,False,0.0,0,25.0,124.67,294.13,0.0,0.02262392120536171,0.04514065739788353,0.0505607170467466,145.3066321722619,87.09,93.09,94.08,6.0
762,2,1,cargo_ship,4,0.0,0.0,2.1104,8.4415,False,0.0,0,25.0,398.61,127.2,0.0,0.022623921205361712,0.04514065739788353,0.05078301691532089,143.75520822430704,87.09,93.09,94.11,6.0
763,3,1,cargo_ship,4,0.0,0.0,1.6679,6.6717,False,0.0,0,25.0,68.36,299.94,0.0,0.02262392120536171,0.04514065739788352,0.050766779876542066,145.6403000421257,87.09,93.09,94.11,6.0
764,4,1,cargo_ship,4,0.0,0.0,1.867,7.468,False,0.0,0,25.0,421.43,87.91,0.0,0.022623921205361712,0.04514065739788353,0.05050059197683292,145.61975450133357,87.09,93.09,94.07,6.0
765,0,1,cargo_ship,4,0.0,0.3333,1.6462,6.5849,True,701.88,34,25.0,284.86,127.01,0.0,0.02262392120536171,0.045140657397883525,0.05054606242324468,145.72799848538523,87.09,93.09,94.07,6.0
766,1,1,cargo_ship,4,0.0,0.3333,1.938,7.7521,True,695.55,56,25.0,99.77,166.58,240.31,0.022623921205361712,0.04514065739788354,0.04980141006298531,144.65230088891153,87.09,93.09,93.94,6.0
767,2,1,cargo_ship,4,0.0,0.3333,1.687,6.7479,True,741.2,41,25.0,434.54,133.36,248.59,0.022623921205361712,0.04514065739788353,0.050464713722700685,144.89752613209524,87.09,93.09,94.06,6.0
768,3,1,cargo_ship,4,0.0,0.3333,2.129,8.5159,True,747.32,52,25.0,208.6,490.92,70.64,0.02262392120536171,0.045140657397883525,0.05059146694335473,144.6490371712588,87.09,93.09,94.08,6.0
769,4,1,cargo_ship,4,0.0,0.3333,2.294,9.176,True,741.88,64,25.0,298.85,130.93,0.0,0.02262392120536171,0.045140657397883525,0.05002669066884254,144.79736005722688,87.09,93.09,93.98,6.0
770,0,1,cargo_ship,4,0.0,0.6667,2.1014,8.4057,True,751.35,80,25.0,183.25,498.39,100.94,0.02262392120536171,0.04514065739788353,0.05019409827275471,140.99724258749492,87.09,93.09,94.01,6.0
771,1,1,cargo_ship,4,0.0,0.6667,1.551,6.2041,True,712.37,69,25.0,105.57,106.06,312.35,0.02262392120536171,0.04514065739788352,0.0502703971594875,140.32193926390661,87.09,93.09,94.03,6.0
772,2,1,cargo_ship,4,0.0,0.6667,2.4309,9.7235,True,729.28,105,25.0,138.23,235.97,0.0,0.02262392120536171,0.04514065739788353,0.05066882694958251,137.7236100276919,87.09,93.09,94.09,6.0
773,3,1,cargo_ship,4,0.0,0.6667,2.2144,8.8575,True,745.87,102,25.0,83.29,206.44,0.0,0.02262392120536171,0.04514065739788352,0.05019944473948262,139.85982963621254,87.09,93.09,94.01,6.0
774,4,1,cargo_ship,4,0.0,0.6667,1.5505,6.2022,True,722.08,73,25.0,268.94,233.56,81.52,0.022623921205361712,0.04514065739788354,0.05090081882193004,142.40846601974232,87.09,93.09,94.13,6.0
775,0,1,cargo_ship,4,0.0,1.0,1.8557,7.4229,True,718.05,96,25.0,83.97,285.77,0.0,0.02262392120536171,0.045140657397883525,0.05059640280213198,129.3002100214695,87.09,93.09,94.08,6.0
776,1,1,cargo_ship,4,0.0,1.0,2.0711,8.2845,True,715.87,141,25.0,343.48,79.28,0.0,0.02262392120536171,0.04514065739788352,0.05001783274114617,123.85996131379045,87.09,93.09,93.98,6.0
777,2,1,cargo_ship,4,0.0,1.0,1.6036,6.4144,True,666.1,79,25.0,280.37,458.89,50.41,0.02262392120536171,0.04514065739788353,0.050542223272233636,124.70656945610656,87.09,93.09,94.07,6.0
778,3,1,cargo_ship,4,0.0,1.0,1.593,6.3719,True,729.56,109,25.0,70.32,101.9,243.44,0.02262392120536171,0.045140657397883525,0.050459657519061396,134.91325956228113,87.09,93.09,94.06,6.0
779,4,1,cargo_ship,4,0.0,1.0,2.4212,9.6846,True,695.16,151,25.0,278.03,137.84,0.0,0.02262392120536171,0.04514065739788353,0.050652997467498274,105.88433041091385,87.09,93.09,94.09,6.0
780,0,1,cargo_ship,4,50.0,0.0,2.297,9.1881,False,0.0,0,25.0,119.28,273.49,0.0,0.02262392120536171,0.045140657397883525,0.05059156356281659,141.8068365893103,87.09,93.09,94.08,6.0
781,1,1,cargo_ship,4,50.0,0.0,1.616,6.4638,False,0.0,0,25.0,253.23,146.54,0.0,0.02262392120536171,0.04514065739788353,0.05082528348702063,142.615791423565,87.09,93.09,94.12,6.0
782,2,1,cargo_ship,4,50.0,0.0,1.7135,6.8542,False,0.0,0,25.0,83.38,289.57,250.15,0.022623921205361705,0.04514065739788352,0.05030237754823116,141.9955924673704,87.09,93.09,94.03,6.0
783,3,1,cargo_ship,4,50.0,0.0,1.9461,7.7844,False,0.0,0,25.0,82.01,457.69,0.0,0.02262392120536171,0.04514065739788353,0.050748362960584964,142.26852072761127,87.09,93.09,94.11,6.0
784,4,1,cargo_ship,4,50.0,0.0,2.3074,9.2296,False,0.0,0,25.0,460.18,130.43,220.3,0.02262392120536171,0.045140657397883525,0.05073261654346441,142.24675457878493,87.09,93.09,94.11,6.0
785,0,1,cargo_ship,4,50.0,0.3333,1.6605,6.642,True,737.48,33,25.0,124.21,128.83,0.0,0.02262392120536171,0.04514065739788353,0.05059541260420502,143.16250749596884,87.09,93.09,94.08,6.0
786,1,1,cargo_ship,4,50.0,0.3333,2.4579,9.8318,True,763.53,46,25.0,267.65,247.32,0.0,0.022623921205361712,0.04514065739788353,0.050236862423221625,142.11097051254512,87.09,93.09,94.02,6.0
787,2,1,cargo_ship,4,50.0,0.3333,1.6985,6.7938,True,817.41,44,25.0,135.42,114.25,291.84,0.02262392120536171,0.04514065739788353,0.05026013906471202,142.51215257192325,87.09,93.09,94.02,6.0
788,3,1,cargo_ship,4,50.0,0.3333,1.5156,6.0626,True,791.1,31,25.0,109.33,106.89,0.0,0.02262392120536171,0.045140657397883525,0.05064067707932766,143.34265673101547,87.09,93.09,94.09,6.0
789,4,1,cargo_ship,4,50.0,0.3333,2.3155,9.262,True,717.63,50,25.0,415.24,263.36,0.0,0.02262392120536171,0.045140657397883525,0.05037229677887129,141.9808549755588,87.09,93.09,94.04,6.0
790,0,1,cargo_ship,4,50.0,0.6667,1.5022,6.0089,True,763.73,66,25.0,153.39,97.85,403.8,0.02262392120536171,0.04514065739788352,0.05041669592480984,139.5687047849423,87.09,93.09,94.05,6.0
791,1,1,cargo_ship,4,50.0,0.6667,1.9399,7.7597,True,749.5,79,25.0,392.39,213.54,71.33,0.02262392120536171,0.04514065739788352,0.05055870528327248,139.53451498705593,87.09,93.09,94.08,6.0
792,2,1,cargo_ship,4,50.0,0.6667,2.3386,9.3544,True,740.24,100,25.0,203.57,227.57,0.0,0.02262392120536171,0.045140657397883525,0.050269643184099225,140.2534150427209,87.09,93.09,94.03,6.0
793,3,1,cargo_ship,4,50.0,0.6667,2.1592,8.6369,True,727.58,95,25.0,196.31,372.55,0.0,0.022623921205361712,0.04514065739788353,0.05046069732938685,139.47553034988223,87.09,93.09,94.06,6.0
794,4,1,cargo_ship,4,50.0,0.6667,1.9225,7.6901,True,679.33,111,25.0,398.52,212.31,0.0,0.022623921205361712,0.045140657397883525,0.050991501660107526,140.05818892414175,87.09,93.09,94.15,6.0
795,0,1,cargo_ship,4,50.0,1.0,1.8851,7.5405,True,750.35,131,25.0,94.68,257.69,0.0,0.02262392120536171,0.04514065739788352,0.04979467599335266,119.34468205420166,87.09,93.09,93.94,6.0
796,1,1,cargo_ship,4,50.0,1.0,1.6402,6.5608,True,739.62,108,25.0,92.68,403.15,236.84,0.02262392120536171,0.04514065739788353,0.050462154539101155,129.55556703572103,87.09,93.09,94.06,6.0
797,2,1,cargo_ship,4,50.0,1.0,1.5823,6.3294,True,723.01,95,25.0,486.51,265.59,0.0,0.02262392120536171,0.04514065739788352,0.05089974611221629,125.67243498823403,87.09,93.09,94.13,6.0
798,3,1,cargo_ship,4,50.0,1.0,2.1448,8.5793,True,718.23,126,25.0,212.58,136.76,135.85,0.022623921205361712,0.04514065739788353,0.05075596569949292,112.41027948699121,87.09,93.09,94.11,6.0
799,4,1,cargo_ship,4,50.0,1.0,1.6551,6.6202,True,711.03,95,25.0,322.0,294.11,0.0,0.02262392120536171,0.045140657397883525,0.050106981669997476,131.5196551984777,87.09,93.09,94.0,6.0
800,0,1,cargo_ship,5,0.0,0.0,2.2867,11.4335,False,0.0,0,25.0,121.48,349.52,135.01,0.02262392120536171,0.04514065739788353,0.050560552976938684,139.08940470677615,87.09,93.09,94.08,6.0
801,1,1,cargo_ship,5,0.0,0.0,1.6442,8.221,False,0.0,0,25.0,113.21,85.15,470.37,0.02262392120536171,0.04514065739788353,0.050345123664189737,144.9609246722371,87.09,93.09,94.04,6.0
802,2,1,cargo_ship,5,0.0,0.0,2.0325,10.1624,False,0.0,0,25.0,73.64,253.36,0.0,0.022623921205361712,0.04514065739788353,0.05037045980356456,139.2666355171189,87.09,93.09,94.04,6.0
803,3,1,cargo_ship,5,0.0,0.0,2.0836,10.4178,False,0.0,0,25.0,140.79,312.31,273.83,0.02262392120536171,0.04514065739788352,0.05046189419787396,139.27810659843428,87.09,93.09,94.06,6.0
804,4,1,cargo_ship,5,0.0,0.0,1.563,7.815,False,0.0,0,25.0,257.16,132.64,363.03,0.02262392120536171,0.04514065739788353,0.05100153963726044,146.2210748992022,87.09,93.09,94.15,6.0
805,0,1,cargo_ship,5,0.0,0.3333,2.3159,11.5796,True,780.49,66,25.0,124.31,93.46,0.0,0.02262392120536171,0.04514065739788352,0.05028128990634102,140.19784516691885,87.09,93.09,94.03,6.0
806,1,1,cargo_ship,5,0.0,0.3333,2.0877,10.4384,True,763.68,57,25.0,141.92,77.83,0.0,0.022623921205361712,0.04514065739788354,0.050346395381413216,139.72600845061777,87.09,93.09,94.04,6.0
807,2,1,cargo_ship,5,0.0,0.3333,1.718,8.5898,True,703.36,57,25.0,240.07,106.79,0.0,0.022623921205361712,0.04514065739788353,0.050613988393043895,145.4305322547871,87.09,93.09,94.09,6.0
808,3,1,cargo_ship,5,0.0,0.3333,1.7956,8.9778,True,762.0,54,25.0,264.28,122.81,158.9,0.02262392120536171,0.04514065739788352,0.05038246969336516,145.14753587132003,87.09,93.09,94.05,6.0
809,4,1,cargo_ship,5,0.0,0.3333,1.9691,9.8454,True,717.85,59,25.0,141.12,107.93,0.0,0.02262392120536171,0.04514065739788353,0.05006660112799031,145.15933273167923,87.09,93.09,93.99,6.0
810,0,1,cargo_ship,5,0.0,0.6667,2.1919,10.9593,True,697.58,139,25.0,133.11,181.77,0.0,0.022623921205361712,0.04514065739788354,0.050758043129617875,135.55762484908465,87.09,93.09,94.11,6.0
811,1,1,cargo_ship,5,0.0,0.6667,1.9854,9.9272,True,730.41,106,25.0,232.18,144.76,0.0,0.02262392120536171,0.04514065739788353,0.05059207826801248,139.7820950515866,87.09,93.09,94.08,6.0
812,2,1,cargo_ship,5,0.0,0.6667,1.7055,8.5274,True,712.38,90,25.0,171.29,83.69,387.15,0.02262392120536171,0.04514065739788353,0.05031940232015435,139.27760405640862,87.09,93.09,94.03,6.0
813,3,1,cargo_ship,5,0.0,0.6667,1.6889,8.4445,True,748.12,108,25.0,183.13,143.57,0.0,0.02262392120536171,0.04514065739788353,0.05026587527595945,138.74134500513327,87.09,93.09,94.03,6.0
814,4,1,cargo_ship,5,0.0,0.6667,2.0389,10.1945,True,674.51,112,25.0,140.21,342.06,0.0,0.02262392120536171,0.04514065739788351,0.05078790685659477,133.80467281255738,87.09,93.09,94.12,6.0
815,0,1,cargo_ship,5,0.0,1.0,1.7274,8.6369,True,771.65,109,25.0,97.06,216.14,0.0,0.02262392120536171,0.04514065739788352,0.04988232163221011,115.36543842147162,87.09,93.09,93.96,6.0
816,1,1,cargo_ship,5,0.0,1.0,1.5554,7.7771,True,723.84,125,25.0,461.52,103.58,100.0,0.02262392120536171,0.04514065739788352,0.050264953174691554,124.3443248640917,87.09,93.09,94.03,6.0
817,2,1,cargo_ship,5,0.0,1.0,1.5963,7.9817,True,755.87,147,25.0,140.94,243.98,92.23,0.02262392120536171,0.045140657397883525,0.050082354148573156,121.05472086548195,87.09,93.09,93.99,6.0
818,3,1,cargo_ship,5,0.0,1.0,2.1749,10.8745,True,732.79,181,25.0,135.14,386.08,228.11,0.02262392120536171,0.04514065739788352,0.05049660291154179,112.81794866776823,87.09,93.09,94.07,6.0
819,4,1,cargo_ship,5,0.0,1.0,2.0453,10.2266,True,733.16,130,25.0,478.32,207.34,0.0,0.022623921205361712,0.045140657397883525,0.05024136781333237,116.08340281697846,87.09,93.09,94.02,6.0
820,0,1,cargo_ship,5,50.0,0.0,2.1496,10.7479,False,0.0,0,25.0,112.9,124.2,434.31,0.022623921205361712,0.04514065739788353,0.05028393800224345,136.65453676511956,87.09,93.09,94.03,6.0
821,1,1,cargo_ship,5,50.0,0.0,1.5157,7.5784,False,0.0,0,25.0,251.01,390.69,0.0,0.02262392120536171,0.045140657397883525,0.05074801833056917,143.57972751470314,87.09,93.09,94.11,6.0
822,2,1,cargo_ship,5,50.0,0.0,2.3586,11.7932,False,0.0,0,25.0,257.2,300.82,0.0,0.022623921205361712,0.04514065739788354,0.05056886849430248,136.98520267922547,87.09,93.09,94.08,6.0
823,3,1,cargo_ship,5,50.0,0.0,1.8787,9.3934,False,0.0,0,25.0,474.27,149.92,0.0,0.02262392120536171,0.04514065739788353,0.051038058776406006,143.25154776076786,87.09,93.09,94.16,6.0
824,4,1,cargo_ship,5,50.0,0.0,1.5473,7.7364,False,0.0,0,25.0,388.3,139.74,101.66,0.02262392120536171,0.04514065739788353,0.05035454450884618,143.4916301877064,87.09,93.09,94.04,6.0
825,0,1,cargo_ship,5,50.0,0.3333,1.7586,8.7929,True,727.32,65,25.0,263.1,422.97,0.0,0.022623921205361712,0.04514065739788353,0.050635322153482785,143.28794513068365,87.09,93.09,94.09,6.0
826,1,1,cargo_ship,5,50.0,0.3333,2.1639,10.8197,True,699.37,86,25.0,269.02,106.44,0.0,0.02262392120536171,0.045140657397883525,0.050538039845853776,137.2135274357682,87.09,93.09,94.07,6.0
827,2,1,cargo_ship,5,50.0,0.3333,1.7924,8.9618,True,706.79,62,25.0,81.77,174.15,375.89,0.02262392120536171,0.04514065739788352,0.05020653969355645,142.2545409319905,87.09,93.09,94.02,6.0
828,3,1,cargo_ship,5,50.0,0.3333,1.8868,9.4339,True,660.1,59,25.0,485.07,60.01,267.84,0.02262392120536171,0.04514065739788353,0.0501051159272007,142.86501674083755,87.09,93.09,94.0,6.0
829,4,1,cargo_ship,5,50.0,0.3333,2.4182,12.0911,True,755.64,63,25.0,329.59,159.98,90.56,0.02262392120536171,0.045140657397883525,0.05051820595731451,137.1945017116275,87.09,93.09,94.07,6.0
830,0,1,cargo_ship,5,50.0,0.6667,2.0762,10.3811,True,719.05,102,25.0,119.34,428.63,0.0,0.02262392120536171,0.04514065739788352,0.050646845049813316,131.59248071149406,87.09,93.09,94.09,6.0
831,1,1,cargo_ship,5,50.0,0.6667,2.129,10.6449,True,735.34,117,25.0,86.37,217.44,0.0,0.02262392120536171,0.04514065739788352,0.05046820099263443,131.07325577681448,87.09,93.09,94.06,6.0
832,2,1,cargo_ship,5,50.0,0.6667,1.6882,8.4412,True,761.18,91,25.0,149.71,442.07,0.0,0.02262392120536171,0.045140657397883525,0.05061502112957864,140.2667435574752,87.09,93.09,94.09,6.0
833,3,1,cargo_ship,5,50.0,0.6667,1.5933,7.9663,True,742.56,91,25.0,295.96,130.53,0.0,0.022623921205361712,0.04514065739788354,0.05040964861623512,137.67079517709195,87.09,93.09,94.05,6.0
834,4,1,cargo_ship,5,50.0,0.6667,1.9158,9.5791,True,720.77,114,25.0,233.55,251.47,0.0,0.02262392120536171,0.045140657397883525,0.05071819271579988,137.29678545961625,87.09,93.09,94.1,6.0
835,0,1,cargo_ship,5,50.0,1.0,1.9139,9.5693,True,747.87,143,25.0,120.18,228.37,95.9,0.02262392120536171,0.045140657397883525,0.05069997486683005,121.90211526756599,87.09,93.09,94.1,6.0
836,1,1,cargo_ship,5,50.0,1.0,1.7274,8.6369,True,711.26,156,25.0,415.66,138.83,254.0,0.02262392120536171,0.04514065739788352,0.05043268606955478,114.31299750956413,87.09,93.09,94.05,6.0
837,2,1,cargo_ship,5,50.0,1.0,2.0948,10.4741,True,696.2,150,25.0,139.35,408.26,54.28,0.022623921205361712,0.045140657397883525,0.050873338533827285,118.31445968035753,87.09,93.09,94.13,6.0
838,3,1,cargo_ship,5,50.0,1.0,2.3985,11.9926,True,719.58,199,25.0,112.55,202.96,0.0,0.022623921205361705,0.04514065739788352,0.050481842468668284,92.01689712520565,87.09,93.09,94.06,6.0
839,4,1,cargo_ship,5,50.0,1.0,2.4377,12.1883,True,730.24,186,25.0,82.63,352.71,0.0,0.022623921205361712,0.04514065739788354,0.050737384255698056,106.41897199193971,87.09,93.09,94.11,6.0
840,0,1,tanker,3,0.0,0.0,1.1616,3.4849,False,0.0,0,25.0,191.68,342.44,91.75,0.02262392120536171,0.04514065739788352,0.050728538544060224,136.12015711829048,87.09,93.09,94.11,6.0
841,1,1,tanker,3,0.0,0.0,1.0086,3.0257,False,0.0,0,25.0,172.77,92.55,459.66,0.02262392120536171,0.04514065739788353,0.05011343892941799,138.47308183044112,87.09,93.09,94.0,6.0
842,2,1,tanker,3,0.0,0.0,1.3971,4.1912,False,0.0,0,25.0,126.43,478.02,0.0,0.02262392120536171,0.04514065739788353,0.0502204867977175,137.16326096225404,87.09,93.09,94.02,6.0
843,3,1,tanker,3,0.0,0.0,1.2818,3.8454,False,0.0,0,25.0,353.19,100.1,152.98,0.02262392120536171,0.04514065739788352,0.05068518323256302,136.94642501672777,87.09,93.09,94.1,6.0
844,4,1,tanker,3,0.0,0.0,1.1433,3.43,False,0.0,0,25.0,79.42,222.09,130.38,0.022623921205361712,0.04514065739788354,0.05056373168612824,137.60143724324504,87.09,93.09,94.08,6.0
845,0,1,tanker,3,0.0,0.3333,1.3973,4.192,True,441.57,32,25.0,102.34,315.87,0.0,0.022623921205361712,0.04514065739788354,0.05064684754296658,136.96627835457224,87.09,93.09,94.09,6.0
846,1,1,tanker,3,0.0,0.3333,1.3754,4.1262,True,452.09,16,25.0,127.66,447.77,127.46,0.022623921205361712,0.04514065739788353,0.050385764199563234,136.4423824023771,87.09,93.09,94.05,6.0
847,2,1,tanker,3,0.0,0.3333,1.05,3.15,True,501.18,18,25.0,262.34,72.97,245.84,0.022623921205361712,0.04514065739788353,0.050070263603990896,137.71540402367236,87.09,93.09,93.99,6.0
848,3,1,tanker,3,0.0,0.3333,1.3626,4.0878,True,478.48,28,25.0,295.5,276.51,0.0,0.022623921205361712,0.04514065739788354,0.05036888722607205,136.92951487488557,87.09,93.09,94.04,6.0
849,4,1,tanker,3,0.0,0.3333,1.3727,4.1181,True,515.87,22,25.0,102.28,132.33,458.1,0.02262392120536171,0.04514065739788353,0.049951147577054315,135.84794406159085,87.09,93.09,93.97,6.0
850,0,1,tanker,3,0.0,0.6667,1.186,3.558,True,480.67,37,25.0,112.61,237.12,0.0,0.022623921205361712,0.04514065739788353,0.05029189259174827,135.01141078866004,87.09,93.09,94.03,6.0
851,1,1,tanker,3,0.0,0.6667,1.2677,3.8031,True,514.87,41,25.0,237.31,120.25,0.0,0.02262392120536171,0.04514065739788353,0.05087317724982857,135.32534221222997,87.09,93.09,94.13,6.0
852,2,1,tanker,3,0.0,0.6667,1.2217,3.6651,True,468.93,35,25.0,160.7,430.43,0.0,0.02262392120536171,0.045140657397883525,0.05069341646347156,136.18276822256604,87.09,93.09,94.1,6.0
853,3,1,tanker,3,0.0,0.6667,1.196,3.5881,True,492.23,38,25.0,271.92,453.98,0.0,0.022623921205361712,0.04514065739788354,0.050476541272243644,134.765515503151,87.09,93.09,94.06,6.0
854,4,1,tanker,3,0.0,0.6667,1.0466,3.1399,True,470.94,34,25.0,266.73,116.62,488.88,0.022623921205361712,0.04514065739788353,0.05067862007682619,136.9716058697198,87.09,93.09,94.1,6.0
855,0,1,tanker,3,0.0,1.0,1.0653,3.1958,True,500.4,50,25.0,278.38,327.91,93.23,0.022623921205361705,0.04514065739788352,0.0500973102538625,130.75957623967616,87.09,93.09,94.0,6.0
856,1,1,tanker,3,0.0,1.0,1.2707,3.812,True,528.61,52,25.0,264.31,50.54,108.33,0.02262392120536171,0.045140657397883525,0.0504406333551874,127.17889150568536,87.09,93.09,94.06,6.0
857,2,1,tanker,3,0.0,1.0,1.4975,4.4926,True,480.11,74,25.0,282.23,204.88,0.0,0.022623921205361712,0.04514065739788353,0.05059064382463855,120.00191608283015,87.09,93.09,94.08,6.0
858,3,1,tanker,3,0.0,1.0,1.2847,3.854,True,454.68,67,25.0,480.4,286.45,0.0,0.02262392120536171,0.04514065739788353,0.050544522952460424,122.21589990100162,87.09,93.09,94.07,6.0
859,4,1,tanker,3,0.0,1.0,1.0377,3.113,True,436.05,44,25.0,429.04,282.71,0.0,0.02262392120536171,0.04514065739788353,0.05058662485984024,117.94945099301793,87.09,93.09,94.08,6.0
860,0,1,tanker,3,50.0,0.0,1.0368,3.1103,False,0.0,0,25.0,248.4,107.98,0.0,0.02262392120536171,0.04514065739788353,0.0507153815517683,135.7624320424472,87.09,93.09,94.1,6.0
861,1,1,tanker,3,50.0,0.0,1.1796,3.5387,False,0.0,0,25.0,71.04,484.25,254.16,0.022623921205361712,0.04514065739788353,0.05048881215693688,134.49575581992397,87.09,93.09,94.06,6.0
862,2,1,tanker,3,50.0,0.0,1.219,3.6571,False,0.0,0,25.0,100.08,210.49,0.0,0.02262392120536171,0.04514065739788353,0.05049208228591048,134.1412756002126,87.09,93.09,94.06,6.0
863,3,1,tanker,3,50.0,0.0,1.2586,3.7757,False,0.0,0,25.0,101.81,466.96,150.01,0.022623921205361712,0.045140657397883525,0.05049592956322832,133.7736525445966,87.09,93.09,94.07,6.0
864,4,1,tanker,3,50.0,0.0,1.1572,3.4717,False,0.0,0,25.0,118.03,201.39,0.0,0.02262392120536171,0.045140657397883525,0.05108954076238545,134.83817454169457,87.09,93.09,94.17,6.0
865,0,1,tanker,3,50.0,0.3333,1.3899,4.1697,True,503.37,26,25.0,237.39,262.66,104.17,0.02262392120536171,0.04514065739788352,0.05001504270435585,134.3911952750319,87.09,93.09,93.98,6.0
866,1,1,tanker,3,50.0,0.3333,1.2284,3.6851,True,608.26,29,25.0,290.24,115.12,281.0,0.02262392120536171,0.04514065739788352,0.050532946128272256,134.8265875505664,87.09,93.09,94.07,6.0
867,2,1,tanker,3,50.0,0.3333,1.4112,4.2337,True,594.52,14,25.0,232.72,280.47,84.6,0.022623921205361712,0.04514065739788353,0.050581783374821124,134.47785556912262,87.09,93.09,94.08,6.0
868,3,1,tanker,3,50.0,0.3333,1.2751,3.8254,True,440.44,31,25.0,234.72,112.79,122.24,0.02262392120536171,0.04514065739788353,0.05050661605334211,134.43755639530738,87.09,93.09,94.07,6.0
869,4,1,tanker,3,50.0,0.3333,1.3324,3.9973,True,426.65,25,25.0,222.95,200.55,0.0,0.02262392120536171,0.045140657397883525,0.050170282696184516,134.63077888720824,87.09,93.09,94.01,6.0
870,0,1,tanker,3,50.0,0.6667,1.41,4.2299,True,519.33,38,25.0,231.03,85.51,0.0,0.022623921205361712,0.04514065739788354,0.050628471473417216,133.64905194139286,87.09,93.09,94.09,6.0
871,1,1,tanker,3,50.0,0.6667,1.1643,3.4929,True,474.73,44,25.0,281.5,203.5,0.0,0.022623921205361712,0.04514065739788353,0.050539668900036055,132.03008767410583,87.09,93.09,94.07,6.0
872,2,1,tanker,3,50.0,0.6667,1.1356,3.4068,True,433.76,29,25.0,108.24,225.28,237.17,0.022623921205361712,0.04514065739788353,0.0505126763104386,132.809456681909,87.09,93.09,94.07,6.0
873,3,1,tanker,3,50.0,0.6667,1.1907,3.5721,True,487.79,32,25.0,312.12,128.02,282.74,0.02262392120536171,0.04514065739788353,0.050278541147274876,132.2979847441691,87.09,93.09,94.03,6.0
874,4,1,tanker,3,50.0,0.6667,1.4761,4.4283,True,467.44,49,25.0,113.8,376.81,225.7,0.02262392120536171,0.045140657397883525,0.05011693015215205,130.51396304287013,87.09,93.09,94.0,6.0
875,0,1,tanker,3,50.0,1.0,1.359,4.0771,True,518.46,58,25.0,365.2,185.99,94.23,0.02262392120536171,0.045140657397883525,0.05070662382294278,127.7590960152242,87.09,93.09,94.1,6.0
876,1,1,tanker,3,50.0,1.0,1.2683,3.805,True,486.0,72,25.0,78.23,427.53,0.0,0.02262392120536171,0.04514065739788352,0.050006814606669794,114.14441717633436,87.09,93.09,93.98,6.0
877,2,1,tanker,3,50.0,1.0,1.455,4.3651,True,474.98,80,25.0,348.04,126.27,0.0,0.02262392120536171,0.045140657397883525,0.050468038015214114,120.24680263824607,87.09,93.09,94.06,6.0
878,3,1,tanker,3,50.0,1.0,1.249,3.747,True,495.21,61,25.0,138.98,189.86,0.0,0.02262392120536171,0.04514065739788353,0.049923528237645454,111.23800386037128,87.09,93.09,93.97,6.0
879,4,1,tanker,3,50.0,1.0,1.1419,3.4258,True,462.72,63,25.0,234.09,292.84,0.0,0.02262392120536171,0.04514065739788352,0.050928688498053425,115.07660261699827,87.09,93.09,94.14,6.0
880,0,1,tanker,4,0.0,0.0,1.0123,4.0493,False,0.0,0,25.0,280.97,117.62,272.13,0.02262392120536171,0.04514065739788352,0.050235955214404965,137.26860436026547,87.09,93.09,94.02,6.0
881,1,1,tanker,4,0.0,0.0,1.0384,4.1537,False,0.0,0,25.0,381.36,142.41,82.14,0.02262392120536171,0.04514065739788352,0.05042218424372317,137.2927394007763,87.09,93.09,94.05,6.0
882,2,1,tanker,4,0.0,0.0,1.3838,5.5353,False,0.0,0,25.0,221.47,259.73,0.0,0.022623921205361712,0.04514065739788353,0.05044213800978672,135.3243667380681,87.09,93.09,94.06,6.0
883,3,1,tanker,4,0.0,0.0,1.3252,5.3007,False,0.0,0,25.0,386.15,235.54,123.25,0.02262392120536171,0.04514065739788353,0.04997535113721937,135.00491836113395,87.09,93.09,93.98,6.0
884,4,1,tanker,4,0.0,0.0,1.1326,4.5303,False,0.0,0,25.0,127.71,468.39,0.0,0.02262392120536171,0.045140657397883525,0.05061097718115042,137.71862784516736,87.09,93.09,94.08,6.0
885,0,1,tanker,4,0.0,0.3333,1.4237,5.6947,True,521.41,32,25.0,106.93,195.55,0.0,0.02262392120536171,0.04514065739788352,0.05071297436313037,135.95093340405464,87.09,93.09,94.1,6.0
886,1,1,tanker,4,0.0,0.3333,1.0736,4.2944,True,476.58,36,25.0,219.43,102.79,0.0,0.02262392120536171,0.04514065739788352,0.05057954411495156,137.2630942739942,87.09,93.09,94.08,6.0
887,2,1,tanker,4,0.0,0.3333,1.0556,4.2223,True,497.82,21,25.0,121.06,475.7,126.16,0.02262392120536171,0.045140657397883525,0.05041007289371862,136.31659797902904,87.09,93.09,94.05,6.0
888,3,1,tanker,4,0.0,0.3333,1.0492,4.1967,True,472.74,28,25.0,109.34,90.51,483.16,0.022623921205361712,0.04514065739788353,0.04990192560771136,136.873515682048,87.09,93.09,93.96,6.0
889,4,1,tanker,4,0.0,0.3333,1.3507,5.4029,True,458.98,29,25.0,50.57,222.26,0.0,0.02262392120536171,0.04514065739788352,0.05053909934828441,135.27706640137626,87.09,93.09,94.07,6.0
890,0,1,tanker,4,0.0,0.6667,1.4022,5.6086,True,524.03,53,25.0,111.37,307.71,211.63,0.022623921205361712,0.04514065739788353,0.05065186232129212,134.14174149699065,87.09,93.09,94.09,6.0
891,1,1,tanker,4,0.0,0.6667,1.0748,4.2993,True,458.68,44,25.0,335.0,129.41,0.0,0.02262392120536171,0.04514065739788352,0.050416541946312864,134.20861483076368,87.09,93.09,94.05,6.0
892,2,1,tanker,4,0.0,0.6667,1.4381,5.7525,True,474.77,77,25.0,299.37,431.41,78.06,0.02262392120536171,0.045140657397883525,0.05027312786448746,133.26765317021298,87.09,93.09,94.03,6.0
893,3,1,tanker,4,0.0,0.6667,1.0736,4.2944,True,494.7,46,25.0,247.99,147.15,377.96,0.02262392120536171,0.04514065739788352,0.050486956540485003,134.16603878005904,87.09,93.09,94.06,6.0
894,4,1,tanker,4,0.0,0.6667,1.4302,5.7207,True,467.59,69,25.0,141.68,220.04,270.76,0.02262392120536171,0.04514065739788352,0.05000818369470469,131.74985331527063,87.09,93.09,93.98,6.0
895,0,1,tanker,4,0.0,1.0,1.2731,5.0924,True,482.85,69,25.0,143.09,480.18,104.51,0.022623921205361705,0.04514065739788351,0.05115890375460405,116.39494557803181,87.09,93.09,94.18,6.0
896,1,1,tanker,4,0.0,1.0,1.2714,5.0856,True,500.85,67,25.0,220.91,223.37,116.6,0.02262392120536171,0.04514065739788352,0.051024152703144414,116.50083462493171,87.09,93.09,94.16,6.0
897,2,1,tanker,4,0.0,1.0,1.4348,5.7393,True,473.56,90,25.0,373.97,52.79,141.71,0.02262392120536171,0.04514065739788353,0.05075697288929176,121.22647940202131,87.09,93.09,94.11,6.0
898,3,1,tanker,4,0.0,1.0,1.4916,5.9666,True,479.27,84,25.0,89.02,169.41,486.64,0.02262392120536171,0.045140657397883525,0.05000122737111007,124.65034032308151,87.09,93.09,93.98,6.0
899,4,1,tanker,4,0.0,1.0,1.4948,5.9794,True,489.54,85,25.0,186.54,126.25,0.0,0.02262392120536171,0.04514065739788352,0.050409997882370786,115.07787471505563,87.09,93.09,94.05,6.0
900,0,1,tanker,4,50.0,0.0,1.4718,5.8871,False,0.0,0,25.0,107.52,99.36,0.0,0.022623921205361712,0.04514065739788353,0.05027393165623896,132.6087309167067,87.09,93.09,94.03,6.0
901,1,1,tanker,4,50.0,0.0,1.1594,4.6377,False,0.0,0,25.0,249.24,155.35,69.24,0.02262392120536171,0.04514065739788353,0.05086278086515176,134.73427532743185,87.09,93.09,94.13,6.0
902,2,1,tanker,4,50.0,0.0,1.1116,4.4465,False,0.0,0,25.0,115.12,234.59,0.0,0.022623921205361712,0.04514065739788353,0.050656877259377925,134.78423857288513,87.09,93.09,94.09,6.0
903,3,1,tanker,4,50.0,0.0,1.3055,5.2219,False,0.0,0,25.0,195.51,209.29,0.0,0.02262392120536171,0.04514065739788352,0.05066432999127733,132.87014543325284,87.09,93.09,94.09,6.0
904,4,1,tanker,4,50.0,0.0,1.1456,4.5823,False,0.0,0,25.0,296.26,63.83,342.72,0.02262392120536171,0.04514065739788352,0.0503521273317031,135.05171877125505,87.09,93.09,94.04,6.0
905,0,1,tanker,4,50.0,0.3333,1.1054,4.4215,True,439.0,20,25.0,59.96,290.71,0.0,0.022623921205361705,0.04514065739788352,0.05097473866344517,135.19497293627643,87.09,93.09,94.15,6.0
906,1,1,tanker,4,50.0,0.3333,1.2508,5.0031,True,389.8,29,25.0,338.12,62.88,104.12,0.02262392120536171,0.04514065739788352,0.050098129863169284,132.9358503102278,87.09,93.09,94.0,6.0
907,2,1,tanker,4,50.0,0.3333,1.1686,4.6742,True,476.81,31,25.0,433.29,196.78,0.0,0.02262392120536171,0.04514065739788352,0.05036910863987837,135.41629392465737,87.09,93.09,94.04,6.0
908,3,1,tanker,4,50.0,0.3333,1.4588,5.835,True,506.39,33,25.0,265.45,119.91,111.85,0.02262392120536171,0.04514065739788352,0.05045259600098303,132.2764941409818,87.09,93.09,94.06,6.0
909,4,1,tanker,4,50.0,0.3333,1.089,4.356,True,550.18,20,25.0,173.0,100.89,497.42,0.02262392120536171,0.04514065739788352,0.05071070981707895,134.9429177999902,87.09,93.09,94.1,6.0
910,0,1,tanker,4,50.0,0.6667,1.4395,5.7582,True,517.06,74,25.0,146.14,431.43,88.22,0.02262392120536171,0.04514065739788353,0.05088907218039586,131.37786969949548,87.09,93.09,94.13,6.0
911,1,1,tanker,4,50.0,0.6667,1.498,5.9921,True,485.2,69,25.0,428.46,203.06,0.0,0.02262392120536171,0.04514065739788353,0.05051709129558052,131.1576232341603,87.09,93.09,94.07,6.0
912,2,1,tanker,4,50.0,0.6667,1.4558,5.8232,True,471.02,62,25.0,223.13,146.78,0.0,0.02262392120536171,0.045140657397883525,0.05039927532338842,130.41390046473452,87.09,93.09,94.05,6.0
913,3,1,tanker,4,50.0,0.6667,1.001,4.0039,True,519.53,35,25.0,260.27,220.82,79.34,0.02262392120536171,0.04514065739788352,0.050162289551354405,134.41671940316823,87.09,93.09,94.01,6.0
914,4,1,tanker,4,50.0,0.6667,1.0574,4.2298,True,515.52,32,25.0,436.24,54.93,158.56,0.02262392120536171,0.045140657397883525,0.05043833761043132,133.8804418189694,87.09,93.09,94.06,6.0
915,0,1,tanker,4,50.0,1.0,1.471,5.8842,True,502.0,88,25.0,113.94,425.04,139.76,0.02262392120536171,0.04514065739788353,0.05095976193872864,117.04667703773787,87.09,93.09,94.14,6.0
916,1,1,tanker,4,50.0,1.0,1.4304,5.7217,True,513.44,97,25.0,295.89,149.53,234.95,0.022623921205361712,0.04514065739788353,0.050853287581693246,119.10209480827787,87.09,93.09,94.13,6.0
917,2,1,tanker,4,50.0,1.0,1.2571,5.0283,True,502.49,108,25.0,287.09,344.01,0.0,0.02262392120536171,0.04514065739788352,0.05104071588785368,118.85653536947511,87.09,93.09,94.16,6.0
918,3,1,tanker,4,50.0,1.0,1.3885,5.554,True,526.84,84,25.0,404.42,287.45,107.5,0.022623921205361712,0.04514065739788353,0.05022405786129147,129.45617777601825,87.09,93.09,94.02,6.0
919,4,1,tanker,4,50.0,1.0,1.1516,4.6062,True,490.39,72,25.0,225.89,496.27,132.25,0.022623921205361712,0.04514065739788353,0.05061670949778036,103.1086714864997,87.09,93.09,94.09,6.0
920,0,1,tanker,5,0.0,0.0,1.3358,6.679,False,0.0,0,25.0,245.12,141.88,226.74,0.022623921205361712,0.04514065739788353,0.05026303136451862,134.96126666184503,87.09,93.09,94.02,6.0
921,1,1,tanker,5,0.0,0.0,1.3457,6.7283,False,0.0,0,25.0,322.1,266.12,134.16,0.02262392120536171,0.04514065739788352,0.05033473907926897,135.9037258410732,87.09,93.09,94.04,6.0
922,2,1,tanker,5,0.0,0.0,1.3189,6.5947,False,0.0,0,25.0,343.12,64.7,0.0,0.022623921205361712,0.04514065739788353,0.05020499876775191,135.8585560274053,87.09,93.09,94.01,6.0
923,3,1,tanker,5,0.0,0.0,1.3392,6.6958,False,0.0,0,25.0,227.43,303.35,0.0,0.02262392120536171,0.04514065739788352,0.05083126039323855,135.77216175424397,87.09,93.09,94.12,6.0
924,4,1,tanker,5,0.0,0.0,1.0642,5.3211,False,0.0,0,25.0,398.36,141.02,176.79,0.022623921205361712,0.04514065739788353,0.05047786292696822,135.3000282779419,87.09,93.09,94.06,6.0
925,0,1,tanker,5,0.0,0.3333,1.1662,5.8312,True,464.78,40,25.0,284.9,95.15,0.0,0.02262392120536171,0.045140657397883525,0.05014333286161821,135.19936978951554,87.09,93.09,94.0,6.0
926,1,1,tanker,5,0.0,0.3333,1.376,6.8799,True,484.78,54,25.0,85.01,223.48,0.0,0.02262392120536171,0.04514065739788352,0.050847827762857595,135.38052799664686,87.09,93.09,94.13,6.0
927,2,1,tanker,5,0.0,0.3333,1.1282,5.6409,True,550.56,23,25.0,272.12,311.29,52.17,0.02262392120536171,0.045140657397883525,0.050730007981702054,135.94559671347548,87.09,93.09,94.11,6.0
928,3,1,tanker,5,0.0,0.3333,1.222,6.1099,True,473.27,44,25.0,105.63,229.46,0.0,0.02262392120536171,0.04514065739788352,0.050285135701014644,136.3242004902922,87.09,93.09,94.03,6.0
929,4,1,tanker,5,0.0,0.3333,1.4028,7.0142,True,482.05,48,25.0,72.43,436.18,109.08,0.02262392120536171,0.04514065739788353,0.05012490189130034,135.6780934153246,87.09,93.09,94.0,6.0
930,0,1,tanker,5,0.0,0.6667,1.0209,5.1047,True,461.55,65,25.0,430.39,196.05,121.66,0.02262392120536171,0.04514065739788352,0.05058260815193862,132.4770108037957,87.09,93.09,94.08,6.0
931,1,1,tanker,5,0.0,0.6667,1.2632,6.3162,True,471.94,59,25.0,447.54,78.49,239.91,0.02262392120536171,0.04514065739788353,0.050778741007916635,134.02959045363139,87.09,93.09,94.11,6.0
932,2,1,tanker,5,0.0,0.6667,1.4203,7.1016,True,473.84,65,25.0,121.67,206.12,328.0,0.022623921205361705,0.04514065739788352,0.050269818393336885,132.00343513886583,87.09,93.09,94.03,6.0
933,3,1,tanker,5,0.0,0.6667,1.466,7.33,True,468.42,75,25.0,69.94,336.37,0.0,0.022623921205361712,0.045140657397883525,0.05035541112335091,132.68482661688273,87.09,93.09,94.04,6.0
934,4,1,tanker,5,0.0,0.6667,1.4443,7.2214,True,504.44,69,25.0,483.9,82.36,0.0,0.022623921205361712,0.045140657397883525,0.049957837636956305,131.85089321020013,87.09,93.09,93.97,6.0
935,0,1,tanker,5,0.0,1.0,1.199,5.9949,True,509.24,91,25.0,139.72,261.8,0.0,0.02262392120536171,0.04514065739788353,0.05040307821256266,119.45393718597583,87.09,93.09,94.05,6.0
936,1,1,tanker,5,0.0,1.0,1.0778,5.389,True,479.66,68,25.0,120.43,286.81,106.83,0.02262392120536171,0.04514065739788352,0.050689361454384574,112.76357003092745,87.09,93.09,94.1,6.0
937,2,1,tanker,5,0.0,1.0,1.0323,5.1616,True,495.9,91,25.0,189.4,235.87,0.0,0.02262392120536171,0.04514065739788353,0.04985738126653537,115.08938472441655,87.09,93.09,93.95,6.0
938,3,1,tanker,5,0.0,1.0,1.2748,6.3742,True,537.8,81,25.0,486.2,129.87,0.0,0.02262392120536171,0.04514065739788352,0.050269048716328556,128.72632476144545,87.09,93.09,94.03,6.0
939,4,1,tanker,5,0.0,1.0,1.22,6.0999,True,509.02,96,25.0,414.77,126.99,0.0,0.02262392120536171,0.04514065739788352,0.0506324397351745,116.76698341794004,87.09,93.09,94.09,6.0
940,0,1,tanker,5,50.0,0.0,1.2361,6.1805,False,0.0,0,25.0,92.37,279.22,0.0,0.02262392120536171,0.04514065739788352,0.05037985339782125,133.1147216946375,87.09,93.09,94.05,6.0
941,1,1,tanker,5,50.0,0.0,1.0792,5.3959,False,0.0,0,25.0,202.96,149.63,400.02,0.02262392120536171,0.045140657397883525,0.049970200520139334,133.48137239906913,87.09,93.09,93.97,6.0
942,2,1,tanker,5,50.0,0.0,1.0144,5.0718,False,0.0,0,25.0,51.26,286.53,0.0,0.02262392120536171,0.04514065739788352,0.05028094196235591,133.153810513332,87.09,93.09,94.03,6.0
943,3,1,tanker,5,50.0,0.0,1.4149,7.0747,False,0.0,0,25.0,260.26,109.7,240.95,0.02262392120536171,0.045140657397883525,0.05107252957784108,133.61527363279134,87.09,93.09,94.16,6.0
944,4,1,tanker,5,50.0,0.0,1.2071,6.0355,False,0.0,0,25.0,238.56,346.26,0.0,0.02262392120536171,0.04514065739788352,0.05097808745584988,133.85575307887294,87.09,93.09,94.15,6.0
945,0,1,tanker,5,50.0,0.3333,1.3887,6.9435,True,516.95,54,25.0,56.23,403.91,190.71,0.02262392120536171,0.045140657397883525,0.05042251459430793,133.1765197187118,87.09,93.09,94.05,6.0
946,1,1,tanker,5,50.0,0.3333,1.0392,5.1962,True,470.09,39,25.0,109.64,110.88,0.0,0.022623921205361712,0.04514065739788353,0.050727066868425985,134.0702777240727,87.09,93.09,94.1,6.0
947,2,1,tanker,5,50.0,0.3333,1.252,6.26,True,492.17,31,25.0,479.22,187.79,70.83,0.02262392120536171,0.04514065739788352,0.050783379999551174,132.76938364467213,87.09,93.09,94.11,6.0
948,3,1,tanker,5,50.0,0.3333,1.0639,5.3196,True,528.31,35,25.0,107.85,103.41,288.99,0.02262392120536171,0.045140657397883525,0.05051175098226586,133.8107000626699,87.09,93.09,94.07,6.0
949,4,1,tanker,5,50.0,0.3333,1.4704,7.3521,True,491.81,56,25.0,74.75,410.01,0.0,0.02262392120536171,0.04514065739788353,0.05045911226233775,132.80515420511466,87.09,93.09,94.06,6.0
950,0,1,tanker,5,50.0,0.6667,1.4706,7.3529,True,465.67,90,25.0,304.69,60.91,0.0,0.022623921205361712,0.04514065739788353,0.050253599361449415,129.06775062147318,87.09,93.09,94.02,6.0
951,1,1,tanker,5,50.0,0.6667,1.1475,5.7377,True,473.03,58,25.0,102.62,116.61,290.82,0.02262392120536171,0.04514065739788353,0.0503611711993501,130.77285236360086,87.09,93.09,94.04,6.0
952,2,1,tanker,5,50.0,0.6667,1.2082,6.0408,True,475.87,61,25.0,287.84,490.55,0.0,0.022623921205361712,0.04514065739788353,0.05109858135174048,130.78728816732286,87.09,93.09,94.17,6.0
953,3,1,tanker,5,50.0,0.6667,1.3614,6.8071,True,502.21,66,25.0,191.33,321.61,82.28,0.022623921205361712,0.04514065739788353,0.05081365426966833,128.78048956234997,87.09,93.09,94.12,6.0
954,4,1,tanker,5,50.0,0.6667,1.0483,5.2416,True,482.9,61,25.0,263.44,85.31,0.0,0.022623921205361705,0.04514065739788352,0.0504214356642653,128.67088838282297,87.09,93.09,94.05,6.0
955,0,1,tanker,5,50.0,1.0,1.3357,6.6783,True,480.03,101,25.0,222.78,372.5,123.04,0.02262392120536171,0.045140657397883525,0.05043206383620198,103.88499119312989,87.09,93.09,94.05,6.0
956,1,1,tanker,5,50.0,1.0,1.1122,5.561,True,480.05,86,25.0,337.65,122.82,128.02,0.02262392120536171,0.045140657397883525,0.050464906548053634,123.16376238331732,87.09,93.09,94.06,6.0
957,2,1,tanker,5,50.0,1.0,1.4928,7.464,True,493.43,120,25.0,85.45,485.43,116.22,0.02262392120536171,0.04514065739788353,0.050171597092938516,96.60927033984191,87.09,93.09,94.01,6.0
958,3,1,tanker,5,50.0,1.0,1.4867,7.4336,True,473.1,110,25.0,114.66,148.99,431.77,0.022623921205361712,0.04514065739788353,0.05022225447391406,111.68304098132849,87.09,93.09,94.02,6.0
959,4,1,tanker,5,50.0,1.0,1.3066,6.533,True,503.78,106,25.0,487.93,63.6,140.77,0.02262392120536171,0.04514065739788353,0.05009005234381393,110.03029776605341,87.09,93.09,94.0,6.0
960,0,3,small_craft,3,0.0,0.0,25.4786,76.4357,False,0.0,0,25.0,135.85,223.34,0.0,0.073022972068177,0.14569998429465866,0.16251460428616468,465.3430621407327,97.27,103.27,104.22,6.0
961,1,3,small_craft,3,0.0,0.0,28.0607,84.182,False,0.0,0,25.0,353.96,119.08,149.93,0.073022972068177,0.14569998429465864,0.16256472035542738,472.34596809123053,97.27,103.27,104.22,6.0
962,2,3,small_craft,3,0.0,0.0,19.4882,58.4647,False,0.0,0,25.0,193.66,51.92,0.0,0.073022972068177,0.14569998429465866,0.1633764966366201,474.76762952452236,97.27,103.27,104.26,6.0
963,3,3,small_craft,3,0.0,0.0,24.4192,73.2576,False,0.0,0,25.0,226.0,122.82,301.92,0.073022972068177,0.14569998429465866,0.1623502139024292,471.37353333234205,97.27,103.27,104.21,6.0
964,4,3,small_craft,3,0.0,0.0,19.6041,58.8123,False,0.0,0,25.0,177.45,310.17,0.0,0.073022972068177,0.14569998429465866,0.16305951709109212,472.8501398061129,97.27,103.27,104.25,6.0
965,0,3,small_craft,3,0.0,0.3333,29.7592,89.2776,True,6260.13,526,25.0,367.14,122.15,164.41,0.073022972068177,0.14569998429465866,0.16399005049679008,469.06241017156685,97.27,103.27,104.3,6.0
966,1,3,small_craft,3,0.0,0.3333,18.3846,55.1538,True,6040.4,331,25.0,214.91,403.53,143.28,0.073022972068177,0.14569998429465866,0.16383213562934598,471.12784703282676,97.27,103.27,104.29,6.0
967,2,3,small_craft,3,0.0,0.3333,24.3402,73.0205,True,6034.49,442,25.0,258.82,154.45,137.48,0.073022972068177,0.14569998429465866,0.16405043832740998,468.812865046076,97.27,103.27,104.3,6.0
968,3,3,small_craft,3,0.0,0.3333,29.6835,89.0505,True,6142.04,555,25.0,328.34,114.28,0.0,0.073022972068177,0.14569998429465866,0.1626552181234176,466.76011610725976,97.27,103.27,104.23,6.0
969,4,3,small_craft,3,0.0,0.3333,26.8594,80.5783,True,6092.31,478,25.0,105.72,109.95,0.0,0.073022972068177,0.14569998429465864,0.16439727692953204,471.38006978233005,97.27,103.27,104.32,6.0
970,0,3,small_craft,3,0.0,0.6667,15.1295,45.3885,True,6219.27,475,25.0,469.72,119.98,112.95,0.073022972068177,0.14569998429465866,0.16171267041360474,446.4101920104137,97.27,103.27,104.17,6.0
971,1,3,small_craft,3,0.0,0.6667,21.5375,64.6125,True,6066.63,755,25.0,338.63,129.26,0.0,0.073022972068177,0.14569998429465866,0.16227917042992282,377.8151776884503,97.27,103.27,104.21,6.0
972,2,3,small_craft,3,0.0,0.6667,25.7402,77.2205,True,5983.37,819,25.0,69.73,390.17,184.86,0.073022972068177,0.14569998429465866,0.16355002697286228,391.92470801196094,97.27,103.27,104.27,6.0
973,3,3,small_craft,3,0.0,0.6667,20.9901,62.9703,True,6027.77,662,25.0,68.94,405.0,235.1,0.073022972068177,0.14569998429465866,0.16267736050041395,385.8990741098125,97.27,103.27,104.23,6.0
974,4,3,small_craft,3,0.0,0.6667,25.0855,75.2566,True,5903.16,867,25.0,121.88,322.46,179.23,0.073022972068177,0.14569998429465866,0.16409489946679012,392.2650446303472,97.27,103.27,104.3,6.0
975,0,3,small_craft,3,0.0,1.0,25.6791,77.0374,True,6037.02,1152,25.0,89.21,383.4,111.63,0.073022972068177,0.1456999842946587,0.16308095547026225,200.6457744140346,97.27,103.27,104.25,6.0
976,1,3,small_craft,3,0.0,1.0,28.3597,85.0791,True,5971.43,1309,25.0,233.55,311.86,0.0,0.073022972068177,0.1456999842946587,0.16361940003711756,227.07032365751414,97.27,103.27,104.28,6.0
977,2,3,small_craft,3,0.0,1.0,27.2657,81.797,True,5966.25,1178,25.0,250.61,136.52,0.0,0.073022972068177,0.14569998429465866,0.16280333779152772,251.95407191929522,97.27,103.27,104.23,6.0
978,3,3,small_craft,3,0.0,1.0,20.2671,60.8014,True,5989.24,966,25.0,168.45,458.77,105.9,0.073022972068177,0.14569998429465866,0.16357447894289553,209.5702098241182,97.27,103.27,104.27,6.0
979,4,3,small_craft,3,0.0,1.0,19.9951,59.9852,True,6097.85,925,25.0,148.11,351.66,99.07,0.073022972068177,0.1456999842946587,0.16349813407255837,273.9366897031416,97.27,103.27,104.27,6.0
980,0,3,small_craft,3,50.0,0.0,23.496,70.4881,False,0.0,0,25.0,98.83,390.4,0.0,0.073022972068177,0.14569998429465864,0.1636516311964215,465.6904218903634,97.27,103.27,104.28,6.0
981,1,3,small_craft,3,50.0,0.0,29.8773,89.632,False,0.0,0,25.0,134.81,466.19,0.0,0.073022972068177,0.14569998429465864,0.16430984639255164,464.2604094748335,97.27,103.27,104.31,6.0
982,2,3,small_craft,3,50.0,0.0,17.6504,52.9511,False,0.0,0,25.0,112.94,283.59,491.6,0.073022972068177,0.14569998429465864,0.16237798602394263,465.7569084441943,97.27,103.27,104.21,6.0
983,3,3,small_craft,3,50.0,0.0,16.2453,48.736,False,0.0,0,25.0,68.52,261.64,0.0,0.073022972068177,0.1456999842946587,0.164129719703232,465.13946267431095,97.27,103.27,104.3,6.0
984,4,3,small_craft,3,50.0,0.0,23.3273,69.9818,False,0.0,0,25.0,279.66,275.52,0.0,0.073022972068177,0.14569998429465866,0.16371637782004825,464.02851169293956,97.27,103.27,104.28,6.0
985,0,3,small_craft,3,50.0,0.3333,15.6557,46.967,True,5865.88,277,25.0,371.16,144.1,219.93,0.073022972068177,0.14569998429465866,0.16287587170724127,461.2951550119878,97.27,103.27,104.24,6.0
986,1,3,small_craft,3,50.0,0.3333,20.0117,60.0352,True,5982.93,412,25.0,319.34,89.01,0.0,0.073022972068177,0.1456999842946587,0.16327349669076358,460.79423792186566,97.27,103.27,104.26,6.0
987,2,3,small_craft,3,50.0,0.3333,26.9854,80.9561,True,6090.59,494,25.0,112.78,284.39,0.0,0.073022972068177,0.14569998429465866,0.16213059337529928,460.58118401591224,97.27,103.27,104.2,6.0
988,3,3,small_craft,3,50.0,0.3333,17.6355,52.9066,True,5859.14,339,25.0,179.87,102.45,0.0,0.073022972068177,0.1456999842946587,0.16422015878397184,463.6039319920734,97.27,103.27,104.31,6.0
989,4,3,small_craft,3,50.0,0.3333,20.1871,60.5614,True,5886.88,356,25.0,400.66,137.48,0.0,0.073022972068177,0.14569998429465864,0.16208221889310992,462.5261906711006,97.27,103.27,104.19,6.0
990,0,3,small_craft,3,50.0,0.6667,15.764,47.2921,True,5887.04,511,25.0,63.16,284.01,285.83,0.073022972068177,0.14569998429465866,0.16354770661285936,392.0450981955249,97.27,103.27,104.27,6.0
991,1,3,small_craft,3,50.0,0.6667,15.7191,47.1574,True,6075.1,545,25.0,256.68,233.53,0.0,0.073022972068177,0.14569998429465866,0.16203396700975214,407.64976237765995,97.27,103.27,104.19,6.0
992,2,3,small_craft,3,50.0,0.6667,24.1768,72.5303,True,6055.63,763,25.0,305.79,82.3,100.13,0.073022972068177,0.1456999842946587,0.16264757172740643,365.3626062707785,97.27,103.27,104.22,6.0
993,3,3,small_craft,3,50.0,0.6667,22.274,66.8221,True,6232.09,711,25.0,135.8,166.96,410.28,0.073022972068177,0.14569998429465866,0.1619445865361992,429.6468872739728,97.27,103.27,104.19,6.0
994,4,3,small_craft,3,50.0,0.6667,29.8361,89.5083,True,5947.32,969,25.0,279.77,297.67,0.0,0.073022972068177,0.14569998429465866,0.16250771017822732,358.4377232824473,97.27,103.27,104.22,6.0
995,0,3,small_craft,3,50.0,1.0,28.07,84.2101,True,5949.07,1264,25.0,472.55,138.69,201.54,0.073022972068177,0.14569998429465866,0.16332666795209383,184.52930733564048,97.27,103.27,104.26,6.0
996,1,3,small_craft,3,50.0,1.0,21.3171,63.9513,True,6180.49,957,25.0,285.82,113.11,0.0,0.073022972068177,0.14569998429465866,0.1631641909087975,296.6550637974015,97.27,103.27,104.25,6.0
997,2,3,small_craft,3,50.0,1.0,23.2309,69.6927,True,6223.06,1071,25.0,118.6,128.99,389.16,0.073022972068177,0.1456999842946587,0.16238314264570838,229.8458416237541,97.27,103.27,104.21,6.0
998,3,3,small_craft,3,50.0,1.0,18.0344,54.1031,True,6001.09,823,25.0,370.72,105.75,286.76,0.073022972068177,0.14569998429465866,0.16365517739318428,238.84924434755308,97.27,103.27,104.28,6.0
999,4,3,small_craft,3,50.0,1.0,23.4037,70.211,True,5933.33,1071,25.0,146.05,123.12,451.92,0.073022972068177,0.14569998429465866,0.16211211988372423,269.0494312376583,97.27,103.27,104.2,6.0
1000,0,3,small_craft,4,0.0,0.0,24.5394,98.1575,False,0.0,0,25.0,107.6,371.86,119.96,0.073022972068177,0.14569998429465866,0.1627599103783471,473.75441577867156,97.27,103.27,104.23,6.0
1001,1,3,small_craft,4,0.0,0.0,28.803,115.2118,False,0.0,0,25.0,78.49,144.15,468.18,0.073022972068177,0.1456999842946587,0.1632228169011843,475.41196223136905,97.27,103.27,104.26,6.0
1002,2,3,small_craft,4,0.0,0.0,23.3307,93.3229,False,0.0,0,25.0,289.49,196.84,90.19,0.073022972068177,0.14569998429465866,0.1630408993271004,479.85713126359025,97.27,103.27,104.25,6.0
1003,3,3,small_craft,4,0.0,0.0,26.5261,106.1044,False,0.0,0,25.0,196.06,263.95,115.74,0.073022972068177,0.1456999842946587,0.1642729234980031,477.15753620922214,97.27,103.27,104.31,6.0
1004,4,3,small_craft,4,0.0,0.0,28.9021,115.6085,False,0.0,0,25.0,65.4,108.94,0.0,0.073022972068177,0.14569998429465866,0.16163129762286346,480.2575969723964,97.27,103.27,104.17,6.0
1005,0,3,small_craft,4,0.0,0.3333,27.3718,109.4871,True,5975.2,655,25.0,132.36,454.23,0.0,0.073022972068177,0.14569998429465864,0.16226948167685898,468.98244660118706,97.27,103.27,104.2,6.0
1006,1,3,small_craft,4,0.0,0.3333,15.029,60.1159,True,6120.0,354,25.0,414.17,175.13,112.39,0.073022972068177,0.14569998429465866,0.1612869773959602,477.24032833757127,97.27,103.27,104.15,6.0
1007,2,3,small_craft,4,0.0,0.3333,15.184,60.7362,True,6045.49,344,25.0,94.51,103.14,0.0,0.073022972068177,0.14569998429465866,0.1628336149810386,475.5775153847942,97.27,103.27,104.23,6.0
1008,3,3,small_craft,4,0.0,0.3333,29.3251,117.3003,True,6065.13,701,25.0,231.75,176.62,59.38,0.073022972068177,0.14569998429465866,0.16290210452734175,463.8750466294611,97.27,103.27,104.24,6.0
1009,4,3,small_craft,4,0.0,0.3333,17.9119,71.6476,True,5935.31,437,25.0,220.58,448.92,0.0,0.073022972068177,0.1456999842946587,0.16351134748006546,472.6704150432668,97.27,103.27,104.27,6.0
1010,0,3,small_craft,4,0.0,0.6667,24.9174,99.6696,True,6016.61,1093,25.0,129.28,324.33,144.68,0.073022972068177,0.14569998429465866,0.16184666529094668,340.09005087068397,97.27,103.27,104.18,6.0
1011,1,3,small_craft,4,0.0,0.6667,15.3534,61.4137,True,5885.72,699,25.0,67.36,147.12,332.49,0.073022972068177,0.14569998429465866,0.16308196338524703,419.5571163879145,97.27,103.27,104.25,6.0
1012,2,3,small_craft,4,0.0,0.6667,28.3034,113.2135,True,5942.01,1263,25.0,330.05,243.71,0.0,0.073022972068177,0.1456999842946587,0.16287098581204035,334.3444285935736,97.27,103.27,104.24,6.0
1013,3,3,small_craft,4,0.0,0.6667,24.5681,98.2722,True,6026.75,1114,25.0,262.16,89.61,0.0,0.073022972068177,0.14569998429465866,0.16279663789526488,372.5285295688207,97.27,103.27,104.23,6.0
1014,4,3,small_craft,4,0.0,0.6667,17.9737,71.8946,True,6065.6,779,25.0,64.96,122.96,343.52,0.073022972068177,0.14569998429465866,0.1635526563778871,421.5152000874149,97.27,103.27,104.27,6.0
1015,0,3,small_craft,4,0.0,1.0,20.3108,81.243,True,5943.88,1145,25.0,128.75,124.84,0.0,0.073022972068177,0.14569998429465864,0.16277210424922545,217.8821639201879,97.27,103.27,104.23,6.0
1016,1,3,small_craft,4,0.0,1.0,26.6745,106.698,True,6067.03,1520,25.0,202.3,74.89,277.05,0.073022972068177,0.14569998429465866,0.16358441115002328,236.65885456126583,97.27,103.27,104.27,6.0
1017,2,3,small_craft,4,0.0,1.0,19.4892,77.9569,True,6093.62,1105,25.0,87.63,121.88,436.78,0.073022972068177,0.14569998429465866,0.16242761381425921,225.80764063966762,97.27,103.27,104.21,6.0
1018,3,3,small_craft,4,0.0,1.0,24.9637,99.8546,True,6050.22,1470,25.0,432.69,138.26,0.0,0.073022972068177,0.14569998429465866,0.1629783610138636,222.51443747330535,97.27,103.27,104.24,6.0
1019,4,3,small_craft,4,0.0,1.0,27.8326,111.3306,True,6035.01,1705,25.0,104.3,114.23,0.0,0.073022972068177,0.14569998429465866,0.16371785242357612,222.1079088113665,97.27,103.27,104.28,6.0
1020,0,3,small_craft,4,50.0,0.0,21.8264,87.3055,False,0.0,0,25.0,240.7,76.6,0.0,0.073022972068177,0.14569998429465866,0.16151485669486199,467.90092390023773,97.27,103.27,104.16,6.0
1021,1,3,small_craft,4,50.0,0.0,20.2159,80.8638,False,0.0,0,25.0,199.59,67.12,0.0,0.073022972068177,0.14569998429465866,0.16039441385614683,470.96760565085714,97.27,103.27,104.1,6.0
1022,2,3,small_craft,4,50.0,0.0,19.2509,77.0034,False,0.0,0,25.0,144.59,113.65,222.44,0.073022972068177,0.14569998429465866,0.16245841100458938,472.14858835870984,97.27,103.27,104.21,6.0
1023,3,3,small_craft,4,50.0,0.0,20.8648,83.4593,False,0.0,0,25.0,87.17,118.7,489.11,0.073022972068177,0.14569998429465866,0.16316693026744516,470.64440645821304,97.27,103.27,104.25,6.0
1024,4,3,small_craft,4,50.0,0.0,22.836,91.3438,False,0.0,0,25.0,126.6,447.8,0.0,0.073022972068177,0.14569998429465866,0.16221067604931363,471.2405365241165,97.27,103.27,104.2,6.0
1025,0,3,small_craft,4,50.0,0.3333,28.3289,113.3157,True,6119.03,670,25.0,155.26,249.02,134.7,0.073022972068177,0.14569998429465866,0.16307839957866824,465.6388031776906,97.27,103.27,104.25,6.0
1026,1,3,small_craft,4,50.0,0.3333,15.0001,60.0003,True,5780.44,354,25.0,124.8,261.92,0.0,0.073022972068177,0.14569998429465864,0.16266475327216673,466.168481831482,97.27,103.27,104.23,6.0
1027,2,3,small_craft,4,50.0,0.3333,24.305,97.2202,True,6026.55,544,25.0,435.04,137.38,0.0,0.073022972068177,0.14569998429465866,0.16333635558450801,465.10274116311973,97.27,103.27,104.26,6.0
1028,3,3,small_craft,4,50.0,0.3333,19.6962,78.7848,True,6028.07,474,25.0,113.95,472.0,0.0,0.073022972068177,0.14569998429465866,0.16244642818406255,462.1422220282282,97.27,103.27,104.21,6.0
1029,4,3,small_craft,4,50.0,0.3333,21.0042,84.0167,True,5892.75,491,25.0,81.78,418.62,122.39,0.073022972068177,0.14569998429465866,0.16328159375710738,462.80727660802506,97.27,103.27,104.26,6.0
1030,0,3,small_craft,4,50.0,0.6667,17.5371,70.1486,True,6103.56,761,25.0,467.47,145.44,195.75,0.073022972068177,0.14569998429465866,0.16391462174427487,383.54240048252836,97.27,103.27,104.29,6.0
1031,1,3,small_craft,4,50.0,0.6667,22.9444,91.7777,True,6004.46,988,25.0,135.16,178.43,434.21,0.073022972068177,0.14569998429465866,0.1619387096899137,363.75439658491774,97.27,103.27,104.19,6.0
1032,2,3,small_craft,4,50.0,0.6667,29.4485,117.7938,True,6034.95,1325,25.0,465.5,277.04,50.14,0.073022972068177,0.14569998429465864,0.163442451525086,367.7064785022365,97.27,103.27,104.27,6.0
1033,3,3,small_craft,4,50.0,0.6667,23.5753,94.3011,True,6013.34,1030,25.0,239.62,269.07,0.0,0.073022972068177,0.14569998429465866,0.16323668862002738,347.4136405008848,97.27,103.27,104.26,6.0
1034,4,3,small_craft,4,50.0,0.6667,27.2743,109.097,True,5951.27,1224,25.0,343.35,79.05,272.85,0.073022972068177,0.1456999842946587,0.1630067440284879,330.04643527374895,97.27,103.27,104.24,6.0
1035,0,3,small_craft,4,50.0,1.0,15.595,62.3799,True,6052.5,935,25.0,296.44,107.05,101.45,0.073022972068177,0.14569998429465866,0.16294352244263033,263.88217132405595,97.27,103.27,104.24,6.0
1036,1,3,small_craft,4,50.0,1.0,27.0108,108.0431,True,6059.2,1636,25.0,234.67,482.24,103.93,0.073022972068177,0.14569998429465866,0.16284877601010245,216.7506083453025,97.27,103.27,104.24,6.0
1037,2,3,small_craft,4,50.0,1.0,25.5086,102.0346,True,6068.41,1570,25.0,258.06,103.15,0.0,0.073022972068177,0.14569998429465866,0.16333448941962192,175.6755829869266,97.27,103.27,104.26,6.0
1038,3,3,small_craft,4,50.0,1.0,28.8118,115.2473,True,6007.02,1766,25.0,119.49,285.42,144.24,0.073022972068177,0.14569998429465864,0.16272341532932916,197.08840972922707,97.27,103.27,104.23,6.0
1039,4,3,small_craft,4,50.0,1.0,17.0127,68.0509,True,5955.84,1016,25.0,406.74,140.38,125.02,0.073022972068177,0.14569998429465866,0.16272003250699804,261.00121679234815,97.27,103.27,104.23,6.0
1040,0,3,small_craft,5,0.0,0.0,29.4165,147.0826,False,0.0,0,25.0,79.49,137.46,0.0,0.073022972068177,0.14569998429465866,0.16405488008751123,485.1567849852535,97.27,103.27,104.3,6.0
1041,1,3,small_craft,5,0.0,0.0,23.2324,116.1621,False,0.0,0,25.0,91.5,262.57,0.0,0.073022972068177,0.1456999842946587,0.16326213568092626,485.1619602555314,97.27,103.27,104.26,6.0
1042,2,3,small_craft,5,0.0,0.0,15.0991,75.4957,False,0.0,0,25.0,311.76,128.6,0.0,0.073022972068177,0.14569998429465866,0.16310465013112155,481.30474446590625,97.27,103.27,104.25,6.0
1043,3,3,small_craft,5,0.0,0.0,17.0475,85.2373,False,0.0,0,25.0,223.87,87.38,150.03,0.073022972068177,0.1456999842946587,0.16150122530176383,483.65020661285,97.27,103.27,104.16,6.0
1044,4,3,small_craft,5,0.0,0.0,17.6317,88.1587,False,0.0,0,25.0,232.48,206.36,136.71,0.073022972068177,0.14569998429465866,0.16356368451966266,483.9665362008256,97.27,103.27,104.27,6.0
1045,0,3,small_craft,5,0.0,0.3333,25.6057,128.0285,True,6272.59,749,25.0,478.07,187.82,145.12,0.073022972068177,0.14569998429465866,0.16194669246888338,475.63358794090124,97.27,103.27,104.19,6.0
1046,1,3,small_craft,5,0.0,0.3333,24.4101,122.0507,True,5993.03,765,25.0,126.7,241.01,114.91,0.073022972068177,0.1456999842946587,0.1638453602082047,477.2398064061055,97.27,103.27,104.29,6.0
1047,2,3,small_craft,5,0.0,0.3333,26.6589,133.2946,True,6086.06,831,25.0,381.75,70.33,0.0,0.073022972068177,0.14569998429465866,0.16190684195417232,476.80093855663097,97.27,103.27,104.19,6.0
1048,3,3,small_craft,5,0.0,0.3333,26.0137,130.0683,True,5984.4,753,25.0,123.71,274.83,148.38,0.073022972068177,0.14569998429465866,0.16422385016135718,480.7406041643297,97.27,103.27,104.31,6.0
1049,4,3,small_craft,5,0.0,0.3333,19.6111,98.0554,True,6135.84,548,25.0,171.61,444.65,0.0,0.073022972068177,0.14569998429465866,0.16186957852165546,475.39053305891866,97.27,103.27,104.18,6.0
1050,0,3,small_craft,5,0.0,0.6667,24.8381,124.1906,True,6029.09,1364,25.0,121.25,136.8,445.19,0.073022972068177,0.14569998429465866,0.16214690835884668,324.1940943693369,97.27,103.27,104.2,6.0
1051,1,3,small_craft,5,0.0,0.6667,15.3612,76.8058,True,6034.0,871,25.0,185.19,327.03,0.0,0.073022972068177,0.14569998429465864,0.16344852220862263,408.57712937913954,97.27,103.27,104.27,6.0
1052,2,3,small_craft,5,0.0,0.6667,23.7544,118.7719,True,6070.08,1306,25.0,75.49,161.0,0.0,0.073022972068177,0.14569998429465866,0.16375135847247418,393.3423191761315,97.27,103.27,104.28,6.0
1053,3,3,small_craft,5,0.0,0.6667,21.3906,106.9532,True,6055.63,1222,25.0,110.7,419.67,104.36,0.073022972068177,0.14569998429465866,0.16273229765585784,402.0271169217834,97.27,103.27,104.23,6.0
1054,4,3,small_craft,5,0.0,0.6667,15.7753,78.8764,True,6080.32,857,25.0,219.4,199.2,0.0,0.073022972068177,0.14569998429465866,0.1639649506977455,417.71243058873216,97.27,103.27,104.3,6.0
1055,0,3,small_craft,5,0.0,1.0,25.6633,128.3167,True,6035.41,1946,25.0,213.5,322.31,131.27,0.073022972068177,0.14569998429465866,0.16293093261931052,201.38114119919635,97.27,103.27,104.24,6.0
1056,1,3,small_craft,5,0.0,1.0,17.8554,89.2772,True,5951.64,1348,25.0,227.3,86.47,285.1,0.073022972068177,0.14569998429465866,0.16298730416612306,179.38200570675366,97.27,103.27,104.24,6.0
1057,2,3,small_craft,5,0.0,1.0,24.0629,120.3143,True,5967.85,1751,25.0,374.7,113.02,0.0,0.073022972068177,0.14569998429465866,0.16260866782632244,196.31008724503826,97.27,103.27,104.22,6.0
1058,3,3,small_craft,5,0.0,1.0,29.5611,147.8057,True,6054.57,2205,25.0,154.5,488.58,0.0,0.073022972068177,0.14569998429465866,0.16377881406151043,212.74864675700545,97.27,103.27,104.29,6.0
1059,4,3,small_craft,5,0.0,1.0,17.9376,89.6879,True,6083.33,1372,25.0,158.82,104.26,0.0,0.073022972068177,0.14569998429465866,0.162804108288008,254.92566796530718,97.27,103.27,104.23,6.0
1060,0,3,small_craft,5,50.0,0.0,17.0375,85.1877,False,0.0,0,25.0,146.9,272.76,156.91,0.073022972068177,0.14569998429465866,0.16367076691709054,475.8455064159302,97.27,103.27,104.28,6.0
1061,1,3,small_craft,5,50.0,0.0,20.0897,100.4484,False,0.0,0,25.0,142.63,423.26,55.03,0.073022972068177,0.14569998429465866,0.16258997813373485,463.2625956503008,97.27,103.27,104.22,6.0
1062,2,3,small_craft,5,50.0,0.0,28.4626,142.3129,False,0.0,0,25.0,74.13,301.72,0.0,0.073022972068177,0.14569998429465866,0.1637193810952464,476.5776362410537,97.27,103.27,104.28,6.0
1063,3,3,small_craft,5,50.0,0.0,24.2728,121.364,False,0.0,0,25.0,294.08,215.24,0.0,0.07302297206817701,0.1456999842946587,0.1635777202394002,477.80072720264667,97.27,103.27,104.27,6.0
1064,4,3,small_craft,5,50.0,0.0,16.1619,80.8097,False,0.0,0,25.0,452.41,143.44,0.0,0.073022972068177,0.14569998429465866,0.1627506929686321,476.8519349810411,97.27,103.27,104.23,6.0
1065,0,3,small_craft,5,50.0,0.3333,15.3784,76.8918,True,6203.57,434,25.0,459.68,122.09,257.6,0.073022972068177,0.14569998429465864,0.16333260282653306,469.8109531056122,97.27,103.27,104.26,6.0
1066,1,3,small_craft,5,50.0,0.3333,21.7176,108.588,True,6055.81,633,25.0,77.48,225.9,0.0,0.073022972068177,0.14569998429465866,0.16334715337833475,469.9464601197349,97.27,103.27,104.26,6.0
1067,2,3,small_craft,5,50.0,0.3333,24.3925,121.9624,True,6009.95,723,25.0,488.11,144.0,0.0,0.07302297206817701,0.14569998429465866,0.16179522077222547,467.3454706139017,97.27,103.27,104.18,6.0
1068,3,3,small_craft,5,50.0,0.3333,19.525,97.6252,True,6345.4,585,25.0,108.07,112.71,273.19,0.073022972068177,0.14569998429465864,0.1635453203654262,467.05357858980307,97.27,103.27,104.27,6.0
1069,4,3,small_craft,5,50.0,0.3333,22.2386,111.193,True,5890.04,652,25.0,78.39,192.52,384.88,0.073022972068177,0.14569998429465866,0.16154296001687152,466.1869511293031,97.27,103.27,104.17,6.0
1070,0,3,small_craft,5,50.0,0.6667,26.9549,134.7744,True,6021.21,1513,25.0,444.59,264.12,0.0,0.073022972068177,0.1456999842946587,0.1631266227771752,327.7947374431891,97.27,103.27,104.25,6.0
1071,1,3,small_craft,5,50.0,0.6667,24.0122,120.0608,True,6083.13,1311,25.0,481.36,167.88,0.0,0.073022972068177,0.14569998429465864,0.1628949660466547,351.287991391731,97.27,103.27,104.24,6.0
1072,2,3,small_craft,5,50.0,0.6667,21.807,109.0348,True,5970.12,1210,25.0,141.88,430.68,298.02,0.073022972068177,0.14569998429465866,0.16238722101776576,342.2762676159094,97.27,103.27,104.21,6.0
1073,3,3,small_craft,5,50.0,0.6667,20.1488,100.7438,True,5883.47,1145,25.0,107.37,59.67,0.0,0.073022972068177,0.14569998429465864,0.16402432742995401,373.82935695079186,97.27,103.27,104.3,6.0
1074,4,3,small_craft,5,50.0,0.6667,24.2428,121.214,True,5944.54,1406,25.0,244.61,74.66,0.0,0.073022972068177,0.14569998429465866,0.16304566104765125,338.04864116272256,97.27,103.27,104.25,6.0
1075,0,3,small_craft,5,50.0,1.0,16.7318,83.6589,True,6080.01,1268,25.0,130.14,469.95,0.0,0.073022972068177,0.14569998429465866,0.16300983151522305,256.17911112523063,97.27,103.27,104.24,6.0
1076,1,3,small_craft,5,50.0,1.0,21.6574,108.2868,True,6091.41,1552,25.0,402.17,81.14,251.86,0.073022972068177,0.1456999842946587,0.16340394048295673,225.12065028514039,97.27,103.27,104.27,6.0
1077,2,3,small_craft,5,50.0,1.0,17.0537,85.2683,True,6031.72,1335,25.0,120.68,378.22,228.6,0.073022972068177,0.14569998429465866,0.1635039106129931,175.21769196585456,97.27,103.27,104.27,6.0
1078,3,3,small_craft,5,50.0,1.0,26.8238,134.119,True,6007.37,2043,25.0,79.53,155.56,373.11,0.073022972068177,0.14569998429465866,0.16285221805337116,179.84228306576472,97.27,103.27,104.24,6.0
1079,4,3,small_craft,5,50.0,1.0,27.7931,138.9655,True,6031.23,2043,25.0,271.49,131.57,0.0,0.073022972068177,0.14569998429465866,0.16293351880448892,147.8056781285725,97.27,103.27,104.24,6.0
1080,0,3,fishing_vessel,3,0.0,0.0,6.2116,18.6349,False,0.0,0,25.0,114.3,92.79,467.67,0.073022972068177,0.14569998429465866,0.1628606914068321,448.45284639834574,97.27,103.27,104.24,6.0
1081,1,3,fishing_vessel,3,0.0,0.0,5.4093,16.2278,False,0.0,0,25.0,131.89,146.13,222.66,0.073022972068177,0.14569998429465866,0.16283514662714405,456.1988093839806,97.27,103.27,104.23,6.0
1082,2,3,fishing_vessel,3,0.0,0.0,6.2914,18.8741,False,0.0,0,25.0,115.74,87.51,0.0,0.073022972068177,0.14569998429465866,0.16316965825136923,454.1769537221469,97.27,103.27,104.25,6.0
1083,3,3,fishing_vessel,3,0.0,0.0,7.6054,22.8163,False,0.0,0,25.0,141.26,116.98,0.0,0.073022972068177,0.14569998429465866,0.16186096498360492,457.3977182112213,97.27,103.27,104.18,6.0
1084,4,3,fishing_vessel,3,0.0,0.0,5.3013,15.9038,False,0.0,0,25.0,186.42,448.09,85.08,0.073022972068177,0.14569998429465866,0.16149846730563436,455.2935441274882,97.27,103.27,104.16,6.0
1085,0,3,fishing_vessel,3,0.0,0.3333,4.6506,13.9517,True,1617.8,98,25.0,166.34,215.4,76.17,0.073022972068177,0.14569998429465866,0.16247313852734907,467.5932138836707,97.27,103.27,104.22,6.0
1086,1,3,fishing_vessel,3,0.0,0.3333,7.1784,21.5353,True,1766.57,109,25.0,123.72,268.67,148.71,0.073022972068177,0.14569998429465866,0.1616822504028888,452.0157849548807,97.27,103.27,104.17,6.0
1087,2,3,fishing_vessel,3,0.0,0.3333,6.9846,20.9537,True,1793.17,127,25.0,130.78,352.74,0.0,0.073022972068177,0.1456999842946587,0.16282627669236097,456.19202312972016,97.27,103.27,104.23,6.0
1088,3,3,fishing_vessel,3,0.0,0.3333,6.5515,19.6545,True,1742.01,131,25.0,153.16,325.68,0.0,0.073022972068177,0.14569998429465866,0.16276889987617946,457.12978008405105,97.27,103.27,104.23,6.0
1089,4,3,fishing_vessel,3,0.0,0.3333,5.24,15.7201,True,1872.64,110,25.0,132.44,188.99,0.0,0.073022972068177,0.14569998429465866,0.1642822734010619,456.6107979815341,97.27,103.27,104.31,6.0
1090,0,3,fishing_vessel,3,0.0,0.6667,5.6401,16.9203,True,1826.87,169,25.0,135.53,154.78,417.51,0.073022972068177,0.1456999842946587,0.16147204638157026,436.0714584647064,97.27,103.27,104.16,6.0
1091,1,3,fishing_vessel,3,0.0,0.6667,5.931,17.7929,True,1766.23,227,25.0,494.89,129.05,215.91,0.073022972068177,0.14569998429465866,0.16329603717073485,426.0349375948207,97.27,103.27,104.26,6.0
1092,2,3,fishing_vessel,3,0.0,0.6667,7.6742,23.0227,True,1814.07,299,25.0,204.01,133.8,0.0,0.073022972068177,0.14569998429465864,0.16415201704060428,428.36265379584444,97.27,103.27,104.3,6.0
1093,3,3,fishing_vessel,3,0.0,0.6667,6.5559,19.6676,True,1783.29,232,25.0,409.9,227.42,0.0,0.073022972068177,0.14569998429465866,0.1627472706381731,426.21580857486464,97.27,103.27,104.23,6.0
1094,4,3,fishing_vessel,3,0.0,0.6667,5.3808,16.1423,True,1881.63,135,25.0,165.97,200.38,0.0,0.073022972068177,0.1456999842946587,0.16351760678017205,416.2050762944051,97.27,103.27,104.27,6.0
1095,0,3,fishing_vessel,3,0.0,1.0,4.1875,12.5625,True,1776.61,197,25.0,312.14,113.82,60.6,0.073022972068177,0.14569998429465866,0.16234057040844113,345.8306117920585,97.27,103.27,104.21,6.0
1096,1,3,fishing_vessel,3,0.0,1.0,5.8901,17.6702,True,1792.79,283,25.0,469.33,141.44,0.0,0.073022972068177,0.14569998429465866,0.16237245843491013,297.86023764724155,97.27,103.27,104.21,6.0
1097,2,3,fishing_vessel,3,0.0,1.0,7.0776,21.2329,True,1880.66,326,25.0,140.36,250.33,0.0,0.073022972068177,0.14569998429465866,0.1636223851901158,304.89231107259843,97.27,103.27,104.28,6.0
1098,3,3,fishing_vessel,3,0.0,1.0,4.9293,14.7879,True,1821.34,191,25.0,273.3,122.65,0.0,0.073022972068177,0.14569998429465866,0.16343240813187257,352.23288461300757,97.27,103.27,104.27,6.0
1099,4,3,fishing_vessel,3,0.0,1.0,5.2296,15.6888,True,1797.76,276,25.0,290.45,356.03,0.0,0.073022972068177,0.14569998429465866,0.1624336290077395,300.47887678081867,97.27,103.27,104.21,6.0
1100,0,3,fishing_vessel,3,50.0,0.0,5.2251,15.6754,False,0.0,0,25.0,404.33,123.14,184.0,0.073022972068177,0.14569998429465864,0.1628425356187007,449.4865638257505,97.27,103.27,104.24,6.0
1101,1,3,fishing_vessel,3,50.0,0.0,5.5482,16.6446,False,0.0,0,25.0,56.36,351.85,0.0,0.073022972068177,0.14569998429465866,0.16340392166195564,445.77699361730777,97.27,103.27,104.27,6.0
1102,2,3,fishing_vessel,3,50.0,0.0,6.8564,20.5692,False,0.0,0,25.0,212.81,360.93,134.84,0.073022972068177,0.14569998429465866,0.16367388360123217,447.2352137178466,97.27,103.27,104.28,6.0
1103,3,3,fishing_vessel,3,50.0,0.0,4.155,12.4651,False,0.0,0,25.0,88.66,236.3,220.06,0.073022972068177,0.14569998429465866,0.16278456005516714,450.56657341396783,97.27,103.27,104.23,6.0
1104,4,3,fishing_vessel,3,50.0,0.0,7.0278,21.0833,False,0.0,0,25.0,51.25,258.8,402.28,0.073022972068177,0.14569998429465866,0.16301495095544438,447.0056374858512,97.27,103.27,104.24,6.0
1105,0,3,fishing_vessel,3,50.0,0.3333,6.599,19.7971,True,1665.64,124,25.0,315.99,83.9,166.86,0.073022972068177,0.14569998429465864,0.1626949309196298,447.22365476891736,97.27,103.27,104.23,6.0
1106,1,3,fishing_vessel,3,50.0,0.3333,6.4435,19.3306,True,1766.95,112,25.0,81.24,335.68,0.0,0.073022972068177,0.1456999842946587,0.1635823508138317,448.2461015040521,97.27,103.27,104.27,6.0
1107,2,3,fishing_vessel,3,50.0,0.3333,7.1416,21.4247,True,1819.04,125,25.0,310.24,154.74,110.06,0.073022972068177,0.14569998429465866,0.1628225258174481,443.05868615229525,97.27,103.27,104.23,6.0
1108,3,3,fishing_vessel,3,50.0,0.3333,5.5752,16.7255,True,1868.83,113,25.0,192.92,99.15,242.14,0.073022972068177,0.14569998429465866,0.16265893223742559,442.6861657238728,97.27,103.27,104.23,6.0
1109,4,3,fishing_vessel,3,50.0,0.3333,7.0092,21.0276,True,1807.66,126,25.0,202.72,445.08,0.0,0.073022972068177,0.14569998429465866,0.16240199176282688,450.05455395955084,97.27,103.27,104.21,6.0
1110,0,3,fishing_vessel,3,50.0,0.6667,7.4153,22.2459,True,1786.5,236,25.0,62.08,208.64,179.94,0.073022972068177,0.14569998429465866,0.16132707124379306,426.15020837550867,97.27,103.27,104.15,6.0
1111,1,3,fishing_vessel,3,50.0,0.6667,5.8547,17.564,True,1876.91,173,25.0,360.2,284.39,0.0,0.073022972068177,0.14569998429465866,0.1636376846468664,436.59484950763243,97.27,103.27,104.28,6.0
1112,2,3,fishing_vessel,3,50.0,0.6667,7.9791,23.9373,True,1726.39,246,25.0,74.26,226.38,0.0,0.073022972068177,0.14569998429465864,0.16350909037091657,415.03028715095587,97.27,103.27,104.27,6.0
1113,3,3,fishing_vessel,3,50.0,0.6667,4.6373,13.912,True,1769.19,150,25.0,131.18,110.87,0.0,0.073022972068177,0.1456999842946587,0.16205767723740808,434.6497971471333,97.27,103.27,104.19,6.0
1114,4,3,fishing_vessel,3,50.0,0.6667,5.1249,15.3748,True,1773.9,167,25.0,467.29,123.44,0.0,0.073022972068177,0.14569998429465866,0.16306822722702824,413.6665118894618,97.27,103.27,104.25,6.0
1115,0,3,fishing_vessel,3,50.0,1.0,5.73,17.19,True,1795.87,243,25.0,53.45,235.54,477.81,0.073022972068177,0.1456999842946587,0.16273822169719643,344.44761689241784,97.27,103.27,104.23,6.0
1116,1,3,fishing_vessel,3,50.0,1.0,5.0652,15.1955,True,1757.33,202,25.0,74.17,442.13,0.0,0.073022972068177,0.14569998429465864,0.16227263069701203,347.0730843133933,97.27,103.27,104.2,6.0
1117,2,3,fishing_vessel,3,50.0,1.0,6.2336,18.7008,True,1796.09,257,25.0,260.62,126.9,0.0,0.073022972068177,0.14569998429465866,0.1639354405859035,386.433511157943,97.27,103.27,104.29,6.0
1118,3,3,fishing_vessel,3,50.0,1.0,4.8923,14.6769,True,1724.21,214,25.0,475.36,112.49,0.0,0.073022972068177,0.1456999842946587,0.16095112911846732,306.07943428576004,97.27,103.27,104.13,6.0
1119,4,3,fishing_vessel,3,50.0,1.0,4.211,12.6331,True,1804.52,203,25.0,155.91,254.49,103.66,0.073022972068177,0.14569998429465866,0.1634151919860026,389.51012855825127,97.27,103.27,104.27,6.0
1120,0,3,fishing_vessel,4,0.0,0.0,5.881,23.524,False,0.0,0,25.0,275.31,165.78,0.0,0.073022972068177,0.14569998429465866,0.16272256844116312,463.3982998052157,97.27,103.27,104.23,6.0
1121,1,3,fishing_vessel,4,0.0,0.0,6.2531,25.0125,False,0.0,0,25.0,121.65,394.31,0.0,0.073022972068177,0.14569998429465866,0.16303194773530622,449.88925724068497,97.27,103.27,104.25,6.0
1122,2,3,fishing_vessel,4,0.0,0.0,4.6274,18.5097,False,0.0,0,25.0,104.02,324.0,272.67,0.073022972068177,0.14569998429465866,0.16320756547895598,474.0032849483065,97.27,103.27,104.25,6.0
1123,3,3,fishing_vessel,4,0.0,0.0,5.1365,20.5461,False,0.0,0,25.0,210.55,334.98,77.97,0.073022972068177,0.14569998429465866,0.16480421864100317,459.1705185623413,97.27,103.27,104.34,6.0
1124,4,3,fishing_vessel,4,0.0,0.0,7.3234,29.2936,False,0.0,0,25.0,255.96,104.38,356.8,0.073022972068177,0.14569998429465866,0.16152609998352188,462.0708369787375,97.27,103.27,104.16,6.0
1125,0,3,fishing_vessel,4,0.0,0.3333,6.1295,24.5181,True,1909.91,135,25.0,280.0,245.19,97.67,0.073022972068177,0.14569998429465866,0.1643855508086594,452.96012315898315,97.27,103.27,104.32,6.0
1126,1,3,fishing_vessel,4,0.0,0.3333,7.2903,29.1613,True,1717.99,157,25.0,79.17,261.87,280.09,0.073022972068177,0.14569998429465866,0.1615026643679512,461.1014638008072,97.27,103.27,104.16,6.0
1127,2,3,fishing_vessel,4,0.0,0.3333,7.3169,29.2674,True,1799.04,168,25.0,85.35,178.73,288.93,0.073022972068177,0.14569998429465866,0.16164336860483558,458.7027143018884,97.27,103.27,104.17,6.0
1128,3,3,fishing_vessel,4,0.0,0.3333,6.9543,27.8171,True,1819.47,161,25.0,488.94,287.3,0.0,0.073022972068177,0.14569998429465866,0.1625091608290948,463.11991531043566,97.27,103.27,104.22,6.0
1129,4,3,fishing_vessel,4,0.0,0.3333,7.3984,29.5937,True,1764.26,191,25.0,107.31,395.62,0.0,0.073022972068177,0.14569998429465866,0.16318375369999108,462.2288645760056,97.27,103.27,104.25,6.0
1130,0,3,fishing_vessel,4,0.0,0.6667,4.4193,17.6773,True,1804.88,215,25.0,75.75,214.39,292.33,0.073022972068177,0.1456999842946587,0.16331758961806098,426.6815878282892,97.27,103.27,104.26,6.0
1131,1,3,fishing_vessel,4,0.0,0.6667,4.7133,18.8532,True,1872.65,206,25.0,129.9,337.51,292.2,0.073022972068177,0.1456999842946587,0.16279806939649252,457.94814750571,97.27,103.27,104.23,6.0
1132,2,3,fishing_vessel,4,0.0,0.6667,7.9352,31.7408,True,1774.81,340,25.0,258.32,146.9,401.67,0.073022972068177,0.14569998429465866,0.16354593545047727,409.7097007891907,97.27,103.27,104.27,6.0
1133,3,3,fishing_vessel,4,0.0,0.6667,7.3431,29.3724,True,1798.9,367,25.0,101.73,271.86,0.0,0.073022972068177,0.1456999842946587,0.16377476911278094,381.8573333339815,97.27,103.27,104.28,6.0
1134,4,3,fishing_vessel,4,0.0,0.6667,6.4652,25.861,True,1867.02,257,25.0,118.14,346.21,0.0,0.073022972068177,0.14569998429465866,0.16228985801246174,436.58981506033336,97.27,103.27,104.21,6.0
1135,0,3,fishing_vessel,4,0.0,1.0,4.5249,18.0995,True,1903.24,291,25.0,296.88,97.5,0.0,0.073022972068177,0.1456999842946587,0.16230111635973204,362.15728321997017,97.27,103.27,104.21,6.0
1136,1,3,fishing_vessel,4,0.0,1.0,5.3523,21.4091,True,1838.74,312,25.0,83.73,142.3,339.56,0.073022972068177,0.14569998429465866,0.1634049419742459,299.8286379343937,97.27,103.27,104.27,6.0
1137,2,3,fishing_vessel,4,0.0,1.0,4.1153,16.461,True,1864.47,233,25.0,96.46,213.77,297.32,0.073022972068177,0.1456999842946587,0.1634330587466559,377.2737528696341,97.27,103.27,104.27,6.0
1138,3,3,fishing_vessel,4,0.0,1.0,6.5703,26.2813,True,1836.33,429,25.0,422.48,92.24,131.42,0.073022972068177,0.14569998429465866,0.1635085974421671,266.07150702480567,97.27,103.27,104.27,6.0
1139,4,3,fishing_vessel,4,0.0,1.0,6.8162,27.2648,True,1857.17,395,25.0,306.5,194.54,0.0,0.073022972068177,0.14569998429465866,0.16370368573692468,287.71861002779724,97.27,103.27,104.28,6.0
1140,0,3,fishing_vessel,4,50.0,0.0,7.1522,28.609,False,0.0,0,25.0,254.8,127.64,486.71,0.073022972068177,0.14569998429465866,0.16205980442461132,450.73910856996037,97.27,103.27,104.19,6.0
1141,1,3,fishing_vessel,4,50.0,0.0,4.6786,18.7143,False,0.0,0,25.0,255.0,169.44,132.57,0.073022972068177,0.14569998429465864,0.16272186974830635,459.5923820009726,97.27,103.27,104.23,6.0
1142,2,3,fishing_vessel,4,50.0,0.0,6.5888,26.355,False,0.0,0,25.0,260.29,239.73,78.12,0.073022972068177,0.14569998429465866,0.16340251380723644,452.2148091695776,97.27,103.27,104.27,6.0
1143,3,3,fishing_vessel,4,50.0,0.0,7.0062,28.0246,False,0.0,0,25.0,224.67,382.19,0.0,0.073022972068177,0.14569998429465866,0.1649976365113267,456.1152568666227,97.27,103.27,104.35,6.0
1144,4,3,fishing_vessel,4,50.0,0.0,6.9059,27.6237,False,0.0,0,25.0,69.85,202.95,0.0,0.073022972068177,0.14569998429465866,0.16262534056455133,454.02769971354445,97.27,103.27,104.22,6.0
1145,0,3,fishing_vessel,4,50.0,0.3333,5.7177,22.8709,True,1819.68,154,25.0,306.31,75.91,258.44,0.073022972068177,0.14569998429465866,0.16298185278963975,452.43996762537125,97.27,103.27,104.24,6.0
1146,1,3,fishing_vessel,4,50.0,0.3333,4.5373,18.1493,True,1760.62,119,25.0,53.4,139.83,498.16,0.073022972068177,0.14569998429465866,0.16307602642174082,462.18889396695187,97.27,103.27,104.25,6.0
1147,2,3,fishing_vessel,4,50.0,0.3333,7.8415,31.3658,True,1820.66,201,25.0,148.73,190.62,323.97,0.073022972068177,0.14569998429465866,0.16275649688441465,452.1187725423502,97.27,103.27,104.23,6.0
1148,3,3,fishing_vessel,4,50.0,0.3333,7.405,29.62,True,1784.94,189,25.0,143.35,381.08,0.0,0.073022972068177,0.14569998429465866,0.16292065625836655,452.9329998497918,97.27,103.27,104.24,6.0
1149,4,3,fishing_vessel,4,50.0,0.3333,6.9427,27.7708,True,1710.21,181,25.0,269.25,294.46,135.6,0.073022972068177,0.14569998429465864,0.16411096475816883,451.84142357684823,97.27,103.27,104.3,6.0
1150,0,3,fishing_vessel,4,50.0,0.6667,5.6445,22.5781,True,1791.79,265,25.0,220.56,84.8,238.08,0.073022972068177,0.14569998429465866,0.16228007495216007,419.8807193537999,97.27,103.27,104.21,6.0
1151,1,3,fishing_vessel,4,50.0,0.6667,6.6023,26.4094,True,1821.55,283,25.0,463.4,121.93,143.57,0.073022972068177,0.1456999842946587,0.16197574421739874,408.84290051956117,97.27,103.27,104.19,6.0
1152,2,3,fishing_vessel,4,50.0,0.6667,6.7239,26.8954,True,1827.3,302,25.0,123.15,229.35,0.0,0.073022972068177,0.14569998429465866,0.16368303214817,417.3942921419197,97.27,103.27,104.28,6.0
1153,3,3,fishing_vessel,4,50.0,0.6667,6.5974,26.3897,True,1898.99,284,25.0,148.94,359.26,266.4,0.073022972068177,0.1456999842946587,0.16248630982379297,428.7959140765372,97.27,103.27,104.22,6.0
1154,4,3,fishing_vessel,4,50.0,0.6667,5.3095,21.2379,True,1886.91,234,25.0,105.0,481.51,0.0,0.073022972068177,0.14569998429465866,0.16218936177795348,412.2092227461116,97.27,103.27,104.2,6.0
1155,0,3,fishing_vessel,4,50.0,1.0,6.7155,26.8622,True,1790.16,432,25.0,293.7,65.91,226.84,0.073022972068177,0.14569998429465866,0.16266389746272206,259.9152969520068,97.27,103.27,104.23,6.0
1156,1,3,fishing_vessel,4,50.0,1.0,5.0748,20.2993,True,1786.89,285,25.0,215.89,77.16,0.0,0.07302297206817701,0.1456999842946587,0.16346389704079958,342.8993923647092,97.27,103.27,104.27,6.0
1157,2,3,fishing_vessel,4,50.0,1.0,7.1446,28.5784,True,1756.13,474,25.0,124.92,484.72,0.0,0.073022972068177,0.14569998429465864,0.16193176104781384,327.69506482895326,97.27,103.27,104.19,6.0
1158,3,3,fishing_vessel,4,50.0,1.0,4.8879,19.5518,True,1777.71,308,25.0,84.03,469.96,0.0,0.073022972068177,0.14569998429465866,0.16265794232092343,342.63638166652004,97.27,103.27,104.23,6.0
1159,4,3,fishing_vessel,4,50.0,1.0,5.7362,22.9447,True,1811.6,319,25.0,332.51,135.77,0.0,0.073022972068177,0.14569998429465866,0.16425960825408323,323.8898471000491,97.27,103.27,104.31,6.0
1160,0,3,fishing_vessel,5,0.0,0.0,4.9845,24.9224,False,0.0,0,25.0,240.6,67.48,227.73,0.073022972068177,0.14569998429465866,0.16380149908202163,465.7007691306335,97.27,103.27,104.29,6.0
1161,1,3,fishing_vessel,5,0.0,0.0,4.5719,22.8597,False,0.0,0,25.0,111.22,60.19,0.0,0.073022972068177,0.14569998429465866,0.16340317743378271,478.99483221722926,97.27,103.27,104.27,6.0
1162,2,3,fishing_vessel,5,0.0,0.0,6.61,33.0499,False,0.0,0,25.0,347.04,82.23,104.26,0.073022972068177,0.14569998429465866,0.1636657658227665,466.08336548596014,97.27,103.27,104.28,6.0
1163,3,3,fishing_vessel,5,0.0,0.0,5.3409,26.7045,False,0.0,0,25.0,410.63,258.94,0.0,0.073022972068177,0.14569998429465866,0.1628656159017747,467.27497427362573,97.27,103.27,104.24,6.0
1164,4,3,fishing_vessel,5,0.0,0.0,7.541,37.7052,False,0.0,0,25.0,106.96,454.32,117.45,0.073022972068177,0.14569998429465866,0.1636719617054664,464.74919180785827,97.27,103.27,104.28,6.0
1165,0,3,fishing_vessel,5,0.0,0.3333,4.5205,22.6027,True,1790.04,140,25.0,313.46,132.09,0.0,0.073022972068177,0.1456999842946587,0.16314956428555397,476.2681135496946,97.27,103.27,104.25,6.0
1166,1,3,fishing_vessel,5,0.0,0.3333,6.882,34.4098,True,1795.8,190,25.0,485.61,83.46,235.6,0.073022972068177,0.14569998429465866,0.1621126923733707,465.11892665930225,97.27,103.27,104.2,6.0
1167,2,3,fishing_vessel,5,0.0,0.3333,5.2975,26.4877,True,1816.06,174,25.0,276.11,60.29,391.5,0.073022972068177,0.14569998429465866,0.16341020613411478,461.63047806676633,97.27,103.27,104.27,6.0
1168,3,3,fishing_vessel,5,0.0,0.3333,6.9142,34.5708,True,1740.44,200,25.0,382.26,297.72,0.0,0.073022972068177,0.14569998429465864,0.16308776467107697,462.3933106397049,97.27,103.27,104.25,6.0
1169,4,3,fishing_vessel,5,0.0,0.3333,7.1361,35.6804,True,1824.19,202,25.0,480.85,268.56,0.0,0.073022972068177,0.14569998429465866,0.16272490393438865,465.7633936583348,97.27,103.27,104.23,6.0
1170,0,3,fishing_vessel,5,0.0,0.6667,4.4551,22.2756,True,1805.0,248,25.0,86.54,370.78,284.02,0.073022972068177,0.14569998429465866,0.16134139348302723,432.12128807114436,97.27,103.27,104.15,6.0
1171,1,3,fishing_vessel,5,0.0,0.6667,4.4033,22.0166,True,1760.33,242,25.0,474.44,83.54,101.17,0.073022972068177,0.14569998429465866,0.1624539520787328,454.24419499650895,97.27,103.27,104.21,6.0
1172,2,3,fishing_vessel,5,0.0,0.6667,6.8698,34.3489,True,1844.73,378,25.0,170.16,64.76,0.0,0.073022972068177,0.14569998429465866,0.1625368350076279,435.29260034638264,97.27,103.27,104.22,6.0
1173,3,3,fishing_vessel,5,0.0,0.6667,7.4326,37.163,True,1746.31,400,25.0,208.57,100.32,0.0,0.073022972068177,0.14569998429465866,0.16337835553429433,407.7773846288661,97.27,103.27,104.26,6.0
1174,4,3,fishing_vessel,5,0.0,0.6667,4.9884,24.9422,True,1818.23,300,25.0,129.64,213.63,256.79,0.073022972068177,0.14569998429465866,0.16232676383023129,409.49563710688886,97.27,103.27,104.21,6.0
1175,0,3,fishing_vessel,5,0.0,1.0,4.7861,23.9304,True,1731.34,379,25.0,127.22,139.15,0.0,0.073022972068177,0.14569998429465866,0.16255578456296843,309.4130002546486,97.27,103.27,104.22,6.0
1176,1,3,fishing_vessel,5,0.0,1.0,7.7107,38.5536,True,1847.2,586,25.0,274.86,61.91,0.0,0.073022972068177,0.14569998429465866,0.16322897340558,282.22615030519466,97.27,103.27,104.26,6.0
1177,2,3,fishing_vessel,5,0.0,1.0,4.4691,22.3455,True,1919.41,331,25.0,283.07,88.6,0.0,0.073022972068177,0.1456999842946587,0.1628991312869669,344.8244300763141,97.27,103.27,104.24,6.0
1178,3,3,fishing_vessel,5,0.0,1.0,5.1388,25.6941,True,1854.67,416,25.0,206.8,126.68,0.0,0.073022972068177,0.14569998429465866,0.16377424583981842,317.9102278243821,97.27,103.27,104.28,6.0
1179,4,3,fishing_vessel,5,0.0,1.0,4.0757,20.3786,True,1792.67,314,25.0,246.66,281.14,0.0,0.073022972068177,0.14569998429465866,0.162927280865447,298.4109500642026,97.27,103.27,104.24,6.0
1180,0,3,fishing_vessel,5,50.0,0.0,4.4185,22.0926,False,0.0,0,25.0,171.86,124.47,0.0,0.073022972068177,0.14569998429465866,0.16249827090232155,470.05301053581246,97.27,103.27,104.22,6.0
1181,1,3,fishing_vessel,5,50.0,0.0,4.8005,24.0025,False,0.0,0,25.0,67.47,352.55,163.1,0.073022972068177,0.14569998429465866,0.16345576209948046,467.4402585962013,97.27,103.27,104.27,6.0
1182,2,3,fishing_vessel,5,50.0,0.0,5.3781,26.8905,False,0.0,0,25.0,366.7,58.73,160.64,0.073022972068177,0.14569998429465866,0.16142648549494473,456.4437608510236,97.27,103.27,104.16,6.0
1183,3,3,fishing_vessel,5,50.0,0.0,6.2302,31.151,False,0.0,0,25.0,260.81,97.06,0.0,0.073022972068177,0.14569998429465864,0.1622531628116715,454.44962364227746,97.27,103.27,104.2,6.0
1184,4,3,fishing_vessel,5,50.0,0.0,6.2219,31.1093,False,0.0,0,25.0,142.07,213.25,0.0,0.073022972068177,0.1456999842946587,0.1637711055675603,456.1909980867651,97.27,103.27,104.28,6.0
1185,0,3,fishing_vessel,5,50.0,0.3333,4.5795,22.8976,True,1900.91,132,25.0,169.99,50.01,0.0,0.073022972068177,0.14569998429465866,0.16243015056027543,468.16174218670034,97.27,103.27,104.21,6.0
1186,1,3,fishing_vessel,5,50.0,0.3333,4.1483,20.7414,True,1836.01,123,25.0,126.45,494.85,0.0,0.073022972068177,0.14569998429465866,0.1626363888238155,466.9381122749667,97.27,103.27,104.22,6.0
1187,2,3,fishing_vessel,5,50.0,0.3333,4.7454,23.7272,True,1830.83,137,25.0,323.1,291.68,0.0,0.073022972068177,0.14569998429465866,0.1638559180016576,467.72972355125,97.27,103.27,104.29,6.0
1188,3,3,fishing_vessel,5,50.0,0.3333,5.0706,25.3529,True,1879.55,141,25.0,367.19,252.97,0.0,0.073022972068177,0.14569998429465866,0.1636291601757229,449.13154556405027,97.27,103.27,104.28,6.0
1189,4,3,fishing_vessel,5,50.0,0.3333,5.7548,28.7741,True,1812.96,197,25.0,114.7,109.16,404.3,0.073022972068177,0.14569998429465866,0.162660464542286,452.06873830945943,97.27,103.27,104.23,6.0
1190,0,3,fishing_vessel,5,50.0,0.6667,4.4301,22.1505,True,1883.85,231,25.0,64.11,158.62,0.0,0.073022972068177,0.14569998429465866,0.16264404888177186,444.4775640404784,97.27,103.27,104.22,6.0
1191,1,3,fishing_vessel,5,50.0,0.6667,7.9735,39.8674,True,1873.99,432,25.0,78.76,348.77,0.0,0.073022972068177,0.14569998429465864,0.1641819207073595,401.568244502639,97.27,103.27,104.31,6.0
1192,2,3,fishing_vessel,5,50.0,0.6667,5.3941,26.9704,True,1775.92,308,25.0,113.92,190.9,0.0,0.073022972068177,0.14569998429465866,0.16266254741568084,423.0318450460817,97.27,103.27,104.23,6.0
1193,3,3,fishing_vessel,5,50.0,0.6667,5.4872,27.4361,True,1790.7,321,25.0,304.17,133.2,0.0,0.073022972068177,0.14569998429465866,0.16251002546798796,390.59285042643546,97.27,103.27,104.22,6.0
1194,4,3,fishing_vessel,5,50.0,0.6667,4.4144,22.072,True,1779.84,249,25.0,91.54,141.23,0.0,0.073022972068177,0.14569998429465866,0.1624143457211708,432.98592078676404,97.27,103.27,104.21,6.0
1195,0,3,fishing_vessel,5,50.0,1.0,5.4213,27.1063,True,1856.95,407,25.0,163.88,481.81,0.0,0.073022972068177,0.14569998429465866,0.1620417506330878,284.683453054873,97.27,103.27,104.19,6.0
1196,1,3,fishing_vessel,5,50.0,1.0,5.0942,25.471,True,1779.95,366,25.0,136.34,112.5,295.69,0.073022972068177,0.1456999842946587,0.1639968564115255,284.43074859728756,97.27,103.27,104.3,6.0
1197,2,3,fishing_vessel,5,50.0,1.0,5.0909,25.4545,True,1837.46,379,25.0,245.42,378.14,0.0,0.073022972068177,0.1456999842946587,0.16367686753522026,277.5094298799301,97.27,103.27,104.28,6.0
1198,3,3,fishing_vessel,5,50.0,1.0,6.1175,30.5876,True,1874.46,450,25.0,382.76,275.28,0.0,0.073022972068177,0.14569998429465864,0.16113474942754666,284.11151879705494,97.27,103.27,104.14,6.0
1199,4,3,fishing_vessel,5,50.0,1.0,4.3306,21.6529,True,1881.16,323,25.0,496.25,204.32,129.63,0.073022972068177,0.14569998429465864,0.16331765826490327,315.7504550966755,97.27,103.27,104.26,6.0
1200,0,3,cargo_ship,3,0.0,0.0,1.6597,4.9792,False,0.0,0,25.0,160.65,240.43,134.68,0.073022972068177,0.14569998429465866,0.161785090687932,475.78090520501354,97.27,103.27,104.18,6.0
1201,1,3,cargo_ship,3,0.0,0.0,2.4966,7.4899,False,0.0,0,25.0,173.65,346.41,0.0,0.073022972068177,0.14569998429465864,0.16289802829691216,463.2103436943756,97.27,103.27,104.24,6.0
1202,2,3,cargo_ship,3,0.0,0.0,2.0645,6.1934,False,0.0,0,25.0,234.86,131.44,245.15,0.073022972068177,0.14569998429465864,0.16216839526610674,462.2288764927028,97.27,103.27,104.2,6.0
1203,3,3,cargo_ship,3,0.0,0.0,1.5882,4.7647,False,0.0,0,25.0,53.18,222.62,0.0,0.073022972068177,0.1456999842946587,0.1618881360609258,474.61012098176474,97.27,103.27,104.18,6.0
1204,4,3,cargo_ship,3,0.0,0.0,2.0036,6.0107,False,0.0,0,25.0,79.34,419.51,0.0,0.073022972068177,0.14569998429465866,0.1629598497436314,462.109850218744,97.27,103.27,104.24,6.0
1205,0,3,cargo_ship,3,0.0,0.3333,1.6262,4.8786,True,723.28,37,25.0,139.03,134.86,0.0,0.07302297206817701,0.14569998429465866,0.16210498150842925,476.77086258848595,97.27,103.27,104.2,6.0
1206,1,3,cargo_ship,3,0.0,0.3333,1.5806,4.7417,True,692.64,36,25.0,92.61,235.66,252.06,0.073022972068177,0.14569998429465864,0.16336980773596235,473.84975674689247,97.27,103.27,104.26,6.0
1207,2,3,cargo_ship,3,0.0,0.3333,1.8513,5.554,True,752.3,33,25.0,204.21,427.67,0.0,0.073022972068177,0.14569998429465866,0.16179437408626127,467.47342880755656,97.27,103.27,104.18,6.0
1208,3,3,cargo_ship,3,0.0,0.3333,2.3007,6.9022,True,689.8,40,25.0,98.68,111.09,0.0,0.073022972068177,0.14569998429465866,0.16298607276722207,462.27056163583035,97.27,103.27,104.24,6.0
1209,4,3,cargo_ship,3,0.0,0.3333,1.7164,5.1493,True,689.34,44,25.0,59.02,386.65,0.0,0.073022972068177,0.14569998429465864,0.16527136509979665,465.9069124411936,97.27,103.27,104.36,6.0
1210,0,3,cargo_ship,3,0.0,0.6667,1.9721,5.9164,True,683.8,54,25.0,211.53,106.14,0.0,0.073022972068177,0.14569998429465866,0.1635087298614587,451.81463912032433,97.27,103.27,104.27,6.0
1211,1,3,cargo_ship,3,0.0,0.6667,1.5833,4.7499,True,737.16,45,25.0,208.01,151.61,147.27,0.073022972068177,0.14569998429465866,0.1631375338714775,472.50182721309324,97.27,103.27,104.25,6.0
1212,2,3,cargo_ship,3,0.0,0.6667,1.9756,5.9269,True,702.3,77,25.0,231.86,339.38,105.98,0.073022972068177,0.14569998429465866,0.16401887229925394,454.34245163853325,97.27,103.27,104.3,6.0
1213,3,3,cargo_ship,3,0.0,0.6667,2.2882,6.8647,True,782.68,73,25.0,494.66,63.85,252.49,0.073022972068177,0.14569998429465866,0.1626837374346628,459.584457460179,97.27,103.27,104.23,6.0
1214,4,3,cargo_ship,3,0.0,0.6667,2.3947,7.184,True,746.62,77,25.0,78.7,234.1,0.0,0.073022972068177,0.14569998429465866,0.16447303976859684,457.2721629479954,97.27,103.27,104.32,6.0
1215,0,3,cargo_ship,3,0.0,1.0,2.3814,7.1441,True,749.38,115,25.0,72.85,259.94,332.59,0.073022972068177,0.14569998429465866,0.16214952408433603,403.11290659053816,97.27,103.27,104.2,6.0
1216,1,3,cargo_ship,3,0.0,1.0,1.7145,5.1436,True,761.96,63,25.0,91.06,340.27,120.04,0.073022972068177,0.14569998429465866,0.1619414485159406,436.0167351775113,97.27,103.27,104.19,6.0
1217,2,3,cargo_ship,3,0.0,1.0,2.0963,6.2889,True,749.76,114,25.0,105.7,433.78,115.58,0.073022972068177,0.14569998429465866,0.16208330329329484,375.1828621515616,97.27,103.27,104.19,6.0
1218,3,3,cargo_ship,3,0.0,1.0,2.3902,7.1705,True,739.55,109,25.0,104.11,111.6,294.25,0.073022972068177,0.14569998429465864,0.16399432304204054,412.7190272138735,97.27,103.27,104.3,6.0
1219,4,3,cargo_ship,3,0.0,1.0,2.3102,6.9306,True,691.41,97,25.0,317.62,204.66,97.01,0.073022972068177,0.14569998429465866,0.16450293626760926,359.0536386329007,97.27,103.27,104.32,6.0
1220,0,3,cargo_ship,3,50.0,0.0,2.2079,6.6238,False,0.0,0,25.0,74.82,358.22,0.0,0.073022972068177,0.14569998429465866,0.16319251177649532,457.9034934609607,97.27,103.27,104.25,6.0
1221,1,3,cargo_ship,3,50.0,0.0,2.3682,7.1045,False,0.0,0,25.0,324.36,92.99,290.36,0.073022972068177,0.14569998429465866,0.16288329165633492,454.8606520931536,97.27,103.27,104.24,6.0
1222,2,3,cargo_ship,3,50.0,0.0,1.5977,4.7931,False,0.0,0,25.0,147.15,114.56,467.74,0.073022972068177,0.14569998429465866,0.1630026942744445,467.16316911452907,97.27,103.27,104.24,6.0
1223,3,3,cargo_ship,3,50.0,0.0,2.3062,6.9185,False,0.0,0,25.0,289.79,133.78,225.7,0.073022972068177,0.14569998429465866,0.16348135798600505,453.78572313515224,97.27,103.27,104.27,6.0
1224,4,3,cargo_ship,3,50.0,0.0,2.4321,7.2963,False,0.0,0,25.0,455.81,241.47,126.55,0.073022972068177,0.14569998429465866,0.1643447532739052,454.21905679411236,97.27,103.27,104.32,6.0
1225,0,3,cargo_ship,3,50.0,0.3333,2.1991,6.5972,True,670.51,36,25.0,350.29,59.8,0.0,0.073022972068177,0.14569998429465866,0.16494081150365467,456.77288929365744,97.27,103.27,104.35,6.0
1226,1,3,cargo_ship,3,50.0,0.3333,2.3462,7.0387,True,710.16,48,25.0,270.32,64.65,456.9,0.073022972068177,0.1456999842946587,0.16340859116838422,456.30607787123097,97.27,103.27,104.27,6.0
1227,2,3,cargo_ship,3,50.0,0.3333,1.7387,5.2161,True,780.8,28,25.0,112.6,176.72,0.0,0.073022972068177,0.14569998429465866,0.16252291554281184,456.54469980945606,97.27,103.27,104.22,6.0
1228,3,3,cargo_ship,3,50.0,0.3333,2.0347,6.104,True,799.24,29,25.0,271.1,115.62,0.0,0.073022972068177,0.14569998429465866,0.16130781699472507,456.32128471486976,97.27,103.27,104.15,6.0
1229,4,3,cargo_ship,3,50.0,0.3333,1.9247,5.7742,True,699.15,33,25.0,243.26,130.01,0.0,0.073022972068177,0.14569998429465866,0.1629431482954286,459.5201856777877,97.27,103.27,104.24,6.0
1230,0,3,cargo_ship,3,50.0,0.6667,1.8156,5.4468,True,720.98,52,25.0,288.73,95.59,327.87,0.073022972068177,0.14569998429465866,0.16352226342102633,451.5779919388983,97.27,103.27,104.27,6.0
1231,1,3,cargo_ship,3,50.0,0.6667,1.8671,5.6014,True,727.74,62,25.0,319.84,238.67,0.0,0.073022972068177,0.14569998429465866,0.16341419328231055,445.46038460979094,97.27,103.27,104.27,6.0
1232,2,3,cargo_ship,3,50.0,0.6667,2.0709,6.2127,True,741.6,71,25.0,358.4,96.91,0.0,0.073022972068177,0.14569998429465866,0.1622183532151232,448.73607638334187,97.27,103.27,104.2,6.0
1233,3,3,cargo_ship,3,50.0,0.6667,1.9478,5.8435,True,739.04,60,25.0,356.26,66.94,165.5,0.073022972068177,0.14569998429465866,0.16405401220596846,453.3172962571468,97.27,103.27,104.3,6.0
1234,4,3,cargo_ship,3,50.0,0.6667,1.7421,5.2262,True,653.54,44,25.0,127.78,431.34,0.0,0.073022972068177,0.14569998429465864,0.16260110411312198,450.16656572053824,97.27,103.27,104.22,6.0
1235,0,3,cargo_ship,3,50.0,1.0,2.4845,7.4535,True,725.99,112,25.0,225.83,248.52,0.0,0.073022972068177,0.1456999842946587,0.16367195822948383,356.5286355785624,97.27,103.27,104.28,6.0
1236,1,3,cargo_ship,3,50.0,1.0,1.9961,5.9882,True,759.84,100,25.0,353.37,200.37,101.81,0.073022972068177,0.14569998429465866,0.16306297775713383,406.42938026015764,97.27,103.27,104.25,6.0
1237,2,3,cargo_ship,3,50.0,1.0,1.9087,5.7261,True,704.49,74,25.0,341.66,90.61,0.0,0.073022972068177,0.14569998429465866,0.1626055825682859,381.87085776814826,97.27,103.27,104.22,6.0
1238,3,3,cargo_ship,3,50.0,1.0,2.415,7.245,True,755.27,96,25.0,239.64,62.73,0.0,0.073022972068177,0.14569998429465864,0.16401505927124083,418.48245601996,97.27,103.27,104.3,6.0
1239,4,3,cargo_ship,3,50.0,1.0,1.5953,4.7858,True,731.27,71,25.0,341.35,124.54,245.75,0.073022972068177,0.14569998429465864,0.16270549118191985,436.7567169879818,97.27,103.27,104.23,6.0
1240,0,3,cargo_ship,4,0.0,0.0,1.5679,6.2715,False,0.0,0,25.0,118.24,211.88,451.95,0.073022972068177,0.14569998429465866,0.16434585920553,469.03937279983734,97.27,103.27,104.32,6.0
1241,1,3,cargo_ship,4,0.0,0.0,2.0395,8.158,False,0.0,0,25.0,446.81,274.69,0.0,0.073022972068177,0.1456999842946587,0.16417852897194712,466.6045374182544,97.27,103.27,104.31,6.0
1242,2,3,cargo_ship,4,0.0,0.0,2.062,8.248,False,0.0,0,25.0,75.65,315.2,0.0,0.073022972068177,0.14569998429465866,0.1648034156858064,463.99400235245963,97.27,103.27,104.34,6.0
1243,3,3,cargo_ship,4,0.0,0.0,1.8395,7.3579,False,0.0,0,25.0,371.86,214.68,118.38,0.073022972068177,0.14569998429465866,0.16350571442813158,467.2914278958677,97.27,103.27,104.27,6.0
1244,4,3,cargo_ship,4,0.0,0.0,1.7676,7.0706,False,0.0,0,25.0,234.48,192.35,0.0,0.073022972068177,0.14569998429465866,0.1633790863616849,470.53196516018295,97.27,103.27,104.26,6.0
1245,0,3,cargo_ship,4,0.0,0.3333,2.1187,8.4748,True,750.81,55,25.0,62.19,163.36,0.0,0.073022972068177,0.14569998429465866,0.16470281972167566,462.68817060481166,97.27,103.27,104.33,6.0
1246,1,3,cargo_ship,4,0.0,0.3333,1.6776,6.7106,True,697.2,45,25.0,370.52,162.3,144.16,0.07302297206817701,0.14569998429465872,0.1643730945209887,467.3324459304831,97.27,103.27,104.32,6.0
1247,2,3,cargo_ship,4,0.0,0.3333,1.9761,7.9044,True,708.61,52,25.0,72.82,440.3,0.0,0.073022972068177,0.14569998429465866,0.16350645410781783,468.7317440862048,97.27,103.27,104.27,6.0
1248,3,3,cargo_ship,4,0.0,0.3333,2.4725,9.89,True,705.05,58,25.0,184.34,122.52,475.02,0.073022972068177,0.14569998429465864,0.16358751014794692,465.21337444749196,97.27,103.27,104.28,6.0
1249,4,3,cargo_ship,4,0.0,0.3333,1.6808,6.7232,True,710.24,39,25.0,307.64,115.8,0.0,0.073022972068177,0.14569998429465866,0.16318289929180002,468.75390037015427,97.27,103.27,104.25,6.0
1250,0,3,cargo_ship,4,0.0,0.6667,2.2317,8.9268,True,714.09,114,25.0,264.75,93.59,270.84,0.073022972068177,0.14569998429465864,0.16312665196680126,447.3049223486856,97.27,103.27,104.25,6.0
1251,1,3,cargo_ship,4,0.0,0.6667,1.8062,7.2248,True,759.3,70,25.0,68.81,414.53,180.78,0.073022972068177,0.14569998429465864,0.16362729608138762,464.61104393279487,97.27,103.27,104.28,6.0
1252,2,3,cargo_ship,4,0.0,0.6667,2.2348,8.9394,True,739.16,111,25.0,121.87,157.41,0.0,0.073022972068177,0.14569998429465866,0.16222624327850907,453.45949574644794,97.27,103.27,104.2,6.0
1253,3,3,cargo_ship,4,0.0,0.6667,2.0244,8.0977,True,712.73,90,25.0,56.51,294.75,319.72,0.073022972068177,0.14569998429465866,0.16471266551601185,451.6684548533746,97.27,103.27,104.33,6.0
1254,4,3,cargo_ship,4,0.0,0.6667,1.8103,7.2411,True,656.63,66,25.0,240.65,101.02,256.15,0.073022972068177,0.14569998429465866,0.16340819155897132,455.2779488560899,97.27,103.27,104.27,6.0
1255,0,3,cargo_ship,4,0.0,1.0,2.4526,9.8104,True,746.25,156,25.0,199.7,333.94,50.83,0.073022972068177,0.14569998429465866,0.16278697169111764,401.8159446542279,97.27,103.27,104.23,6.0
1256,1,3,cargo_ship,4,0.0,1.0,2.3551,9.4203,True,750.51,130,25.0,122.01,242.7,0.0,0.073022972068177,0.14569998429465866,0.16320394176846156,410.3984219130087,97.27,103.27,104.25,6.0
1257,2,3,cargo_ship,4,0.0,1.0,2.4397,9.759,True,748.05,136,25.0,114.51,83.83,0.0,0.073022972068177,0.14569998429465866,0.16264989217553555,396.78636128881527,97.27,103.27,104.23,6.0
1258,3,3,cargo_ship,4,0.0,1.0,1.6114,6.4455,True,735.3,80,25.0,88.39,322.8,0.0,0.073022972068177,0.14569998429465866,0.16451071479775542,437.16635913216214,97.27,103.27,104.32,6.0
1259,4,3,cargo_ship,4,0.0,1.0,1.7598,7.039,True,678.37,115,25.0,257.65,281.24,140.96,0.073022972068177,0.14569998429465866,0.16415312283038522,426.627594977979,97.27,103.27,104.3,6.0
1260,0,3,cargo_ship,4,50.0,0.0,1.562,6.2479,False,0.0,0,25.0,105.44,85.78,0.0,0.073022972068177,0.14569998429465866,0.1619057623793558,462.52269494648743,97.27,103.27,104.19,6.0
1261,1,3,cargo_ship,4,50.0,0.0,2.2446,8.9785,False,0.0,0,25.0,138.77,70.63,436.49,0.073022972068177,0.14569998429465866,0.1625630910413429,456.4400133136133,97.27,103.27,104.22,6.0
1262,2,3,cargo_ship,4,50.0,0.0,1.9207,7.6827,False,0.0,0,25.0,129.41,377.02,60.24,0.073022972068177,0.1456999842946587,0.1619278549530577,459.29621616277245,97.27,103.27,104.19,6.0
1263,3,3,cargo_ship,4,50.0,0.0,2.1662,8.6647,False,0.0,0,25.0,459.89,129.08,0.0,0.073022972068177,0.14569998429465866,0.16299921758401117,458.43257737919595,97.27,103.27,104.24,6.0
1264,4,3,cargo_ship,4,50.0,0.0,2.2891,9.1564,False,0.0,0,25.0,296.71,470.1,0.0,0.073022972068177,0.14569998429465866,0.16419298222100126,459.0280607365572,97.27,103.27,104.31,6.0
1265,0,3,cargo_ship,4,50.0,0.3333,1.8259,7.3036,True,722.18,54,25.0,404.2,120.42,0.0,0.073022972068177,0.14569998429465866,0.16330167074052845,460.2828865477868,97.27,103.27,104.26,6.0
1266,1,3,cargo_ship,4,50.0,0.3333,1.7833,7.1331,True,741.52,38,25.0,228.46,112.32,470.82,0.073022972068177,0.14569998429465866,0.16405485899948496,457.78559148356254,97.27,103.27,104.3,6.0
1267,2,3,cargo_ship,4,50.0,0.3333,1.7041,6.8165,True,804.42,43,25.0,338.25,249.92,0.0,0.073022972068177,0.14569998429465866,0.1625802468599412,458.98092820025164,97.27,103.27,104.22,6.0
1268,3,3,cargo_ship,4,50.0,0.3333,2.3798,9.5192,True,706.14,64,25.0,202.4,492.89,140.16,0.073022972068177,0.14569998429465866,0.16176883808424908,457.6734177939815,97.27,103.27,104.18,6.0
1269,4,3,cargo_ship,4,50.0,0.3333,1.6886,6.7544,True,765.15,47,25.0,303.74,110.7,0.0,0.073022972068177,0.14569998429465866,0.16352398002624507,458.85396321111625,97.27,103.27,104.27,6.0
1270,0,3,cargo_ship,4,50.0,0.6667,2.2187,8.8747,True,740.92,117,25.0,146.77,459.4,0.0,0.073022972068177,0.14569998429465866,0.161759309403152,436.32194003161214,97.27,103.27,104.18,6.0
1271,1,3,cargo_ship,4,50.0,0.6667,1.5863,6.3452,True,724.67,75,25.0,212.13,346.84,103.56,0.073022972068177,0.14569998429465866,0.16171347513381695,449.042226123201,97.27,103.27,104.17,6.0
1272,2,3,cargo_ship,4,50.0,0.6667,1.984,7.9361,True,711.82,81,25.0,240.92,138.13,288.97,0.073022972068177,0.14569998429465864,0.16383669209961474,435.7365131115647,97.27,103.27,104.29,6.0
1273,3,3,cargo_ship,4,50.0,0.6667,2.1777,8.7109,True,705.28,90,25.0,104.12,187.29,209.86,0.073022972068177,0.14569998429465866,0.16249899517607025,454.11907617953324,97.27,103.27,104.22,6.0
1274,4,3,cargo_ship,4,50.0,0.6667,2.1597,8.6389,True,748.23,98,25.0,66.73,244.78,291.14,0.073022972068177,0.14569998429465866,0.16162623603628137,438.8680769147002,97.27,103.27,104.17,6.0
1275,0,3,cargo_ship,4,50.0,1.0,2.4738,9.8953,True,720.37,160,25.0,219.53,80.53,0.0,0.073022972068177,0.14569998429465866,0.16313729290940343,343.3879108103645,97.27,103.27,104.25,6.0
1276,1,3,cargo_ship,4,50.0,1.0,2.3781,9.5123,True,718.6,172,25.0,322.62,122.88,269.12,0.073022972068177,0.14569998429465864,0.16157414217253976,368.2999821817106,97.27,103.27,104.17,6.0
1277,2,3,cargo_ship,4,50.0,1.0,1.8976,7.5906,True,756.01,105,25.0,406.75,151.31,78.7,0.073022972068177,0.14569998429465864,0.16541229132734853,406.1730554504514,97.27,103.27,104.37,6.0
1278,3,3,cargo_ship,4,50.0,1.0,2.0921,8.3685,True,725.94,137,25.0,137.11,144.57,487.1,0.073022972068177,0.14569998429465866,0.16379541278561385,368.78123727669333,97.27,103.27,104.29,6.0
1279,4,3,cargo_ship,4,50.0,1.0,2.1293,8.517,True,662.17,124,25.0,62.32,205.94,434.09,0.073022972068177,0.14569998429465866,0.16308222287822885,378.2804047144555,97.27,103.27,104.25,6.0
1280,0,3,cargo_ship,5,0.0,0.0,2.1575,10.7877,False,0.0,0,25.0,135.62,108.88,0.0,0.073022972068177,0.14569998429465866,0.1622599348255874,449.85013389173383,97.27,103.27,104.2,6.0
1281,1,3,cargo_ship,5,0.0,0.0,2.3161,11.5804,False,0.0,0,25.0,141.55,315.01,138.09,0.073022972068177,0.14569998429465866,0.1619648432611128,449.65680514588814,97.27,103.27,104.19,6.0
1282,2,3,cargo_ship,5,0.0,0.0,1.8557,9.2785,False,0.0,0,25.0,85.21,225.95,203.96,0.073022972068177,0.14569998429465866,0.1640429683970528,467.37955592017255,97.27,103.27,104.3,6.0
1283,3,3,cargo_ship,5,0.0,0.0,2.2719,11.3593,False,0.0,0,25.0,72.11,264.04,0.0,0.073022972068177,0.14569998429465866,0.16433799965572604,451.3315960151314,97.27,103.27,104.31,6.0
1284,4,3,cargo_ship,5,0.0,0.0,2.2316,11.1578,False,0.0,0,25.0,76.19,458.52,0.0,0.073022972068177,0.1456999842946587,0.16023733464782505,452.35624809676625,97.27,103.27,104.1,6.0
1285,0,3,cargo_ship,5,0.0,0.3333,1.6158,8.0788,True,682.48,41,25.0,89.42,278.49,0.0,0.073022972068177,0.14569998429465866,0.16271104749314164,468.1995373769335,97.27,103.27,104.23,6.0
1286,1,3,cargo_ship,5,0.0,0.3333,1.8354,9.1769,True,793.8,66,25.0,469.32,246.68,0.0,0.073022972068177,0.14569998429465864,0.16350180094154543,470.3184196122175,97.27,103.27,104.27,6.0
1287,2,3,cargo_ship,5,0.0,0.3333,1.5473,7.7367,True,794.17,45,25.0,209.5,128.49,0.0,0.073022972068177,0.14569998429465866,0.16323895311820977,471.29582484126803,97.27,103.27,104.26,6.0
1288,3,3,cargo_ship,5,0.0,0.3333,1.7117,8.5585,True,736.85,59,25.0,108.16,359.58,289.15,0.073022972068177,0.14569998429465866,0.16121263419306706,469.332800400686,97.27,103.27,104.15,6.0
1289,4,3,cargo_ship,5,0.0,0.3333,1.7485,8.7424,True,670.25,46,25.0,270.36,260.26,120.65,0.073022972068177,0.14569998429465866,0.1625124577885483,469.38082233309893,97.27,103.27,104.22,6.0
1290,0,3,cargo_ship,5,0.0,0.6667,2.1448,10.7239,True,708.38,112,25.0,145.88,430.65,99.35,0.073022972068177,0.14569998429465866,0.16324657600934783,426.65932758195856,97.27,103.27,104.26,6.0
1291,1,3,cargo_ship,5,0.0,0.6667,2.1507,10.7534,True,743.1,132,25.0,223.21,114.8,0.0,0.073022972068177,0.1456999842946587,0.16264800110408564,426.4193859946227,97.27,103.27,104.22,6.0
1292,2,3,cargo_ship,5,0.0,0.6667,2.3538,11.7691,True,721.18,124,25.0,51.26,218.51,244.35,0.073022972068177,0.1456999842946587,0.16184574545732772,424.9198528367183,97.27,103.27,104.18,6.0
1293,3,3,cargo_ship,5,0.0,0.6667,1.5305,7.6525,True,720.04,93,25.0,230.11,133.04,0.0,0.073022972068177,0.1456999842946587,0.16401728315298209,462.4457813392203,97.27,103.27,104.3,6.0
1294,4,3,cargo_ship,5,0.0,0.6667,2.1333,10.6667,True,708.81,129,25.0,243.66,138.84,118.68,0.073022972068177,0.14569998429465866,0.16272573550860056,423.5476459476653,97.27,103.27,104.23,6.0
1295,0,3,cargo_ship,5,0.0,1.0,1.885,9.4249,True,768.6,132,25.0,238.71,138.73,0.0,0.073022972068177,0.1456999842946587,0.16374354395210663,406.85765316475045,97.27,103.27,104.28,6.0
1296,1,3,cargo_ship,5,0.0,1.0,2.4912,12.4561,True,729.28,177,25.0,127.14,234.76,236.23,0.073022972068177,0.14569998429465864,0.1658418741341873,325.4344788323648,97.27,103.27,104.39,6.0
1297,2,3,cargo_ship,5,0.0,1.0,1.6305,8.1524,True,744.23,117,25.0,138.77,290.4,216.56,0.07302297206817701,0.1456999842946587,0.1622975360751126,360.4550319600232,97.27,103.27,104.21,6.0
1298,3,3,cargo_ship,5,0.0,1.0,2.0903,10.4513,True,704.4,164,25.0,318.96,293.27,0.0,0.07302297206817701,0.1456999842946587,0.1629475389661697,417.21998285446284,97.27,103.27,104.24,6.0
1299,4,3,cargo_ship,5,0.0,1.0,2.0403,10.2017,True,638.55,135,25.0,210.71,204.93,84.34,0.073022972068177,0.14569998429465866,0.16144870847537698,336.1763785518328,97.27,103.27,104.16,6.0
1300,0,3,cargo_ship,5,50.0,0.0,1.8347,9.1737,False,0.0,0,25.0,102.88,71.26,451.93,0.073022972068177,0.14569998429465864,0.1632747007479642,460.25176348937555,97.27,103.27,104.26,6.0
1301,1,3,cargo_ship,5,50.0,0.0,2.2039,11.0194,False,0.0,0,25.0,113.07,472.06,125.95,0.073022972068177,0.14569998429465866,0.16242245872584493,441.5728531138763,97.27,103.27,104.21,6.0
1302,2,3,cargo_ship,5,50.0,0.0,2.1251,10.6255,False,0.0,0,25.0,361.42,197.43,0.0,0.073022972068177,0.14569998429465866,0.1634218847555306,444.8091355611735,97.27,103.27,104.27,6.0
1303,3,3,cargo_ship,5,50.0,0.0,2.2373,11.1865,False,0.0,0,25.0,77.38,252.49,0.0,0.073022972068177,0.14569998429465866,0.16221670922079112,442.78007918866734,97.27,103.27,104.2,6.0
1304,4,3,cargo_ship,5,50.0,0.0,1.8228,9.1142,False,0.0,0,25.0,239.01,411.59,139.22,0.073022972068177,0.14569998429465866,0.16239783270167255,459.2186916565368,97.27,103.27,104.21,6.0
1305,0,3,cargo_ship,5,50.0,0.3333,1.7577,8.7883,True,734.52,49,25.0,297.75,102.68,0.0,0.073022972068177,0.14569998429465866,0.16340878315496957,460.813225505912,97.27,103.27,104.27,6.0
1306,1,3,cargo_ship,5,50.0,0.3333,2.3381,11.6904,True,732.47,64,25.0,192.32,133.18,221.58,0.073022972068177,0.14569998429465866,0.1624925363144391,441.44355959573693,97.27,103.27,104.22,6.0
1307,2,3,cargo_ship,5,50.0,0.3333,1.7192,8.596,True,748.94,50,25.0,480.9,281.24,129.93,0.073022972068177,0.1456999842946587,0.16404666328394693,459.46031182005504,97.27,103.27,104.3,6.0
1308,3,3,cargo_ship,5,50.0,0.3333,2.465,12.3249,True,744.26,68,25.0,159.01,69.07,365.34,0.073022972068177,0.14569998429465864,0.16267598813705686,438.31076248235814,97.27,103.27,104.23,6.0
1309,4,3,cargo_ship,5,50.0,0.3333,2.3054,11.5272,True,697.42,64,25.0,157.65,423.93,110.47,0.073022972068177,0.14569998429465864,0.1637115120420171,441.03842403856135,97.27,103.27,104.28,6.0
1310,0,3,cargo_ship,5,50.0,0.6667,2.2902,11.4509,True,718.2,132,25.0,382.71,186.18,117.33,0.073022972068177,0.14569998429465864,0.1630480371154645,427.48245799016934,97.27,103.27,104.25,6.0
1311,1,3,cargo_ship,5,50.0,0.6667,2.4647,12.3234,True,710.64,122,25.0,192.63,433.26,96.91,0.073022972068177,0.1456999842946587,0.1633140248558937,423.7318972764122,97.27,103.27,104.26,6.0
1312,2,3,cargo_ship,5,50.0,0.6667,2.0674,10.3372,True,730.48,106,25.0,234.98,207.49,0.0,0.073022972068177,0.14569998429465864,0.16416075128770896,424.3062698065192,97.27,103.27,104.31,6.0
1313,3,3,cargo_ship,5,50.0,0.6667,2.4189,12.0945,True,729.14,137,25.0,210.74,92.36,453.61,0.073022972068177,0.14569998429465866,0.16249993311655359,407.10034285019293,97.27,103.27,104.22,6.0
1314,4,3,cargo_ship,5,50.0,0.6667,1.8166,9.0829,True,700.85,106,25.0,93.19,466.76,0.0,0.073022972068177,0.14569998429465866,0.16186718136122955,451.42987132142144,97.27,103.27,104.18,6.0
1315,0,3,cargo_ship,5,50.0,1.0,2.3613,11.8066,True,750.16,187,25.0,263.46,99.18,167.95,0.073022972068177,0.14569998429465864,0.164023413278631,357.6274508633289,97.27,103.27,104.3,6.0
1316,1,3,cargo_ship,5,50.0,1.0,1.6948,8.4741,True,707.06,154,25.0,245.3,124.97,111.47,0.073022972068177,0.14569998429465864,0.16355074046457135,331.605707122527,97.27,103.27,104.27,6.0
1317,2,3,cargo_ship,5,50.0,1.0,2.4941,12.4704,True,752.32,180,25.0,195.34,375.6,0.0,0.073022972068177,0.14569998429465864,0.163182662624705,353.7772683623558,97.27,103.27,104.25,6.0
1318,3,3,cargo_ship,5,50.0,1.0,2.1891,10.9455,True,689.36,160,25.0,442.38,268.69,119.64,0.073022972068177,0.14569998429465864,0.16166445724829176,336.36721680920044,97.27,103.27,104.17,6.0
1319,4,3,cargo_ship,5,50.0,1.0,1.8537,9.2685,True,738.55,142,25.0,80.7,212.2,0.0,0.073022972068177,0.14569998429465866,0.16376920347899782,383.92402051133365,97.27,103.27,104.28,6.0
1320,0,3,tanker,3,0.0,0.0,1.472,4.416,False,0.0,0,25.0,404.34,94.75,239.01,0.073022972068177,0.14569998429465866,0.16315171442181978,442.31584211315,97.27,103.27,104.25,6.0
1321,1,3,tanker,3,0.0,0.0,1.1363,3.4088,False,0.0,0,25.0,196.52,139.0,405.68,0.073022972068177,0.14569998429465864,0.1630902645552179,442.271714435746,97.27,103.27,104.25,6.0
1322,2,3,tanker,3,0.0,0.0,1.4898,4.4693,False,0.0,0,25.0,56.45,233.45,233.16,0.073022972068177,0.14569998429465866,0.16363986585174928,438.54180800434546,97.27,103.27,104.28,6.0
1323,3,3,tanker,3,0.0,0.0,1.2797,3.8392,False,0.0,0,25.0,169.72,436.23,109.9,0.073022972068177,0.1456999842946587,0.16345076418066165,441.2113703676463,97.27,103.27,104.27,6.0
1324,4,3,tanker,3,0.0,0.0,1.4106,4.2318,False,0.0,0,25.0,275.92,74.4,382.53,0.073022972068177,0.14569998429465866,0.16216870066636704,442.2750211817011,97.27,103.27,104.2,6.0
1325,0,3,tanker,3,0.0,0.3333,1.3844,4.1531,True,465.79,25,25.0,94.15,238.83,0.0,0.073022972068177,0.14569998429465866,0.16279563903824298,442.3188464799709,97.27,103.27,104.23,6.0
1326,1,3,tanker,3,0.0,0.3333,1.4851,4.4553,True,440.45,29,25.0,54.31,207.21,0.0,0.073022972068177,0.14569998429465866,0.16398465543659402,442.4610398955395,97.27,103.27,104.3,6.0
1327,2,3,tanker,3,0.0,0.3333,1.1561,3.4684,True,492.16,23,25.0,136.55,69.77,0.0,0.073022972068177,0.14569998429465866,0.16461650951624515,442.5536553537742,97.27,103.27,104.33,6.0
1328,3,3,tanker,3,0.0,0.3333,1.0837,3.2512,True,488.16,18,25.0,85.79,291.65,262.67,0.073022972068177,0.14569998429465864,0.16266594619935892,444.1570863831195,97.27,103.27,104.23,6.0
1329,4,3,tanker,3,0.0,0.3333,1.124,3.3721,True,489.07,19,25.0,143.57,239.6,0.0,0.073022972068177,0.14569998429465864,0.16309911476913533,442.46185194991716,97.27,103.27,104.25,6.0
1330,0,3,tanker,3,0.0,0.6667,1.3014,3.9041,True,465.4,42,25.0,52.21,193.27,300.46,0.073022972068177,0.14569998429465866,0.16252793211042352,439.5133399297906,97.27,103.27,104.22,6.0
1331,1,3,tanker,3,0.0,0.6667,1.2491,3.7473,True,528.01,34,25.0,290.61,289.23,0.0,0.073022972068177,0.14569998429465866,0.16303592698424374,441.6737813975707,97.27,103.27,104.25,6.0
1332,2,3,tanker,3,0.0,0.6667,1.4849,4.4548,True,449.25,49,25.0,186.82,100.94,282.66,0.073022972068177,0.14569998429465866,0.16161502808198341,430.05848003255306,97.27,103.27,104.17,6.0
1333,3,3,tanker,3,0.0,0.6667,1.1322,3.3965,True,438.72,43,25.0,102.2,234.69,0.0,0.073022972068177,0.14569998429465866,0.1635449781431331,439.79780629748564,97.27,103.27,104.27,6.0
1334,4,3,tanker,3,0.0,0.6667,1.4784,4.4353,True,478.31,49,25.0,243.27,171.58,0.0,0.073022972068177,0.14569998429465866,0.16482365912464306,438.92091521076503,97.27,103.27,104.34,6.0
1335,0,3,tanker,3,0.0,1.0,1.1543,3.4628,True,511.41,50,25.0,95.16,172.47,0.0,0.073022972068177,0.14569998429465864,0.16233745222161397,406.97722717937125,97.27,103.27,104.21,6.0
1336,1,3,tanker,3,0.0,1.0,1.13,3.3901,True,447.32,51,25.0,289.41,128.84,253.18,0.073022972068177,0.14569998429465866,0.16279494810014486,421.9209897977306,97.27,103.27,104.23,6.0
1337,2,3,tanker,3,0.0,1.0,1.0828,3.2483,True,537.66,39,25.0,368.59,96.26,196.93,0.073022972068177,0.14569998429465866,0.16372544439914505,422.13598488849624,97.27,103.27,104.28,6.0
1338,3,3,tanker,3,0.0,1.0,1.3358,4.0073,True,503.68,68,25.0,370.47,299.92,51.96,0.073022972068177,0.14569998429465866,0.16328556836074612,412.92600850231076,97.27,103.27,104.26,6.0
1339,4,3,tanker,3,0.0,1.0,1.4902,4.4707,True,504.09,66,25.0,396.15,51.17,0.0,0.073022972068177,0.14569998429465866,0.16168861663473735,422.6350560067279,97.27,103.27,104.17,6.0
1340,0,3,tanker,3,50.0,0.0,1.435,4.3051,False,0.0,0,25.0,303.33,203.06,106.59,0.073022972068177,0.1456999842946587,0.16297877133193692,434.4506089836383,97.27,103.27,104.24,6.0
1341,1,3,tanker,3,50.0,0.0,1.1429,3.4288,False,0.0,0,25.0,236.99,281.74,0.0,0.073022972068177,0.14569998429465864,0.16344220410487423,435.8696285180346,97.27,103.27,104.27,6.0
1342,2,3,tanker,3,50.0,0.0,1.4294,4.2881,False,0.0,0,25.0,73.7,151.18,0.0,0.073022972068177,0.14569998429465864,0.16144533537391792,435.57342748886674,97.27,103.27,104.16,6.0
1343,3,3,tanker,3,50.0,0.0,1.0393,3.118,False,0.0,0,25.0,128.59,366.83,0.0,0.073022972068177,0.14569998429465864,0.16234335215182613,436.90534687989253,97.27,103.27,104.21,6.0
1344,4,3,tanker,3,50.0,0.0,1.0129,3.0388,False,0.0,0,25.0,100.13,114.43,0.0,0.073022972068177,0.14569998429465866,0.16394195096961137,436.2931102010324,97.27,103.27,104.29,6.0
1345,0,3,tanker,3,50.0,0.3333,1.0294,3.0883,True,419.5,29,25.0,58.67,209.35,0.0,0.073022972068177,0.14569998429465866,0.16291610616476973,440.001902579587,97.27,103.27,104.24,6.0
1346,1,3,tanker,3,50.0,0.3333,1.2179,3.6538,True,445.16,17,25.0,126.94,273.69,195.6,0.073022972068177,0.14569998429465866,0.16403736389335502,435.40132730630177,97.27,103.27,104.3,6.0
1347,2,3,tanker,3,50.0,0.3333,1.1905,3.5715,True,470.81,23,25.0,263.7,78.62,0.0,0.073022972068177,0.14569998429465866,0.16358605324338438,432.67288363851696,97.27,103.27,104.27,6.0
1348,3,3,tanker,3,50.0,0.3333,1.4425,4.3276,True,473.85,19,25.0,260.58,122.3,0.0,0.073022972068177,0.14569998429465866,0.16279360393002876,433.4464322111816,97.27,103.27,104.23,6.0
1349,4,3,tanker,3,50.0,0.3333,1.1931,3.5793,True,509.09,27,25.0,57.66,372.31,245.86,0.073022972068177,0.14569998429465866,0.16278176900190647,434.11963228428215,97.27,103.27,104.23,6.0
1350,0,3,tanker,3,50.0,0.6667,1.1828,3.5483,True,483.61,32,25.0,176.08,116.1,419.33,0.07302297206817701,0.1456999842946587,0.1631477357844456,433.24680364469197,97.27,103.27,104.25,6.0
1351,1,3,tanker,3,50.0,0.6667,1.4989,4.4968,True,455.28,43,25.0,72.99,470.24,0.0,0.073022972068177,0.14569998429465866,0.1646111865328225,429.53871285895633,97.27,103.27,104.33,6.0
1352,2,3,tanker,3,50.0,0.6667,1.4696,4.4089,True,472.71,50,25.0,315.82,133.85,187.1,0.073022972068177,0.1456999842946587,0.16419221549412696,420.818129613749,97.27,103.27,104.31,6.0
1353,3,3,tanker,3,50.0,0.6667,1.2446,3.7337,True,469.63,41,25.0,131.71,228.26,262.86,0.073022972068177,0.14569998429465866,0.16152900923034533,428.7599470568962,97.27,103.27,104.17,6.0
1354,4,3,tanker,3,50.0,0.6667,1.3831,4.1492,True,475.24,41,25.0,192.08,248.81,0.0,0.073022972068177,0.14569998429465866,0.16497701561026998,433.0120514426822,97.27,103.27,104.35,6.0
1355,0,3,tanker,3,50.0,1.0,1.2885,3.8654,True,494.48,45,25.0,160.19,295.98,0.0,0.073022972068177,0.14569998429465864,0.1641973956062542,398.93903571813024,97.27,103.27,104.31,6.0
1356,1,3,tanker,3,50.0,1.0,1.1648,3.4944,True,478.97,60,25.0,481.66,214.33,96.4,0.073022972068177,0.14569998429465864,0.1636792522505308,390.28101870783746,97.27,103.27,104.28,6.0
1357,2,3,tanker,3,50.0,1.0,1.0121,3.0362,True,471.48,54,25.0,164.53,256.46,0.0,0.073022972068177,0.14569998429465864,0.16559296307323895,411.9817655323797,97.27,103.27,104.38,6.0
1358,3,3,tanker,3,50.0,1.0,1.3128,3.9383,True,483.79,52,25.0,66.25,443.11,0.0,0.073022972068177,0.14569998429465866,0.16349144278696678,402.62336404394193,97.27,103.27,104.27,6.0
1359,4,3,tanker,3,50.0,1.0,1.1169,3.3508,True,525.99,50,25.0,225.06,468.88,0.0,0.073022972068177,0.1456999842946587,0.1638370036756052,423.4376642766167,97.27,103.27,104.29,6.0
1360,0,3,tanker,4,0.0,0.0,1.2055,4.8222,False,0.0,0,25.0,413.92,284.67,144.25,0.073022972068177,0.14569998429465866,0.1639344638366939,442.9623711739802,97.27,103.27,104.29,6.0
1361,1,3,tanker,4,0.0,0.0,1.1338,4.5352,False,0.0,0,25.0,132.48,297.53,0.0,0.073022972068177,0.14569998429465866,0.16354225932743893,443.56756924982153,97.27,103.27,104.27,6.0
1362,2,3,tanker,4,0.0,0.0,1.3571,5.4283,False,0.0,0,25.0,281.07,103.28,470.07,0.07302297206817701,0.1456999842946587,0.16233130328156908,435.55034283106244,97.27,103.27,104.21,6.0
1363,3,3,tanker,4,0.0,0.0,1.0294,4.1178,False,0.0,0,25.0,237.87,296.6,109.31,0.073022972068177,0.14569998429465866,0.1636668662749883,441.91541943429775,97.27,103.27,104.28,6.0
1364,4,3,tanker,4,0.0,0.0,1.2783,5.113,False,0.0,0,25.0,148.35,235.37,0.0,0.073022972068177,0.14569998429465866,0.16365039537299975,437.470167884471,97.27,103.27,104.28,6.0
1365,0,3,tanker,4,0.0,0.3333,1.4735,5.8941,True,458.29,29,25.0,117.67,127.25,0.0,0.073022972068177,0.14569998429465864,0.16337486807541043,438.23077048508793,97.27,103.27,104.26,6.0
1366,1,3,tanker,4,0.0,0.3333,1.2019,4.8075,True,557.42,25,25.0,84.0,292.74,0.0,0.073022972068177,0.14569998429465864,0.16308262223328998,441.6775462885651,97.27,103.27,104.25,6.0
1367,2,3,tanker,4,0.0,0.3333,1.0661,4.2644,True,530.75,29,25.0,161.65,323.86,89.44,0.073022972068177,0.14569998429465866,0.1624997666398356,441.4880941013941,97.27,103.27,104.22,6.0
1368,3,3,tanker,4,0.0,0.3333,1.0082,4.0328,True,468.96,26,25.0,108.11,57.12,438.3,0.073022972068177,0.14569998429465866,0.16225553087118283,443.4741494270163,97.27,103.27,104.2,6.0
1369,4,3,tanker,4,0.0,0.3333,1.3612,5.4448,True,494.66,40,25.0,234.67,396.96,0.0,0.073022972068177,0.14569998429465866,0.162167681701093,435.74753546123736,97.27,103.27,104.2,6.0
1370,0,3,tanker,4,0.0,0.6667,1.4963,5.985,True,480.98,78,25.0,113.67,467.96,201.06,0.073022972068177,0.14569998429465866,0.16321214439552456,431.73430318235245,97.27,103.27,104.26,6.0
1371,1,3,tanker,4,0.0,0.6667,1.1441,4.5763,True,461.24,50,25.0,196.18,245.61,0.0,0.073022972068177,0.14569998429465866,0.16393993671949209,431.4040411100172,97.27,103.27,104.29,6.0
1372,2,3,tanker,4,0.0,0.6667,1.4293,5.7171,True,441.59,58,25.0,249.22,82.88,0.0,0.073022972068177,0.14569998429465864,0.1628460127239446,419.4493252465621,97.27,103.27,104.24,6.0
1373,3,3,tanker,4,0.0,0.6667,1.1507,4.6028,True,489.58,53,25.0,284.0,171.48,71.21,0.073022972068177,0.14569998429465866,0.16291373394303907,437.426280711053,97.27,103.27,104.24,6.0
1374,4,3,tanker,4,0.0,0.6667,1.1064,4.4257,True,505.41,40,25.0,84.25,198.62,0.0,0.073022972068177,0.14569998429465864,0.16225247713063512,442.40249203978715,97.27,103.27,104.2,6.0
1375,0,3,tanker,4,0.0,1.0,1.4329,5.7316,True,456.32,87,25.0,59.88,475.7,155.49,0.073022972068177,0.14569998429465866,0.16254367880534942,370.7731356331691,97.27,103.27,104.22,6.0
1376,1,3,tanker,4,0.0,1.0,1.0626,4.2505,True,542.55,51,25.0,125.45,149.22,286.8,0.073022972068177,0.14569998429465864,0.16454002397349263,420.62200282633495,97.27,103.27,104.33,6.0
1377,2,3,tanker,4,0.0,1.0,1.2503,5.0011,True,464.46,83,25.0,465.0,265.2,0.0,0.073022972068177,0.14569998429465866,0.16299141353720628,399.0985731225344,97.27,103.27,104.24,6.0
1378,3,3,tanker,4,0.0,1.0,1.3896,5.5583,True,473.57,86,25.0,152.75,482.8,73.3,0.073022972068177,0.14569998429465866,0.1626436136811253,416.53656734450817,97.27,103.27,104.22,6.0
1379,4,3,tanker,4,0.0,1.0,1.0867,4.3469,True,489.81,71,25.0,394.22,65.84,0.0,0.073022972068177,0.1456999842946587,0.16374348671307346,410.7509087581536,97.27,103.27,104.28,6.0
1380,0,3,tanker,4,50.0,0.0,1.3358,5.3433,False,0.0,0,25.0,68.91,337.05,0.0,0.073022972068177,0.1456999842946587,0.16338898076520952,428.4058307594431,97.27,103.27,104.26,6.0
1381,1,3,tanker,4,50.0,0.0,1.1271,4.5083,False,0.0,0,25.0,425.69,113.06,0.0,0.073022972068177,0.14569998429465866,0.1639291019650882,436.94528278499746,97.27,103.27,104.29,6.0
1382,2,3,tanker,4,50.0,0.0,1.2114,4.8454,False,0.0,0,25.0,210.79,214.83,52.58,0.073022972068177,0.14569998429465866,0.16228842241735617,436.6326622324314,97.27,103.27,104.21,6.0
1383,3,3,tanker,4,50.0,0.0,1.2365,4.946,False,0.0,0,25.0,204.49,80.7,0.0,0.073022972068177,0.14569998429465866,0.16170749062850462,436.7501936273369,97.27,103.27,104.17,6.0
1384,4,3,tanker,4,50.0,0.0,1.4754,5.9017,False,0.0,0,25.0,241.94,460.89,0.0,0.073022972068177,0.14569998429465866,0.1639750104816727,430.86874332341785,97.27,103.27,104.3,6.0
1385,0,3,tanker,4,50.0,0.3333,1.2152,4.8609,True,559.23,23,25.0,143.52,280.66,0.0,0.073022972068177,0.14569998429465864,0.160475536019457,433.45259095570543,97.27,103.27,104.11,6.0
1386,1,3,tanker,4,50.0,0.3333,1.1566,4.6262,True,447.45,38,25.0,194.98,249.26,62.22,0.073022972068177,0.14569998429465866,0.16379347176202247,433.5998931355761,97.27,103.27,104.29,6.0
1387,2,3,tanker,4,50.0,0.3333,1.1317,4.5267,True,497.72,29,25.0,138.21,392.4,0.0,0.073022972068177,0.14569998429465866,0.16210269859105803,435.6135602115158,97.27,103.27,104.2,6.0
1388,3,3,tanker,4,50.0,0.3333,1.2631,5.0524,True,494.81,29,25.0,104.94,395.75,92.54,0.073022972068177,0.14569998429465864,0.16254025461645472,429.12377203339867,97.27,103.27,104.22,6.0
1389,4,3,tanker,4,50.0,0.3333,1.1908,4.7633,True,428.0,33,25.0,330.78,123.9,0.0,0.073022972068177,0.14569998429465866,0.16268342090905272,436.7160237087479,97.27,103.27,104.23,6.0
1390,0,3,tanker,4,50.0,0.6667,1.3531,5.4123,True,497.55,51,25.0,178.89,480.61,76.12,0.073022972068177,0.14569998429465866,0.1623056758180346,424.7468802565051,97.27,103.27,104.21,6.0
1391,1,3,tanker,4,50.0,0.6667,1.0062,4.025,True,530.31,43,25.0,102.33,117.98,438.4,0.073022972068177,0.14569998429465866,0.1643287388856113,433.0316147132169,97.27,103.27,104.31,6.0
1392,2,3,tanker,4,50.0,0.6667,1.3121,5.2486,True,496.67,55,25.0,86.05,239.44,0.0,0.073022972068177,0.14569998429465866,0.16331158981306604,422.10641037360904,97.27,103.27,104.26,6.0
1393,3,3,tanker,4,50.0,0.6667,1.3911,5.5643,True,464.29,67,25.0,246.68,359.11,130.32,0.073022972068177,0.14569998429465866,0.16421674777272158,419.9503791885087,97.27,103.27,104.31,6.0
1394,4,3,tanker,4,50.0,0.6667,1.0202,4.0809,True,391.95,35,25.0,272.52,230.66,74.76,0.073022972068177,0.14569998429465866,0.16127881545340675,431.39859017957264,97.27,103.27,104.15,6.0
1395,0,3,tanker,4,50.0,1.0,1.4147,5.6586,True,435.82,84,25.0,126.72,164.16,0.0,0.073022972068177,0.14569998429465866,0.16251078239122324,361.7503803030771,97.27,103.27,104.22,6.0
1396,1,3,tanker,4,50.0,1.0,1.3461,5.3845,True,416.64,73,25.0,410.98,94.92,193.2,0.073022972068177,0.1456999842946587,0.16231240699053837,376.2522415300082,97.27,103.27,104.21,6.0
1397,2,3,tanker,4,50.0,1.0,1.1116,4.4465,True,468.84,56,25.0,321.47,109.65,97.12,0.07302297206817701,0.1456999842946587,0.16253308086735735,412.0187279976742,97.27,103.27,104.22,6.0
1398,3,3,tanker,4,50.0,1.0,1.3704,5.4815,True,472.93,80,25.0,286.57,132.7,225.16,0.073022972068177,0.14569998429465866,0.1642084480605685,340.21020446865185,97.27,103.27,104.31,6.0
1399,4,3,tanker,4,50.0,1.0,1.2851,5.1404,True,448.92,82,25.0,216.35,100.13,403.05,0.073022972068177,0.14569998429465866,0.16346827089855087,382.4210962236293,97.27,103.27,104.27,6.0
1400,0,3,tanker,5,0.0,0.0,1.2889,6.4447,False,0.0,0,25.0,84.7,247.52,298.34,0.073022972068177,0.14569998429465864,0.1638294447725429,436.2207004091082,97.27,103.27,104.29,6.0
1401,1,3,tanker,5,0.0,0.0,1.4121,7.0604,False,0.0,0,25.0,187.14,220.28,0.0,0.073022972068177,0.1456999842946587,0.16208796615374454,438.79565627504763,97.27,103.27,104.2,6.0
1402,2,3,tanker,5,0.0,0.0,1.4249,7.1246,False,0.0,0,25.0,60.7,299.26,337.43,0.07302297206817701,0.1456999842946587,0.16402691820473614,435.55406726492265,97.27,103.27,104.3,6.0
1403,3,3,tanker,5,0.0,0.0,1.171,5.855,False,0.0,0,25.0,395.08,53.9,0.0,0.073022972068177,0.14569998429465866,0.16190636522281227,438.9498908892466,97.27,103.27,104.19,6.0
1404,4,3,tanker,5,0.0,0.0,1.282,6.4101,False,0.0,0,25.0,462.4,149.86,0.0,0.073022972068177,0.14569998429465866,0.16332649800926172,438.40923604255556,97.27,103.27,104.26,6.0
1405,0,3,tanker,5,0.0,0.3333,1.0352,5.176,True,568.52,33,25.0,311.64,176.05,142.06,0.07302297206817701,0.14569998429465872,0.16193370776872706,439.28795077254864,97.27,103.27,104.19,6.0
1406,1,3,tanker,5,0.0,0.3333,1.2463,6.2315,True,467.97,39,25.0,441.28,265.01,0.0,0.073022972068177,0.14569998429465866,0.16349737054056693,437.30436421025325,97.27,103.27,104.27,6.0
1407,2,3,tanker,5,0.0,0.3333,1.4474,7.2368,True,549.55,50,25.0,155.24,148.06,496.09,0.073022972068177,0.14569998429465866,0.16292156943905406,437.06525047496586,97.27,103.27,104.24,6.0
1408,3,3,tanker,5,0.0,0.3333,1.1937,5.9683,True,490.42,41,25.0,146.5,276.27,0.0,0.073022972068177,0.14569998429465866,0.1620369013737242,438.91764878856964,97.27,103.27,104.19,6.0
1409,4,3,tanker,5,0.0,0.3333,1.3734,6.8671,True,519.57,36,25.0,203.5,268.65,0.0,0.073022972068177,0.14569998429465864,0.162431026565024,439.3905441588952,97.27,103.27,104.21,6.0
1410,0,3,tanker,5,0.0,0.6667,1.044,5.2202,True,474.25,46,25.0,372.4,62.96,180.88,0.073022972068177,0.1456999842946587,0.16307654525195078,423.7551041977672,97.27,103.27,104.25,6.0
1411,1,3,tanker,5,0.0,0.6667,1.1106,5.553,True,440.27,65,25.0,131.02,284.02,364.74,0.07302297206817701,0.1456999842946587,0.16339739073998505,428.8152135812777,97.27,103.27,104.26,6.0
1412,2,3,tanker,5,0.0,0.6667,1.2569,6.2845,True,489.06,77,25.0,78.49,474.87,297.59,0.073022972068177,0.14569998429465866,0.16419003266156001,432.37918284198764,97.27,103.27,104.31,6.0
1413,3,3,tanker,5,0.0,0.6667,1.2971,6.4854,True,499.22,75,25.0,265.01,446.83,0.0,0.073022972068177,0.14569998429465866,0.16250388179609915,432.7192448239465,97.27,103.27,104.22,6.0
1414,4,3,tanker,5,0.0,0.6667,1.2648,6.3241,True,468.84,62,25.0,157.83,70.53,0.0,0.073022972068177,0.14569998429465866,0.16336136314475874,426.67229711615767,97.27,103.27,104.26,6.0
1415,0,3,tanker,5,0.0,1.0,1.2239,6.1195,True,462.88,87,25.0,478.66,105.81,0.0,0.073022972068177,0.14569998429465864,0.16313638344160641,388.3806128210079,97.27,103.27,104.25,6.0
1416,1,3,tanker,5,0.0,1.0,1.2458,6.2289,True,540.11,74,25.0,152.16,335.8,138.77,0.073022972068177,0.14569998429465866,0.16306002785161894,405.29758581234165,97.27,103.27,104.25,6.0
1417,2,3,tanker,5,0.0,1.0,1.1457,5.7284,True,444.11,75,25.0,291.55,264.19,96.67,0.073022972068177,0.1456999842946587,0.16239341900955798,405.72843120342844,97.27,103.27,104.21,6.0
1418,3,3,tanker,5,0.0,1.0,1.4069,7.0346,True,504.5,91,25.0,145.66,427.82,0.0,0.073022972068177,0.1456999842946587,0.16401840030767648,389.65669791742926,97.27,103.27,104.3,6.0
1419,4,3,tanker,5,0.0,1.0,1.3388,6.6938,True,451.66,85,25.0,66.24,125.76,354.78,0.073022972068177,0.14569998429465866,0.16305325872934454,370.07897337793,97.27,103.27,104.25,6.0
1420,0,3,tanker,5,50.0,0.0,1.1775,5.8877,False,0.0,0,25.0,406.11,198.4,59.07,0.073022972068177,0.14569998429465866,0.1619284597106124,431.016099592909,97.27,103.27,104.19,6.0
1421,1,3,tanker,5,50.0,0.0,1.3396,6.6978,False,0.0,0,25.0,466.11,140.38,282.25,0.073022972068177,0.14569998429465866,0.16254466710255538,431.5193104123085,97.27,103.27,104.22,6.0
1422,2,3,tanker,5,50.0,0.0,1.2637,6.3184,False,0.0,0,25.0,63.49,217.76,0.0,0.073022972068177,0.14569998429465866,0.1628545145892467,430.45611408606214,97.27,103.27,104.24,6.0
1423,3,3,tanker,5,50.0,0.0,1.2549,6.2745,False,0.0,0,25.0,57.41,270.52,161.28,0.073022972068177,0.14569998429465866,0.16271346465984363,425.92615704294224,97.27,103.27,104.23,6.0
1424,4,3,tanker,5,50.0,0.0,1.1844,5.9219,False,0.0,0,25.0,97.28,304.21,0.0,0.073022972068177,0.1456999842946587,0.16222457776462812,431.5683696207717,97.27,103.27,104.2,6.0
1425,0,3,tanker,5,50.0,0.3333,1.3246,6.6232,True,457.3,43,25.0,471.13,145.88,0.0,0.073022972068177,0.14569998429465866,0.1621712406187237,432.0469417939994,97.27,103.27,104.2,6.0
1426,1,3,tanker,5,50.0,0.3333,1.0545,5.2725,True,503.82,25,25.0,89.72,138.54,320.88,0.073022972068177,0.14569998429465866,0.1617164604813381,430.2343322333769,97.27,103.27,104.18,6.0
1427,2,3,tanker,5,50.0,0.3333,1.0077,5.0383,True,489.43,33,25.0,90.16,307.73,0.0,0.073022972068177,0.1456999842946587,0.1634477541328812,430.1880086206294,97.27,103.27,104.27,6.0
1428,3,3,tanker,5,50.0,0.3333,1.4365,7.1827,True,510.26,45,25.0,245.41,399.89,0.0,0.073022972068177,0.14569998429465866,0.16298592242862758,429.1382502064376,97.27,103.27,104.24,6.0
1429,4,3,tanker,5,50.0,0.3333,1.0813,5.4067,True,461.28,27,25.0,146.31,200.42,384.85,0.073022972068177,0.14569998429465866,0.16293870596046306,429.41040837695454,97.27,103.27,104.24,6.0
1430,0,3,tanker,5,50.0,0.6667,1.0176,5.0879,True,504.09,51,25.0,326.41,167.5,107.35,0.073022972068177,0.14569998429465866,0.1627996045268598,420.7000314322696,97.27,103.27,104.23,6.0
1431,1,3,tanker,5,50.0,0.6667,1.3231,6.6155,True,483.56,72,25.0,134.54,270.93,224.49,0.073022972068177,0.1456999842946587,0.16319290931451125,422.45570595840644,97.27,103.27,104.25,6.0
1432,2,3,tanker,5,50.0,0.6667,1.374,6.8702,True,449.1,75,25.0,431.77,58.67,257.76,0.073022972068177,0.14569998429465866,0.16204116963815107,421.1286769620985,97.27,103.27,104.19,6.0
1433,3,3,tanker,5,50.0,0.6667,1.3746,6.8728,True,451.39,74,25.0,58.27,293.89,193.16,0.073022972068177,0.14569998429465866,0.16366314398314435,402.68118075027553,97.27,103.27,104.28,6.0
1434,4,3,tanker,5,50.0,0.6667,1.4615,7.3074,True,445.18,86,25.0,286.49,113.48,0.0,0.073022972068177,0.14569998429465864,0.16190831319664464,422.0490100501391,97.27,103.27,104.19,6.0
1435,0,3,tanker,5,50.0,1.0,1.4136,7.068,True,475.98,98,25.0,261.95,118.12,231.84,0.073022972068177,0.14569998429465864,0.1620090501976224,356.5254743034725,97.27,103.27,104.19,6.0
1436,1,3,tanker,5,50.0,1.0,1.1479,5.7397,True,540.66,96,25.0,141.04,367.58,0.0,0.073022972068177,0.14569998429465866,0.16177840156788428,410.6708978079159,97.27,103.27,104.18,6.0
1437,2,3,tanker,5,50.0,1.0,1.3687,6.8435,True,470.08,95,25.0,459.52,134.54,148.74,0.073022972068177,0.1456999842946587,0.16274710992866664,374.3200267388572,97.27,103.27,104.23,6.0
1438,3,3,tanker,5,50.0,1.0,1.0391,5.1955,True,493.84,77,25.0,212.31,81.07,396.67,0.073022972068177,0.14569998429465866,0.16339047161148862,372.5812376948822,97.27,103.27,104.26,6.0
1439,4,3,tanker,5,50.0,1.0,1.3023,6.5116,True,464.42,92,25.0,84.97,280.12,224.58,0.073022972068177,0.1456999842946587,0.1633042837987673,413.603538466095,97.27,103.27,104.26,6.0
1440,0,6,small_craft,3,0.0,0.0,27.6199,82.8596,False,0.0,0,25.0,133.88,494.21,0.0,0.1538172291627195,0.30690572074130634,0.3430951056723123,1000.0289336003228,103.74,109.74,110.71,6.0
1441,1,6,small_craft,3,0.0,0.0,29.5032,88.5096,False,0.0,0,25.0,427.39,244.73,92.89,0.1538172291627195,0.30690572074130634,0.34463883056788236,995.99288311914,103.74,109.74,110.75,6.0
1442,2,6,small_craft,3,0.0,0.0,16.0746,48.2237,False,0.0,0,25.0,452.1,247.06,145.63,0.1538172291627195,0.3069057207413064,0.3410976104575623,996.4632765498435,103.74,109.74,110.66,6.0
1443,3,6,small_craft,3,0.0,0.0,28.2836,84.8508,False,0.0,0,25.0,132.43,134.85,0.0,0.15381722916271953,0.30690572074130645,0.3452659832221598,998.5375295091346,103.74,109.74,110.76,6.0
1444,4,6,small_craft,3,0.0,0.0,26.1701,78.5104,False,0.0,0,25.0,459.95,123.47,0.0,0.1538172291627195,0.30690572074130634,0.3435342966029012,998.3645998430982,103.74,109.74,110.72,6.0
1445,0,6,small_craft,3,0.0,0.3333,21.365,64.095,True,6119.39,380,25.0,251.59,70.41,0.0,0.15381722916271953,0.3069057207413064,0.3412335767779241,990.3098418526705,103.74,109.74,110.66,6.0
1446,1,6,small_craft,3,0.0,0.3333,20.9554,62.8661,True,6001.13,379,25.0,295.47,475.16,143.06,0.1538172291627195,0.30690572074130634,0.3415871016448442,991.7425348568693,103.74,109.74,110.67,6.0
1447,2,6,small_craft,3,0.0,0.3333,20.9005,62.7016,True,5922.16,386,25.0,136.39,260.41,0.0,0.15381722916271953,0.3069057207413064,0.340663690627235,986.9167045595445,103.74,109.74,110.65,6.0
1448,3,6,small_craft,3,0.0,0.3333,27.6949,83.0846,True,6144.53,500,25.0,427.76,202.44,0.0,0.15381722916271953,0.30690572074130634,0.34290577840265957,994.1990494523811,103.74,109.74,110.7,6.0
1449,4,6,small_craft,3,0.0,0.3333,16.4497,49.3492,True,6161.83,291,25.0,83.64,282.06,0.0,0.15381722916271953,0.3069057207413064,0.34374139983795815,994.7058960657798,103.74,109.74,110.72,6.0
1450,0,6,small_craft,3,0.0,0.6667,15.3376,46.0129,True,6249.95,494,25.0,185.05,87.4,460.43,0.1538172291627195,0.30690572074130634,0.342592139730043,851.5114903975532,103.74,109.74,110.7,6.0
1451,1,6,small_craft,3,0.0,0.6667,15.1729,45.5186,True,6103.7,484,25.0,449.57,279.91,0.0,0.15381722916271953,0.3069057207413064,0.3474453441435917,854.4908297027266,103.74,109.74,110.82,6.0
1452,2,6,small_craft,3,0.0,0.6667,28.9935,86.9806,True,5955.65,954,25.0,486.12,176.3,56.46,0.15381722916271953,0.3069057207413064,0.3415346675399276,728.4731690360215,103.74,109.74,110.67,6.0
1453,3,6,small_craft,3,0.0,0.6667,16.8754,50.6262,True,6086.37,563,25.0,144.04,190.38,0.0,0.1538172291627195,0.30690572074130634,0.3435798610552384,838.7630210137817,103.74,109.74,110.72,6.0
1454,4,6,small_craft,3,0.0,0.6667,23.103,69.3089,True,5911.52,774,25.0,134.45,223.31,0.0,0.15381722916271953,0.30690572074130645,0.3448723520941289,768.1529901712922,103.74,109.74,110.75,6.0
1455,0,6,small_craft,3,0.0,1.0,19.0497,57.149,True,6073.82,842,25.0,119.85,393.18,112.61,0.1538172291627195,0.30690572074130634,0.34369528302568936,613.7399315515554,103.74,109.74,110.72,6.0
1456,1,6,small_craft,3,0.0,1.0,22.2908,66.8723,True,5985.42,989,25.0,220.89,143.19,370.34,0.1538172291627195,0.30690572074130634,0.3424167146913673,594.2847397704401,103.74,109.74,110.69,6.0
1457,2,6,small_craft,3,0.0,1.0,27.9904,83.9711,True,6005.94,1272,25.0,397.96,170.61,84.88,0.1538172291627195,0.30690572074130634,0.3443271385808383,502.687943664407,103.74,109.74,110.74,6.0
1458,3,6,small_craft,3,0.0,1.0,23.7426,71.2278,True,6036.02,1064,25.0,376.13,249.38,0.0,0.15381722916271953,0.3069057207413064,0.343586240350226,516.5755353065879,103.74,109.74,110.72,6.0
1459,4,6,small_craft,3,0.0,1.0,26.8704,80.6113,True,6031.8,1231,25.0,305.64,145.72,231.57,0.1538172291627195,0.30690572074130634,0.34317422390872204,407.94284252809877,103.74,109.74,110.71,6.0
1460,0,6,small_craft,3,50.0,0.0,15.0396,45.1189,False,0.0,0,25.0,61.04,462.91,201.01,0.1538172291627195,0.30690572074130634,0.341328896923979,975.452667348033,103.74,109.74,110.66,6.0
1461,1,6,small_craft,3,50.0,0.0,29.8682,89.6045,False,0.0,0,25.0,117.84,282.72,0.0,0.1538172291627195,0.30690572074130634,0.344092294457653,980.5724671956416,103.74,109.74,110.73,6.0
1462,2,6,small_craft,3,50.0,0.0,24.2148,72.6445,False,0.0,0,25.0,402.24,126.1,0.0,0.1538172291627195,0.30690572074130634,0.3425758739699426,977.6231591901777,103.74,109.74,110.7,6.0
1463,3,6,small_craft,3,50.0,0.0,17.5605,52.6815,False,0.0,0,25.0,97.95,304.08,0.0,0.1538172291627195,0.30690572074130634,0.34311407232066105,979.3121059866357,103.74,109.74,110.71,6.0
1464,4,6,small_craft,3,50.0,0.0,21.3409,64.0227,False,0.0,0,25.0,227.73,85.64,0.0,0.1538172291627195,0.30690572074130634,0.3450108294052841,977.4367190847773,103.74,109.74,110.76,6.0
1465,0,6,small_craft,3,50.0,0.3333,18.1632,54.4895,True,6208.04,314,25.0,73.38,237.97,0.0,0.15381722916271953,0.3069057207413064,0.3414988894102347,970.4658724191445,103.74,109.74,110.67,6.0
1466,1,6,small_craft,3,50.0,0.3333,20.8284,62.4851,True,6057.37,382,25.0,445.65,183.76,0.0,0.15381722916271953,0.30690572074130645,0.34406821371844726,974.1144962398236,103.74,109.74,110.73,6.0
1467,2,6,small_craft,3,50.0,0.3333,20.7248,62.1745,True,6018.43,340,25.0,279.22,459.43,0.0,0.1538172291627195,0.30690572074130634,0.34511745801104526,976.4459694109187,103.74,109.74,110.76,6.0
1468,3,6,small_craft,3,50.0,0.3333,19.5022,58.5067,True,5981.86,353,25.0,408.41,121.79,51.03,0.1538172291627195,0.30690572074130634,0.34490218220042845,973.406449592986,103.74,109.74,110.75,6.0
1469,4,6,small_craft,3,50.0,0.3333,20.913,62.739,True,6004.31,359,25.0,330.8,144.99,0.0,0.1538172291627195,0.30690572074130634,0.342192994493043,971.4155830632336,103.74,109.74,110.69,6.0
1470,0,6,small_craft,3,50.0,0.6667,23.5601,70.6803,True,5974.45,752,25.0,297.5,92.97,259.75,0.1538172291627195,0.30690572074130634,0.34529310801112156,799.6229762662416,103.74,109.74,110.76,6.0
1471,1,6,small_craft,3,50.0,0.6667,20.3075,60.9226,True,6138.86,688,25.0,136.74,147.97,0.0,0.1538172291627195,0.30690572074130634,0.34162384846742466,821.2738588408112,103.74,109.74,110.67,6.0
1472,2,6,small_craft,3,50.0,0.6667,27.9522,83.8565,True,6065.84,970,25.0,93.98,469.49,0.0,0.1538172291627195,0.30690572074130634,0.343610759395599,838.3705683096989,103.74,109.74,110.72,6.0
1473,3,6,small_craft,3,50.0,0.6667,18.1492,54.4475,True,6045.73,573,25.0,367.45,178.06,0.0,0.15381722916271953,0.3069057207413064,0.3444724210690545,850.6968978166477,103.74,109.74,110.74,6.0
1474,4,6,small_craft,3,50.0,0.6667,19.9356,59.8068,True,5969.51,668,25.0,202.78,265.32,73.11,0.1538172291627195,0.30690572074130634,0.3437570303529214,805.9921880309424,103.74,109.74,110.73,6.0
1475,0,6,small_craft,3,50.0,1.0,20.1422,60.4267,True,6062.98,885,25.0,68.25,282.73,0.0,0.1538172291627195,0.30690572074130634,0.34115583315895603,601.0720874120053,103.74,109.74,110.66,6.0
1476,1,6,small_craft,3,50.0,1.0,23.6495,70.9485,True,6148.32,1094,25.0,334.42,245.21,0.0,0.15381722916271953,0.30690572074130634,0.3435259059664831,579.6280708664117,103.74,109.74,110.72,6.0
1477,2,6,small_craft,3,50.0,1.0,21.6206,64.8619,True,6023.24,937,25.0,72.35,309.63,0.0,0.15381722916271953,0.3069057207413064,0.34157405078092595,574.5679629231327,103.74,109.74,110.67,6.0
1478,3,6,small_craft,3,50.0,1.0,22.1465,66.4395,True,6048.58,989,25.0,84.95,147.87,0.0,0.1538172291627195,0.30690572074130634,0.34457057129637836,432.2648206392036,103.74,109.74,110.75,6.0
1479,4,6,small_craft,3,50.0,1.0,15.8213,47.464,True,6010.65,685,25.0,105.95,331.18,126.43,0.1538172291627195,0.3069057207413063,0.34211011784671796,513.093931201343,103.74,109.74,110.68,6.0
1480,0,6,small_craft,4,0.0,0.0,21.3852,85.5409,False,0.0,0,25.0,480.48,268.7,99.97,0.1538172291627195,0.30690572074130634,0.34114975718959845,1008.394966525634,103.74,109.74,110.66,6.0
1481,1,6,small_craft,4,0.0,0.0,23.3848,93.5394,False,0.0,0,25.0,325.68,138.25,247.84,0.1538172291627195,0.30690572074130634,0.34491768787442245,1012.9682196452729,103.74,109.74,110.75,6.0
1482,2,6,small_craft,4,0.0,0.0,23.5958,94.383,False,0.0,0,25.0,145.51,109.27,0.0,0.1538172291627195,0.3069057207413064,0.3417984388003613,1012.3993241229488,103.74,109.74,110.68,6.0
1483,3,6,small_craft,4,0.0,0.0,27.4733,109.8933,False,0.0,0,25.0,286.52,304.8,120.78,0.15381722916271953,0.3069057207413064,0.34283341063390665,1010.4802780999157,103.74,109.74,110.7,6.0
1484,4,6,small_craft,4,0.0,0.0,18.9052,75.6206,False,0.0,0,25.0,107.31,445.22,67.73,0.15381722916271953,0.3069057207413064,0.3460249925685759,1010.5394918415948,103.74,109.74,110.78,6.0
1485,0,6,small_craft,4,0.0,0.3333,27.1104,108.4415,True,5937.44,652,25.0,77.3,334.85,216.13,0.1538172291627195,0.30690572074130634,0.34260724184195396,990.2409273601534,103.74,109.74,110.7,6.0
1486,1,6,small_craft,4,0.0,0.3333,27.611,110.4439,True,6168.11,635,25.0,69.52,251.85,249.51,0.15381722916271953,0.3069057207413064,0.34255825496310177,989.6532914566703,103.74,109.74,110.69,6.0
1487,2,6,small_craft,4,0.0,0.3333,23.4633,93.8531,True,5906.12,536,25.0,143.61,245.47,0.0,0.1538172291627195,0.30690572074130634,0.3461471447879551,1002.6530600097747,103.74,109.74,110.79,6.0
1488,3,6,small_craft,4,0.0,0.3333,24.0939,96.3756,True,5779.16,560,25.0,73.02,258.93,108.69,0.15381722916271953,0.30690572074130634,0.34201483413857364,1000.6991610023223,103.74,109.74,110.68,6.0
1489,4,6,small_craft,4,0.0,0.3333,21.793,87.1722,True,6188.02,511,25.0,310.35,219.69,112.02,0.1538172291627195,0.30690572074130634,0.3457464672265673,1003.2327258640057,103.74,109.74,110.78,6.0
1490,0,6,small_craft,4,0.0,0.6667,24.6617,98.6469,True,6096.42,1066,25.0,139.6,289.26,0.0,0.1538172291627195,0.30690572074130634,0.3448342167321306,759.1126546895421,103.74,109.74,110.75,6.0
1491,1,6,small_craft,4,0.0,0.6667,26.5169,106.0676,True,6030.11,1141,25.0,285.62,117.66,423.87,0.15381722916271953,0.30690572074130634,0.34463799656735356,802.2484691468798,103.74,109.74,110.75,6.0
1492,2,6,small_craft,4,0.0,0.6667,22.4622,89.8488,True,6073.58,1026,25.0,76.6,224.86,0.0,0.15381722916271953,0.3069057207413064,0.345517190882485,766.1229820589741,103.74,109.74,110.77,6.0
1493,3,6,small_craft,4,0.0,0.6667,23.0495,92.198,True,6003.81,991,25.0,470.6,108.06,0.0,0.1538172291627195,0.30690572074130634,0.34066221069318,753.0308110441542,103.74,109.74,110.65,6.0
1494,4,6,small_craft,4,0.0,0.6667,17.4369,69.7476,True,5915.69,780,25.0,332.12,199.31,0.0,0.15381722916271953,0.30690572074130634,0.3434788299365846,876.9044723732031,103.74,109.74,110.72,6.0
1495,0,6,small_craft,4,0.0,1.0,17.058,68.232,True,5975.71,1042,25.0,231.58,134.42,0.0,0.15381722916271953,0.30690572074130645,0.34467639885623463,458.76161777749127,103.74,109.74,110.75,6.0
1496,1,6,small_craft,4,0.0,1.0,21.8345,87.3381,True,5969.12,1382,25.0,447.27,72.95,144.33,0.1538172291627195,0.30690572074130634,0.34241690158857163,418.630556847521,103.74,109.74,110.69,6.0
1497,2,6,small_craft,4,0.0,1.0,15.046,60.1839,True,6077.42,923,25.0,485.61,140.54,0.0,0.1538172291627195,0.30690572074130634,0.3433276415988334,458.7396229875243,103.74,109.74,110.71,6.0
1498,3,6,small_craft,4,0.0,1.0,23.5793,94.317,True,5958.45,1435,25.0,279.45,167.41,134.63,0.15381722916271953,0.30690572074130645,0.34412550588211366,444.4970955233588,103.74,109.74,110.73,6.0
1499,4,6,small_craft,4,0.0,1.0,19.7512,79.0048,True,5987.58,1201,25.0,213.97,56.47,176.26,0.1538172291627195,0.30690572074130634,0.3432409928440294,493.43573651633875,103.74,109.74,110.71,6.0
1500,0,6,small_craft,4,50.0,0.0,24.1295,96.518,False,0.0,0,25.0,484.95,137.2,85.04,0.15381722916271953,0.3069057207413064,0.3405577891847193,985.7302659136768,103.74,109.74,110.64,6.0
1501,1,6,small_craft,4,50.0,0.0,29.99,119.9599,False,0.0,0,25.0,226.84,66.1,307.88,0.1538172291627195,0.30690572074130634,0.34722636212077257,986.3497301755403,103.74,109.74,110.81,6.0
1502,2,6,small_craft,4,50.0,0.0,28.1759,112.7035,False,0.0,0,25.0,149.93,257.49,0.0,0.15381722916271953,0.30690572074130634,0.3464214520690898,990.1805916994141,103.74,109.74,110.79,6.0
1503,3,6,small_craft,4,50.0,0.0,27.4283,109.7133,False,0.0,0,25.0,264.63,58.96,237.14,0.1538172291627195,0.30690572074130634,0.34238191304483034,994.6302705397995,103.74,109.74,110.69,6.0
1504,4,6,small_craft,4,50.0,0.0,20.3714,81.4854,False,0.0,0,25.0,406.91,189.2,72.13,0.1538172291627195,0.30690572074130634,0.34489287494602733,991.6091643128993,103.74,109.74,110.75,6.0
1505,0,6,small_craft,4,50.0,0.3333,26.5974,106.3896,True,5926.67,663,25.0,207.13,85.03,119.18,0.1538172291627195,0.30690572074130634,0.34408724967948445,982.4392250376098,103.74,109.74,110.73,6.0
1506,1,6,small_craft,4,50.0,0.3333,26.2596,105.0383,True,5940.57,626,25.0,76.22,277.14,0.0,0.15381722916271953,0.30690572074130634,0.3424315736955789,975.061835739658,103.74,109.74,110.69,6.0
1507,2,6,small_craft,4,50.0,0.3333,25.7494,102.9975,True,6019.06,655,25.0,202.43,278.58,79.73,0.1538172291627195,0.30690572074130634,0.34294615303935405,980.1110353642945,103.74,109.74,110.7,6.0
1508,3,6,small_craft,4,50.0,0.3333,19.9275,79.7101,True,6149.61,520,25.0,412.12,294.18,60.38,0.1538172291627195,0.3069057207413064,0.34268714079080265,973.4187143440134,103.74,109.74,110.7,6.0
1509,4,6,small_craft,4,50.0,0.3333,26.9766,107.9063,True,6162.48,666,25.0,58.2,239.42,139.15,0.1538172291627195,0.30690572074130634,0.3394804444642025,978.0268293547645,103.74,109.74,110.62,6.0
1510,0,6,small_craft,4,50.0,0.6667,23.7576,95.0304,True,5971.08,1073,25.0,294.28,143.45,0.0,0.1538172291627195,0.30690572074130634,0.3452180990825211,764.279289081147,103.74,109.74,110.76,6.0
1511,1,6,small_craft,4,50.0,0.6667,29.1639,116.6554,True,6134.84,1256,25.0,96.7,448.85,199.3,0.15381722916271953,0.3069057207413064,0.3443662331212914,805.8941179875895,103.74,109.74,110.74,6.0
1512,2,6,small_craft,4,50.0,0.6667,15.0767,60.3068,True,5958.64,663,25.0,53.02,293.23,158.37,0.1538172291627195,0.30690572074130634,0.34345309384162603,854.534732663418,103.74,109.74,110.72,6.0
1513,3,6,small_craft,4,50.0,0.6667,24.7524,99.0095,True,6143.01,1086,25.0,449.14,139.2,0.0,0.15381722916271953,0.30690572074130634,0.34304189032635196,823.6693232641047,103.74,109.74,110.71,6.0
1514,4,6,small_craft,4,50.0,0.6667,26.3459,105.3834,True,5900.37,1156,25.0,264.69,72.69,242.45,0.15381722916271953,0.3069057207413064,0.34365418926628305,676.9222649594914,103.74,109.74,110.72,6.0
1515,0,6,small_craft,4,50.0,1.0,15.5366,62.1464,True,5936.93,944,25.0,170.87,114.17,301.36,0.1538172291627195,0.30690572074130634,0.34353813123731247,440.25157138095733,103.74,109.74,110.72,6.0
1516,1,6,small_craft,4,50.0,1.0,23.5762,94.3048,True,5933.03,1412,25.0,453.11,71.65,297.46,0.15381722916271953,0.30690572074130634,0.3424970229370292,392.33438469986083,103.74,109.74,110.69,6.0
1517,2,6,small_craft,4,50.0,1.0,28.594,114.3759,True,6020.77,1687,25.0,287.19,149.9,109.36,0.15381722916271953,0.3069057207413064,0.3436843374320313,485.87361274060703,103.74,109.74,110.72,6.0
1518,3,6,small_craft,4,50.0,1.0,25.296,101.1838,True,5933.72,1477,25.0,76.87,139.96,251.44,0.1538172291627195,0.30690572074130634,0.3422511870358927,490.3516605825813,103.74,109.74,110.69,6.0
1519,4,6,small_craft,4,50.0,1.0,29.4332,117.7328,True,6064.55,1869,25.0,136.26,256.84,112.55,0.1538172291627195,0.30690572074130634,0.34395458937790135,462.3861015682189,103.74,109.74,110.73,6.0
1520,0,6,small_craft,5,0.0,0.0,22.9116,114.5581,False,0.0,0,25.0,289.71,128.54,231.72,0.1538172291627195,0.30690572074130634,0.3435261795697994,1015.3825885782923,103.74,109.74,110.72,6.0
1521,1,6,small_craft,5,0.0,0.0,22.6003,113.0013,False,0.0,0,25.0,352.42,232.03,122.17,0.15381722916271953,0.30690572074130645,0.3449587572116591,1019.6887041548077,103.74,109.74,110.76,6.0
1522,2,6,small_craft,5,0.0,0.0,28.8735,144.3674,False,0.0,0,25.0,414.73,295.21,56.13,0.15381722916271953,0.3069057207413064,0.3427773123216095,1020.498908171547,103.74,109.74,110.7,6.0
1523,3,6,small_craft,5,0.0,0.0,28.7287,143.6436,False,0.0,0,25.0,281.97,452.33,90.22,0.1538172291627195,0.30690572074130634,0.3503810961294856,1012.7380444197555,103.74,109.74,110.89,6.0
1524,4,6,small_craft,5,0.0,0.0,26.0295,130.1477,False,0.0,0,25.0,118.97,293.8,0.0,0.1538172291627195,0.30690572074130634,0.3427035198561351,1022.1938315581418,103.74,109.74,110.7,6.0
1525,0,6,small_craft,5,0.0,0.3333,25.3057,126.5283,True,6182.71,749,25.0,195.98,107.87,375.49,0.1538172291627195,0.30690572074130634,0.34425305126847383,999.5959684314734,103.74,109.74,110.74,6.0
1526,1,6,small_craft,5,0.0,0.3333,16.8237,84.1187,True,6137.69,528,25.0,291.67,273.34,0.0,0.1538172291627195,0.30690572074130634,0.344616773554014,1003.7408970775235,103.74,109.74,110.75,6.0
1527,2,6,small_craft,5,0.0,0.3333,23.3296,116.6482,True,6089.48,698,25.0,194.57,51.72,448.02,0.1538172291627195,0.30690572074130634,0.3426694357649076,1005.9317212909025,103.74,109.74,110.7,6.0
1528,3,6,small_craft,5,0.0,0.3333,17.266,86.33,True,6228.85,549,25.0,122.97,201.46,220.95,0.1538172291627195,0.3069057207413064,0.3424495788413481,1006.8186906028677,103.74,109.74,110.69,6.0
1529,4,6,small_craft,5,0.0,0.3333,24.902,124.5101,True,6060.65,735,25.0,230.48,134.62,178.67,0.1538172291627195,0.3069057207413064,0.34274517466631405,971.7710969529986,103.74,109.74,110.7,6.0
1530,0,6,small_craft,5,0.0,0.6667,27.5342,137.6709,True,6010.48,1518,25.0,145.28,336.78,0.0,0.15381722916271953,0.30690572074130645,0.3430438663488206,705.634311165005,103.74,109.74,110.71,6.0
1531,1,6,small_craft,5,0.0,0.6667,29.8071,149.0353,True,6035.84,1703,25.0,285.22,357.64,0.0,0.15381722916271953,0.30690572074130634,0.34439352004891455,766.1903485117793,103.74,109.74,110.74,6.0
1532,2,6,small_craft,5,0.0,0.6667,15.492,77.4599,True,6089.7,838,25.0,64.74,486.74,290.65,0.1538172291627195,0.30690572074130634,0.34198958111459565,897.6675430620048,103.74,109.74,110.68,6.0
1533,3,6,small_craft,5,0.0,0.6667,22.1703,110.8514,True,6021.17,1217,25.0,251.13,284.15,138.92,0.1538172291627195,0.30690572074130634,0.34191146832106567,787.5650201973482,103.74,109.74,110.68,6.0
1534,4,6,small_craft,5,0.0,0.6667,28.2288,141.1441,True,6056.06,1489,25.0,230.81,111.49,0.0,0.15381722916271953,0.3069057207413064,0.34241027158686593,807.4532096530709,103.74,109.74,110.69,6.0
1535,0,6,small_craft,5,0.0,1.0,29.4391,147.1953,True,6018.39,2191,25.0,232.08,125.26,325.97,0.15381722916271953,0.30690572074130645,0.3426375533935779,359.05477946848896,103.74,109.74,110.7,6.0
1536,1,6,small_craft,5,0.0,1.0,22.0003,110.0017,True,6082.5,1639,25.0,139.59,336.76,160.68,0.1538172291627195,0.30690572074130634,0.3446547961237775,344.39126674204783,103.74,109.74,110.75,6.0
1537,2,6,small_craft,5,0.0,1.0,26.5325,132.6625,True,5987.83,2043,25.0,476.42,170.38,0.0,0.1538172291627195,0.30690572074130634,0.34182135759422516,401.2596745179237,103.74,109.74,110.68,6.0
1538,3,6,small_craft,5,0.0,1.0,25.241,126.2049,True,6037.2,1947,25.0,112.86,370.36,216.38,0.15381722916271953,0.3069057207413064,0.34200272557226097,424.8036138565403,103.74,109.74,110.68,6.0
1539,4,6,small_craft,5,0.0,1.0,21.0401,105.2006,True,5994.8,1555,25.0,166.77,412.53,59.18,0.1538172291627195,0.30690572074130634,0.3447666122784619,350.7971529116313,103.74,109.74,110.75,6.0
1540,0,6,small_craft,5,50.0,0.0,24.9675,124.8373,False,0.0,0,25.0,418.67,260.87,0.0,0.1538172291627195,0.30690572074130634,0.3424714972665721,942.7095113875513,103.74,109.74,110.69,6.0
1541,1,6,small_craft,5,50.0,0.0,24.6251,123.1253,False,0.0,0,25.0,132.0,426.07,0.0,0.15381722916271953,0.30690572074130634,0.34342459893928645,981.1958353457575,103.74,109.74,110.72,6.0
1542,2,6,small_craft,5,50.0,0.0,21.4027,107.0135,False,0.0,0,25.0,296.12,475.77,0.0,0.1538172291627195,0.30690572074130634,0.3434517350710182,999.6177131480127,103.74,109.74,110.72,6.0
1543,3,6,small_craft,5,50.0,0.0,22.496,112.4798,False,0.0,0,25.0,111.41,357.67,0.0,0.1538172291627195,0.30690572074130634,0.34541191150869693,999.0132705672976,103.74,109.74,110.77,6.0
1544,4,6,small_craft,5,50.0,0.0,17.9174,89.5871,False,0.0,0,25.0,381.66,120.81,0.0,0.15381722916271953,0.30690572074130645,0.340457743186965,1000.91040888442,103.74,109.74,110.64,6.0
1545,0,6,small_craft,5,50.0,0.3333,16.6495,83.2475,True,6017.09,485,25.0,179.81,101.14,0.0,0.15381722916271953,0.3069057207413064,0.3414663360718375,970.3185182446989,103.74,109.74,110.67,6.0
1546,1,6,small_craft,5,50.0,0.3333,22.2309,111.1545,True,6086.83,686,25.0,119.76,100.93,0.0,0.1538172291627195,0.3069057207413064,0.3413994076370413,988.4376851296647,103.74,109.74,110.67,6.0
1547,2,6,small_craft,5,50.0,0.3333,15.5386,77.693,True,5851.29,460,25.0,362.53,102.9,273.97,0.15381722916271953,0.3069057207413064,0.3411112162479549,990.5212567561923,103.74,109.74,110.66,6.0
1548,3,6,small_craft,5,50.0,0.3333,19.8713,99.3565,True,6275.3,597,25.0,497.64,127.52,0.0,0.1538172291627195,0.30690572074130634,0.34399895114247103,994.3005927103025,103.74,109.74,110.73,6.0
1549,4,6,small_craft,5,50.0,0.3333,24.2398,121.199,True,6045.8,702,25.0,434.1,100.16,0.0,0.15381722916271953,0.3069057207413064,0.3404450676199422,981.144441123314,103.74,109.74,110.64,6.0
1550,0,6,small_craft,5,50.0,0.6667,16.8712,84.3559,True,6128.09,894,25.0,121.41,253.27,88.93,0.15381722916271953,0.3069057207413064,0.34333653776790957,885.3933765914705,103.74,109.74,110.71,6.0
1551,1,6,small_craft,5,50.0,0.6667,17.5986,87.9931,True,6045.22,944,25.0,138.43,112.75,0.0,0.1538172291627195,0.30690572074130634,0.34310595112968567,767.6295065563946,103.74,109.74,110.71,6.0
1552,2,6,small_craft,5,50.0,0.6667,25.3943,126.9716,True,6098.42,1388,25.0,235.06,111.74,362.27,0.1538172291627195,0.30690572074130634,0.34503343110800444,693.7192716908675,103.74,109.74,110.76,6.0
1553,3,6,small_craft,5,50.0,0.6667,22.2912,111.4561,True,6001.39,1198,25.0,206.05,135.98,0.0,0.1538172291627195,0.30690572074130634,0.34145839078658397,765.5297808287125,103.74,109.74,110.67,6.0
1554,4,6,small_craft,5,50.0,0.6667,29.9101,149.5505,True,5998.82,1658,25.0,368.12,209.17,0.0,0.15381722916271953,0.3069057207413064,0.34213085584929553,735.846131695507,103.74,109.74,110.68,6.0
1555,0,6,small_craft,5,50.0,1.0,21.2057,106.0287,True,6077.7,1601,25.0,103.48,343.47,180.2,0.15381722916271953,0.3069057207413064,0.3431292759848084,406.69286761406045,103.74,109.74,110.71,6.0
1556,1,6,small_craft,5,50.0,1.0,20.9709,104.8546,True,6061.48,1572,25.0,119.68,292.43,0.0,0.15381722916271953,0.30690572074130645,0.3434006163272483,396.2991438427801,103.74,109.74,110.72,6.0
1557,2,6,small_craft,5,50.0,1.0,29.7831,148.9157,True,6016.05,2326,25.0,293.56,118.68,0.0,0.1538172291627195,0.30690572074130634,0.34078271426634865,392.80400768657336,103.74,109.74,110.65,6.0
1558,3,6,small_craft,5,50.0,1.0,15.9622,79.8109,True,6004.74,1219,25.0,157.96,124.25,315.14,0.1538172291627195,0.30690572074130634,0.34312949340769855,412.18128316745066,103.74,109.74,110.71,6.0
1559,4,6,small_craft,5,50.0,1.0,15.24,76.1998,True,6005.59,1155,25.0,217.93,137.94,294.43,0.1538172291627195,0.3069057207413064,0.3420980452166539,487.22839354088796,103.74,109.74,110.68,6.0
1560,0,6,fishing_vessel,3,0.0,0.0,6.7604,20.2811,False,0.0,0,25.0,112.41,222.13,0.0,0.1538172291627195,0.30690572074130634,0.340762592328303,962.9851909447253,103.74,109.74,110.65,6.0
1561,1,6,fishing_vessel,3,0.0,0.0,6.1899,18.5696,False,0.0,0,25.0,87.23,240.63,241.4,0.15381722916271953,0.30690572074130645,0.34515836079512136,953.7213228957002,103.74,109.74,110.76,6.0
1562,2,6,fishing_vessel,3,0.0,0.0,4.1171,12.3513,False,0.0,0,25.0,82.9,266.31,284.41,0.1538172291627195,0.30690572074130634,0.344380011495671,978.0322579049472,103.74,109.74,110.74,6.0
1563,3,6,fishing_vessel,3,0.0,0.0,7.7918,23.3753,False,0.0,0,25.0,75.35,236.34,291.02,0.1538172291627195,0.30690572074130634,0.34362824987443386,958.3174632345464,103.74,109.74,110.72,6.0
1564,4,6,fishing_vessel,3,0.0,0.0,6.9709,20.9127,False,0.0,0,25.0,135.36,288.92,0.0,0.1538172291627195,0.30690572074130634,0.3420842915012242,959.2297575282652,103.74,109.74,110.68,6.0
1565,0,6,fishing_vessel,3,0.0,0.3333,6.138,18.4139,True,1687.34,107,25.0,414.62,51.8,0.0,0.1538172291627195,0.30690572074130634,0.3413769718434728,954.205313579002,103.74,109.74,110.66,6.0
1566,1,6,fishing_vessel,3,0.0,0.3333,4.7771,14.3314,True,1943.15,89,25.0,380.74,128.06,265.56,0.15381722916271953,0.3069057207413064,0.3403261126420998,978.7686343298401,103.74,109.74,110.64,6.0
1567,2,6,fishing_vessel,3,0.0,0.3333,4.3686,13.1058,True,1796.42,64,25.0,106.22,221.53,219.43,0.15381722916271953,0.3069057207413064,0.34180764807845254,984.4994051276135,103.74,109.74,110.68,6.0
1568,3,6,fishing_vessel,3,0.0,0.3333,6.1959,18.5877,True,1828.46,104,25.0,53.37,361.58,0.0,0.1538172291627195,0.30690572074130634,0.3440628743526523,950.6473999995876,103.74,109.74,110.73,6.0
1569,4,6,fishing_vessel,3,0.0,0.3333,7.4019,22.2058,True,1703.42,132,25.0,81.6,245.23,0.0,0.1538172291627195,0.30690572074130634,0.34148533818550697,961.0207452752776,103.74,109.74,110.67,6.0
1570,0,6,fishing_vessel,3,0.0,0.6667,5.7396,17.2189,True,1875.63,198,25.0,420.86,268.45,79.31,0.15381722916271953,0.3069057207413064,0.3411004235828541,900.6360001300254,103.74,109.74,110.66,6.0
1571,1,6,fishing_vessel,3,0.0,0.6667,5.7286,17.1858,True,1889.81,204,25.0,344.14,134.39,0.0,0.1538172291627195,0.30690572074130634,0.3433313817946548,927.4700405455102,103.74,109.74,110.71,6.0
1572,2,6,fishing_vessel,3,0.0,0.6667,6.7947,20.3841,True,1903.86,189,25.0,260.94,70.7,0.0,0.1538172291627195,0.30690572074130634,0.3405194332089943,941.1423509179739,103.74,109.74,110.64,6.0
1573,3,6,fishing_vessel,3,0.0,0.6667,4.6884,14.0652,True,1774.55,166,25.0,493.74,226.09,144.93,0.1538172291627195,0.30690572074130634,0.34503116093502445,949.4545882811306,103.74,109.74,110.76,6.0
1574,4,6,fishing_vessel,3,0.0,0.6667,4.9063,14.7189,True,1726.02,177,25.0,165.49,149.68,333.13,0.15381722916271953,0.3069057207413064,0.3428786364751354,879.296611586747,103.74,109.74,110.7,6.0
1575,0,6,fishing_vessel,3,0.0,1.0,7.6489,22.9466,True,1794.99,342,25.0,167.5,268.63,111.54,0.1538172291627195,0.30690572074130634,0.34123763072677465,617.4149278170905,103.74,109.74,110.66,6.0
1576,1,6,fishing_vessel,3,0.0,1.0,6.1735,18.5204,True,1782.06,299,25.0,141.1,217.84,0.0,0.15381722916271953,0.30690572074130645,0.3428875308153984,643.8536508777498,103.74,109.74,110.7,6.0
1577,2,6,fishing_vessel,3,0.0,1.0,6.5512,19.6537,True,1836.07,331,25.0,453.73,94.06,163.93,0.1538172291627195,0.30690572074130634,0.3435856426942766,617.4380867743278,103.74,109.74,110.72,6.0
1578,3,6,fishing_vessel,3,0.0,1.0,5.2192,15.6577,True,1772.64,227,25.0,153.59,434.98,132.91,0.15381722916271953,0.3069057207413064,0.3419084367555729,787.5301543727428,103.74,109.74,110.68,6.0
1579,4,6,fishing_vessel,3,0.0,1.0,7.4401,22.3203,True,1708.65,284,25.0,220.7,283.93,0.0,0.15381722916271953,0.3069057207413064,0.33875676611058364,741.2201859157927,103.74,109.74,110.6,6.0
1580,0,6,fishing_vessel,3,50.0,0.0,6.4451,19.3354,False,0.0,0,25.0,104.73,131.77,0.0,0.1538172291627195,0.30690572074130634,0.3438804623821,946.1219311115611,103.74,109.74,110.73,6.0
1581,1,6,fishing_vessel,3,50.0,0.0,4.906,14.7179,False,0.0,0,25.0,96.28,370.05,0.0,0.1538172291627195,0.30690572074130634,0.34170434900606816,960.4836215941647,103.74,109.74,110.67,6.0
1582,2,6,fishing_vessel,3,50.0,0.0,5.1895,15.5686,False,0.0,0,25.0,148.64,387.19,182.93,0.1538172291627195,0.30690572074130634,0.34324811666840555,939.6033468007699,103.74,109.74,110.71,6.0
1583,3,6,fishing_vessel,3,50.0,0.0,5.331,15.9929,False,0.0,0,25.0,270.69,74.42,105.67,0.15381722916271953,0.30690572074130634,0.3442375863528074,942.3682110749404,103.74,109.74,110.74,6.0
1584,4,6,fishing_vessel,3,50.0,0.0,7.45,22.3499,False,0.0,0,25.0,192.06,394.53,122.7,0.15381722916271953,0.3069057207413064,0.3428313346174108,943.9448338404552,103.74,109.74,110.7,6.0
1585,0,6,fishing_vessel,3,50.0,0.3333,6.4752,19.4256,True,1822.57,107,25.0,50.02,372.13,189.32,0.15381722916271953,0.3069057207413064,0.3447805805776348,939.9593279131196,103.74,109.74,110.75,6.0
1586,1,6,fishing_vessel,3,50.0,0.3333,7.0973,21.292,True,1932.98,130,25.0,101.28,319.19,245.07,0.15381722916271953,0.3069057207413064,0.34581960812474416,938.9327012777609,103.74,109.74,110.78,6.0
1587,2,6,fishing_vessel,3,50.0,0.3333,6.9369,20.8107,True,1863.08,116,25.0,144.81,119.9,373.04,0.15381722916271953,0.3069057207413064,0.34243249290903965,942.9972716627648,103.74,109.74,110.69,6.0
1588,3,6,fishing_vessel,3,50.0,0.3333,6.5944,19.7833,True,1901.53,132,25.0,497.25,62.81,0.0,0.1538172291627195,0.30690572074130634,0.34299121117874554,945.2474714394601,103.74,109.74,110.71,6.0
1589,4,6,fishing_vessel,3,50.0,0.3333,7.6111,22.8333,True,1769.9,122,25.0,480.22,80.28,244.93,0.1538172291627195,0.30690572074130634,0.3430385702075336,943.10225818928,103.74,109.74,110.71,6.0
1590,0,6,fishing_vessel,3,50.0,0.6667,4.3751,13.1254,True,1764.56,153,25.0,71.63,442.27,0.0,0.1538172291627195,0.30690572074130634,0.34288798703425594,933.207180491361,103.74,109.74,110.7,6.0
1591,1,6,fishing_vessel,3,50.0,0.6667,6.9534,20.8603,True,1830.2,216,25.0,103.43,202.76,0.0,0.1538172291627195,0.30690572074130634,0.3439177538688069,910.3373577036186,103.74,109.74,110.73,6.0
1592,2,6,fishing_vessel,3,50.0,0.6667,4.4714,13.4141,True,1783.73,146,25.0,497.46,269.26,145.08,0.1538172291627195,0.30690572074130634,0.34455074733708596,928.3107593145687,103.74,109.74,110.75,6.0
1593,3,6,fishing_vessel,3,50.0,0.6667,4.6131,13.8394,True,1641.84,150,25.0,285.21,67.69,0.0,0.15381722916271953,0.3069057207413064,0.3435835816826195,938.7070312349838,103.74,109.74,110.72,6.0
1594,4,6,fishing_vessel,3,50.0,0.6667,6.5224,19.5671,True,1787.24,208,25.0,160.91,105.66,0.0,0.1538172291627195,0.30690572074130634,0.34210079021724404,900.6416187129918,103.74,109.74,110.68,6.0
1595,0,6,fishing_vessel,3,50.0,1.0,4.4761,13.4283,True,1860.38,214,25.0,138.1,451.42,125.14,0.1538172291627195,0.30690572074130634,0.34689594177541017,746.7874670826969,103.74,109.74,110.8,6.0
1596,1,6,fishing_vessel,3,50.0,1.0,5.9231,17.7693,True,1834.43,274,25.0,251.25,114.85,243.17,0.1538172291627195,0.30690572074130634,0.3453839772136942,708.8330650950829,103.74,109.74,110.77,6.0
1597,2,6,fishing_vessel,3,50.0,1.0,6.9508,20.8525,True,1787.66,320,25.0,371.36,97.41,0.0,0.1538172291627195,0.30690572074130634,0.3449407587640143,580.0265770999583,103.74,109.74,110.75,6.0
1598,3,6,fishing_vessel,3,50.0,1.0,7.3431,22.0294,True,1773.37,308,25.0,241.4,97.96,248.06,0.1538172291627195,0.30690572074130634,0.34437299519731646,598.8576030061533,103.74,109.74,110.74,6.0
1599,4,6,fishing_vessel,3,50.0,1.0,4.9825,14.9474,True,1809.98,209,25.0,113.57,382.69,113.95,0.1538172291627195,0.30690572074130634,0.34376707880720714,789.4395049181574,103.74,109.74,110.73,6.0
1600,0,6,fishing_vessel,4,0.0,0.0,6.5431,26.1724,False,0.0,0,25.0,292.74,461.09,0.0,0.1538172291627195,0.30690572074130634,0.341570543207426,977.1039976090893,103.74,109.74,110.67,6.0
1601,1,6,fishing_vessel,4,0.0,0.0,7.9063,31.6252,False,0.0,0,25.0,201.41,130.44,221.42,0.15381722916271953,0.3069057207413064,0.34007807080812147,976.9452001880401,103.74,109.74,110.63,6.0
1602,2,6,fishing_vessel,4,0.0,0.0,4.6902,18.7607,False,0.0,0,25.0,200.36,87.75,354.88,0.1538172291627195,0.30690572074130634,0.3422951954972496,996.7769957570403,103.74,109.74,110.69,6.0
1603,3,6,fishing_vessel,4,0.0,0.0,7.4357,29.7427,False,0.0,0,25.0,147.98,130.18,0.0,0.1538172291627195,0.30690572074130634,0.33957095783415636,977.2944879865651,103.74,109.74,110.62,6.0
1604,4,6,fishing_vessel,4,0.0,0.0,6.3368,25.3473,False,0.0,0,25.0,134.56,251.64,209.3,0.1538172291627195,0.30690572074130634,0.3396156508914491,949.7068248548024,103.74,109.74,110.62,6.0
1605,0,6,fishing_vessel,4,0.0,0.3333,5.5628,22.2512,True,1735.82,146,25.0,79.45,255.15,133.95,0.1538172291627195,0.3069057207413064,0.34414387360015186,971.3946205838545,103.74,109.74,110.73,6.0
1606,1,6,fishing_vessel,4,0.0,0.3333,6.7251,26.9003,True,1873.69,144,25.0,144.76,163.34,382.45,0.1538172291627195,0.30690572074130634,0.3433481431249,969.9210006502202,103.74,109.74,110.71,6.0
1607,2,6,fishing_vessel,4,0.0,0.3333,7.6791,30.7165,True,1763.03,168,25.0,320.3,267.09,83.12,0.1538172291627195,0.30690572074130634,0.33983634277064956,972.4542234392637,103.74,109.74,110.63,6.0
1608,3,6,fishing_vessel,4,0.0,0.3333,7.3757,29.5027,True,1821.11,183,25.0,101.42,342.71,0.0,0.1538172291627195,0.30690572074130634,0.34331478096679147,973.4674701201968,103.74,109.74,110.71,6.0
1609,4,6,fishing_vessel,4,0.0,0.3333,6.4087,25.6347,True,1859.82,162,25.0,422.71,216.74,52.54,0.1538172291627195,0.30690572074130634,0.3439962776155748,964.088674809125,103.74,109.74,110.73,6.0
1610,0,6,fishing_vessel,4,0.0,0.6667,4.068,16.272,True,1791.05,166,25.0,74.7,329.94,119.38,0.1538172291627195,0.30690572074130634,0.34522196056061627,953.1842949035878,103.74,109.74,110.76,6.0
1611,1,6,fishing_vessel,4,0.0,0.6667,7.6606,30.6426,True,1889.57,354,25.0,92.13,401.2,0.0,0.1538172291627195,0.30690572074130634,0.34383255979483823,886.8299208524772,103.74,109.74,110.73,6.0
1612,2,6,fishing_vessel,4,0.0,0.6667,6.8018,27.207,True,1866.59,289,25.0,433.31,222.89,0.0,0.15381722916271953,0.3069057207413064,0.34322457754302704,882.341471391655,103.74,109.74,110.71,6.0
1613,3,6,fishing_vessel,4,0.0,0.6667,5.0363,20.1451,True,1739.88,202,25.0,178.97,451.79,0.0,0.1538172291627195,0.30690572074130634,0.34172683224639283,926.7052645949882,103.74,109.74,110.67,6.0
1614,4,6,fishing_vessel,4,0.0,0.6667,5.3867,21.5469,True,1861.63,240,25.0,100.6,294.04,283.56,0.1538172291627195,0.30690572074130634,0.34238433303041543,904.8787541531022,103.74,109.74,110.69,6.0
1615,0,6,fishing_vessel,4,0.0,1.0,4.5122,18.0489,True,1817.31,293,25.0,313.37,71.39,0.0,0.1538172291627195,0.30690572074130634,0.3414111778363615,641.3159269500874,103.74,109.74,110.67,6.0
1616,1,6,fishing_vessel,4,0.0,1.0,6.8433,27.3733,True,1762.36,376,25.0,127.47,378.99,0.0,0.1538172291627195,0.3069057207413064,0.3468033154637325,614.807808838814,103.74,109.74,110.8,6.0
1617,2,6,fishing_vessel,4,0.0,1.0,5.6704,22.6818,True,1838.04,317,25.0,132.36,201.75,0.0,0.15381722916271953,0.3069057207413064,0.34480144052530143,707.6107632519295,103.74,109.74,110.75,6.0
1618,3,6,fishing_vessel,4,0.0,1.0,5.6712,22.6848,True,1805.0,324,25.0,475.26,114.48,0.0,0.1538172291627195,0.30690572074130634,0.3428736122690801,646.143382350615,103.74,109.74,110.7,6.0
1619,4,6,fishing_vessel,4,0.0,1.0,4.7661,19.0643,True,1825.93,304,25.0,497.13,197.23,111.09,0.1538172291627195,0.30690572074130634,0.3449768022256711,578.9690577690785,103.74,109.74,110.76,6.0
1620,0,6,fishing_vessel,4,50.0,0.0,5.0033,20.0133,False,0.0,0,25.0,391.15,50.52,190.47,0.1538172291627195,0.30690572074130634,0.341698757179164,947.8448015511964,103.74,109.74,110.67,6.0
1621,1,6,fishing_vessel,4,50.0,0.0,7.5408,30.1634,False,0.0,0,25.0,159.72,109.34,0.0,0.15381722916271953,0.3069057207413064,0.34349901380654935,955.9797690163655,103.74,109.74,110.72,6.0
1622,2,6,fishing_vessel,4,50.0,0.0,6.5856,26.3425,False,0.0,0,25.0,118.19,309.29,124.49,0.15381722916271953,0.30690572074130645,0.34432319589999133,953.5732109791278,103.74,109.74,110.74,6.0
1623,3,6,fishing_vessel,4,50.0,0.0,4.1334,16.5338,False,0.0,0,25.0,227.41,115.8,0.0,0.1538172291627195,0.30690572074130634,0.3412342345939511,967.6462514305846,103.74,109.74,110.66,6.0
1624,4,6,fishing_vessel,4,50.0,0.0,7.8367,31.3468,False,0.0,0,25.0,97.88,214.0,178.91,0.1538172291627195,0.30690572074130634,0.3402238118813954,957.1881856940121,103.74,109.74,110.64,6.0
1625,0,6,fishing_vessel,4,50.0,0.3333,5.8885,23.5541,True,1696.84,129,25.0,74.71,247.31,0.0,0.1538172291627195,0.30690572074130634,0.3430884802834681,951.4105357638557,103.74,109.74,110.71,6.0
1626,1,6,fishing_vessel,4,50.0,0.3333,6.0173,24.069,True,1641.36,147,25.0,121.5,380.3,168.06,0.1538172291627195,0.30690572074130634,0.3443211169217622,950.2951016465535,103.74,109.74,110.74,6.0
1627,2,6,fishing_vessel,4,50.0,0.3333,5.4375,21.7499,True,1708.86,124,25.0,317.34,222.68,95.33,0.15381722916271953,0.3069057207413064,0.34329342924482587,947.6985720818366,103.74,109.74,110.71,6.0
1628,3,6,fishing_vessel,4,50.0,0.3333,6.9338,27.735,True,1903.32,155,25.0,317.57,168.42,98.17,0.1538172291627195,0.30690572074130634,0.34248364879136484,955.4728910999067,103.74,109.74,110.69,6.0
1629,4,6,fishing_vessel,4,50.0,0.3333,7.9655,31.8619,True,1773.74,203,25.0,119.51,123.5,323.73,0.1538172291627195,0.30690572074130634,0.3432734641552481,953.9916087862356,103.74,109.74,110.71,6.0
1630,0,6,fishing_vessel,4,50.0,0.6667,7.3415,29.3662,True,1867.34,288,25.0,334.6,235.14,0.0,0.15381722916271953,0.30690572074130645,0.3418566527192465,874.5843883075407,103.74,109.74,110.68,6.0
1631,1,6,fishing_vessel,4,50.0,0.6667,6.0804,24.3217,True,1853.86,260,25.0,114.93,404.46,57.71,0.1538172291627195,0.30690572074130634,0.34555287029011933,892.4172759460168,103.74,109.74,110.77,6.0
1632,2,6,fishing_vessel,4,50.0,0.6667,4.548,18.1919,True,1768.56,206,25.0,219.3,124.09,0.0,0.1538172291627195,0.30690572074130634,0.3378737347917665,912.0862050597813,103.74,109.74,110.58,6.0
1633,3,6,fishing_vessel,4,50.0,0.6667,7.5523,30.2092,True,1736.25,321,25.0,131.49,129.12,294.81,0.15381722916271953,0.30690572074130634,0.34000974104811993,880.1057693128884,103.74,109.74,110.63,6.0
1634,4,6,fishing_vessel,4,50.0,0.6667,4.2664,17.0655,True,1843.37,188,25.0,234.83,398.95,91.47,0.1538172291627195,0.3069057207413064,0.3417521264825713,919.3703928722238,103.74,109.74,110.67,6.0
1635,0,6,fishing_vessel,4,50.0,1.0,6.6699,26.6796,True,1837.19,350,25.0,223.3,297.63,0.0,0.1538172291627195,0.30690572074130634,0.34412736508149916,696.0402280196492,103.74,109.74,110.73,6.0
1636,1,6,fishing_vessel,4,50.0,1.0,6.9562,27.8248,True,1795.65,397,25.0,148.58,153.93,492.25,0.15381722916271953,0.30690572074130634,0.34506459769189524,624.3899486497618,103.74,109.74,110.76,6.0
1637,2,6,fishing_vessel,4,50.0,1.0,5.2613,21.0452,True,1773.68,300,25.0,261.88,211.62,0.0,0.1538172291627195,0.30690572074130634,0.3441696543425224,571.4605082184858,103.74,109.74,110.74,6.0
1638,3,6,fishing_vessel,4,50.0,1.0,6.0863,24.3451,True,1799.66,357,25.0,232.03,410.13,148.76,0.1538172291627195,0.30690572074130634,0.34397326267495243,688.3337654259208,103.74,109.74,110.73,6.0
1639,4,6,fishing_vessel,4,50.0,1.0,4.7165,18.8662,True,1784.83,250,25.0,426.67,294.26,68.8,0.15381722916271953,0.30690572074130645,0.3444718126400344,703.2581703680413,103.74,109.74,110.74,6.0
1640,0,6,fishing_vessel,5,0.0,0.0,7.4136,37.0678,False,0.0,0,25.0,109.73,136.12,402.7,0.1538172291627195,0.3069057207413064,0.34517938465038805,978.6591933954255,103.74,109.74,110.76,6.0
1641,1,6,fishing_vessel,5,0.0,0.0,6.9183,34.5914,False,0.0,0,25.0,84.66,239.0,0.0,0.15381722916271953,0.3069057207413064,0.343066261452364,980.9119711260043,103.74,109.74,110.71,6.0
1642,2,6,fishing_vessel,5,0.0,0.0,6.8358,34.1791,False,0.0,0,25.0,251.74,272.48,135.44,0.1538172291627195,0.30690572074130634,0.3426502185363959,981.0564593167963,103.74,109.74,110.7,6.0
1643,3,6,fishing_vessel,5,0.0,0.0,4.7272,23.6358,False,0.0,0,25.0,138.98,268.26,0.0,0.15381722916271953,0.3069057207413064,0.34188805620027274,1011.3947067433925,103.74,109.74,110.68,6.0
1644,4,6,fishing_vessel,5,0.0,0.0,6.2668,31.334,False,0.0,0,25.0,228.03,53.13,0.0,0.15381722916271953,0.3069057207413064,0.34117195761003405,977.6150058939227,103.74,109.74,110.66,6.0
1645,0,6,fishing_vessel,5,0.0,0.3333,5.5308,27.6539,True,1798.75,148,25.0,97.18,139.01,256.78,0.1538172291627195,0.30690572074130634,0.342950978325752,976.3299353976938,103.74,109.74,110.7,6.0
1646,1,6,fishing_vessel,5,0.0,0.3333,5.1897,25.9486,True,1823.09,163,25.0,177.19,344.24,0.0,0.15381722916271953,0.3069057207413064,0.3438027004119806,976.1674998731628,103.74,109.74,110.73,6.0
1647,2,6,fishing_vessel,5,0.0,0.3333,7.5408,37.7041,True,1802.98,223,25.0,227.31,341.84,0.0,0.1538172291627195,0.30690572074130634,0.3434569655699304,973.6277246807422,103.74,109.74,110.72,6.0
1648,3,6,fishing_vessel,5,0.0,0.3333,5.9593,29.7964,True,1808.05,171,25.0,185.96,448.45,0.0,0.15381722916271953,0.3069057207413064,0.34658119782087243,978.4063181152719,103.74,109.74,110.8,6.0
1649,4,6,fishing_vessel,5,0.0,0.3333,4.5245,22.6224,True,1774.41,140,25.0,51.55,187.52,466.11,0.15381722916271953,0.3069057207413064,0.34419192296378215,993.7374385272086,103.74,109.74,110.74,6.0
1650,0,6,fishing_vessel,5,0.0,0.6667,4.6452,23.226,True,1907.2,259,25.0,67.1,350.34,0.0,0.15381722916271953,0.3069057207413064,0.34346175493362113,957.0838836911162,103.74,109.74,110.72,6.0
1651,1,6,fishing_vessel,5,0.0,0.6667,6.5946,32.973,True,1710.67,355,25.0,241.63,51.67,286.42,0.1538172291627195,0.30690572074130634,0.3409135195590033,877.4890121016483,103.74,109.74,110.65,6.0
1652,2,6,fishing_vessel,5,0.0,0.6667,5.8978,29.4892,True,1879.98,315,25.0,105.89,307.27,0.0,0.15381722916271953,0.3069057207413064,0.34553884423836523,934.4765734686634,103.74,109.74,110.77,6.0
1653,3,6,fishing_vessel,5,0.0,0.6667,7.5302,37.651,True,1863.53,414,25.0,277.5,105.32,229.31,0.1538172291627195,0.30690572074130634,0.34381785346435706,891.100325302723,103.74,109.74,110.73,6.0
1654,4,6,fishing_vessel,5,0.0,0.6667,5.6037,28.0186,True,1809.25,328,25.0,362.63,149.39,69.9,0.1538172291627195,0.30690572074130634,0.34059748695807823,893.5463326592111,103.74,109.74,110.64,6.0
1655,0,6,fishing_vessel,5,0.0,1.0,6.3404,31.7018,True,1800.13,436,25.0,141.46,183.66,472.73,0.1538172291627195,0.30690572074130634,0.34094568989389684,709.3137741637677,103.74,109.74,110.65,6.0
1656,1,6,fishing_vessel,5,0.0,1.0,6.2725,31.3626,True,1785.62,470,25.0,271.48,284.27,130.05,0.1538172291627195,0.30690572074130634,0.34227353395589627,552.9702210400031,103.74,109.74,110.69,6.0
1657,2,6,fishing_vessel,5,0.0,1.0,7.6969,38.4845,True,1771.68,549,25.0,438.02,161.75,0.0,0.15381722916271953,0.30690572074130645,0.34551660914468657,537.3656830268174,103.74,109.74,110.77,6.0
1658,3,6,fishing_vessel,5,0.0,1.0,6.8622,34.3111,True,1832.48,507,25.0,336.71,109.75,164.98,0.15381722916271953,0.3069057207413064,0.34435530304372947,641.3727650102577,103.74,109.74,110.74,6.0
1659,4,6,fishing_vessel,5,0.0,1.0,5.186,25.9302,True,1837.05,433,25.0,402.1,216.27,0.0,0.15381722916271953,0.3069057207413064,0.34276085379056426,667.0658982470186,103.74,109.74,110.7,6.0
1660,0,6,fishing_vessel,5,50.0,0.0,7.1149,35.5746,False,0.0,0,25.0,305.65,102.7,0.0,0.1538172291627195,0.30690572074130634,0.34517781285017407,955.5344550390065,103.74,109.74,110.76,6.0
1661,1,6,fishing_vessel,5,50.0,0.0,5.1679,25.8394,False,0.0,0,25.0,231.48,282.61,51.29,0.1538172291627195,0.3069057207413064,0.3408857237952135,958.107926454947,103.74,109.74,110.65,6.0
1662,2,6,fishing_vessel,5,50.0,0.0,5.2355,26.1775,False,0.0,0,25.0,109.71,415.6,253.7,0.1538172291627195,0.30690572074130634,0.3441670763736005,965.0377098093654,103.74,109.74,110.74,6.0
1663,3,6,fishing_vessel,5,50.0,0.0,6.7869,33.9345,False,0.0,0,25.0,282.39,52.4,0.0,0.1538172291627195,0.30690572074130634,0.3433670579519433,967.5687929968768,103.74,109.74,110.72,6.0
1664,4,6,fishing_vessel,5,50.0,0.0,7.6189,38.0945,False,0.0,0,25.0,144.89,252.48,0.0,0.15381722916271953,0.3069057207413064,0.34129659284679076,964.9836666087485,103.74,109.74,110.66,6.0
1665,0,6,fishing_vessel,5,50.0,0.3333,5.498,27.4902,True,1797.71,185,25.0,135.25,352.59,0.0,0.15381722916271953,0.3069057207413064,0.3447574333611693,960.0095039927281,103.74,109.74,110.75,6.0
1666,1,6,fishing_vessel,5,50.0,0.3333,5.4481,27.2404,True,1767.59,165,25.0,269.28,276.37,0.0,0.1538172291627195,0.30690572074130634,0.344245914551707,959.3500134206344,103.74,109.74,110.74,6.0
1667,2,6,fishing_vessel,5,50.0,0.3333,5.2058,26.029,True,1657.48,152,25.0,498.94,102.93,0.0,0.1538172291627195,0.30690572074130634,0.3418995705936916,960.0598366080665,103.74,109.74,110.68,6.0
1668,3,6,fishing_vessel,5,50.0,0.3333,5.4806,27.4029,True,1749.07,151,25.0,427.81,125.17,71.71,0.1538172291627195,0.30690572074130634,0.3393532565540147,963.0646229174606,103.74,109.74,110.61,6.0
1669,4,6,fishing_vessel,5,50.0,0.3333,4.3791,21.8956,True,1841.37,126,25.0,253.15,149.62,287.43,0.1538172291627195,0.30690572074130634,0.3401341868887648,976.3569054634341,103.74,109.74,110.63,6.0
1670,0,6,fishing_vessel,5,50.0,0.6667,7.1534,35.7668,True,1779.93,392,25.0,258.69,256.22,144.19,0.1538172291627195,0.3069057207413063,0.3425301888198001,811.796943451443,103.74,109.74,110.69,6.0
1671,1,6,fishing_vessel,5,50.0,0.6667,6.4957,32.4787,True,1778.25,317,25.0,135.48,139.42,230.46,0.1538172291627195,0.30690572074130634,0.34240767817361434,849.4316347210579,103.74,109.74,110.69,6.0
1672,2,6,fishing_vessel,5,50.0,0.6667,7.6108,38.0541,True,1847.71,448,25.0,355.5,229.81,50.17,0.1538172291627195,0.30690572074130634,0.3478606749303485,881.2046596813658,103.74,109.74,110.83,6.0
1673,3,6,fishing_vessel,5,50.0,0.6667,6.4248,32.1239,True,1780.06,334,25.0,65.14,121.53,0.0,0.15381722916271953,0.3069057207413064,0.3447124135251445,851.206409091491,103.74,109.74,110.75,6.0
1674,4,6,fishing_vessel,5,50.0,0.6667,7.9876,39.9382,True,1780.21,425,25.0,270.19,444.75,0.0,0.1538172291627195,0.30690572074130634,0.34327286009200325,806.7364852620932,103.74,109.74,110.71,6.0
1675,0,6,fishing_vessel,5,50.0,1.0,4.4582,22.2911,True,1732.83,312,25.0,121.65,88.3,0.0,0.1538172291627195,0.30690572074130634,0.3402168689216372,613.0569398976016,103.74,109.74,110.64,6.0
1676,1,6,fishing_vessel,5,50.0,1.0,5.4479,27.2394,True,1764.71,369,25.0,225.51,132.72,102.66,0.15381722916271953,0.30690572074130634,0.3440229798841524,702.41248614829,103.74,109.74,110.73,6.0
1677,2,6,fishing_vessel,5,50.0,1.0,4.5235,22.6175,True,1824.68,325,25.0,466.32,183.83,145.09,0.15381722916271953,0.3069057207413064,0.34512381833053957,688.2607686295851,103.74,109.74,110.76,6.0
1678,3,6,fishing_vessel,5,50.0,1.0,7.4358,37.1789,True,1809.38,589,25.0,68.23,154.99,0.0,0.1538172291627195,0.30690572074130634,0.34643482668823733,668.9036145325067,103.74,109.74,110.79,6.0
1679,4,6,fishing_vessel,5,50.0,1.0,6.3573,31.7863,True,1779.83,488,25.0,218.72,80.35,0.0,0.1538172291627195,0.30690572074130634,0.34422996392248245,521.5630005842493,103.74,109.74,110.74,6.0
1680,0,6,cargo_ship,3,0.0,0.0,1.8053,5.416,False,0.0,0,25.0,469.39,136.12,0.0,0.1538172291627195,0.3069057207413064,0.34326789658581597,983.7086161731329,103.74,109.74,110.71,6.0
1681,1,6,cargo_ship,3,0.0,0.0,1.8787,5.6361,False,0.0,0,25.0,103.85,401.43,0.0,0.15381722916271953,0.3069057207413064,0.3448711713187986,984.6365013505215,103.74,109.74,110.75,6.0
1682,2,6,cargo_ship,3,0.0,0.0,1.7867,5.3602,False,0.0,0,25.0,89.29,133.2,410.09,0.15381722916271953,0.30690572074130634,0.3451178393396443,981.5780194793472,103.74,109.74,110.76,6.0
1683,3,6,cargo_ship,3,0.0,0.0,1.7788,5.3363,False,0.0,0,25.0,285.48,90.11,0.0,0.15381722916271953,0.3069057207413064,0.3437322412396872,982.1296060972239,103.74,109.74,110.72,6.0
1684,4,6,cargo_ship,3,0.0,0.0,2.1312,6.3937,False,0.0,0,25.0,321.57,106.09,0.0,0.15381722916271953,0.30690572074130634,0.3435519609842352,978.0510534949045,103.74,109.74,110.72,6.0
1685,0,6,cargo_ship,3,0.0,0.3333,1.5523,4.657,True,765.11,29,25.0,134.55,392.4,0.0,0.15381722916271953,0.30690572074130634,0.3431790632511843,1006.2872734398749,103.74,109.74,110.71,6.0
1686,1,6,cargo_ship,3,0.0,0.3333,1.6821,5.0462,True,615.09,40,25.0,149.61,136.09,0.0,0.1538172291627195,0.30690572074130634,0.3425507093619375,977.5009252646324,103.74,109.74,110.69,6.0
1687,2,6,cargo_ship,3,0.0,0.3333,1.8352,5.5055,True,686.96,33,25.0,72.97,295.42,0.0,0.1538172291627195,0.30690572074130634,0.3414775490203314,982.8467365326865,103.74,109.74,110.67,6.0
1688,3,6,cargo_ship,3,0.0,0.3333,1.7892,5.3676,True,741.9,28,25.0,296.74,120.65,300.02,0.1538172291627195,0.30690572074130634,0.34398290695207506,983.1959247738027,103.74,109.74,110.73,6.0
1689,4,6,cargo_ship,3,0.0,0.3333,1.7811,5.3433,True,767.84,16,25.0,392.45,191.32,0.0,0.1538172291627195,0.30690572074130634,0.3462133755502962,985.1438094520475,103.74,109.74,110.79,6.0
1690,0,6,cargo_ship,3,0.0,0.6667,2.3168,6.9503,True,723.01,90,25.0,477.98,74.47,0.0,0.1538172291627195,0.30690572074130634,0.3408326464133589,954.2863097570302,103.74,109.74,110.65,6.0
1691,1,6,cargo_ship,3,0.0,0.6667,1.993,5.9791,True,728.07,82,25.0,268.35,148.25,160.74,0.1538172291627195,0.30690572074130634,0.34563853450927984,953.829680887004,103.74,109.74,110.77,6.0
1692,2,6,cargo_ship,3,0.0,0.6667,1.8762,5.6285,True,681.29,64,25.0,122.08,317.02,82.66,0.1538172291627195,0.30690572074130634,0.34516325940886616,959.1936286434138,103.74,109.74,110.76,6.0
1693,3,6,cargo_ship,3,0.0,0.6667,2.405,7.2149,True,706.0,80,25.0,99.89,220.91,432.75,0.1538172291627195,0.30690572074130634,0.34648350912084086,947.1757034409993,103.74,109.74,110.79,6.0
1694,4,6,cargo_ship,3,0.0,0.6667,2.2461,6.7384,True,750.53,76,25.0,237.39,86.65,385.57,0.15381722916271953,0.3069057207413064,0.34359909322997056,960.7400855437094,103.74,109.74,110.72,6.0
1695,0,6,cargo_ship,3,0.0,1.0,2.2496,6.7488,True,727.47,110,25.0,106.88,372.26,256.97,0.1538172291627195,0.30690572074130634,0.3424143071475008,801.6064804500785,103.74,109.74,110.69,6.0
1696,1,6,cargo_ship,3,0.0,1.0,2.2534,6.7602,True,764.48,94,25.0,441.34,129.94,0.0,0.15381722916271953,0.3069057207413064,0.34552048708183747,842.4812019848376,103.74,109.74,110.77,6.0
1697,2,6,cargo_ship,3,0.0,1.0,2.1438,6.4313,True,761.02,80,25.0,416.78,230.18,0.0,0.15381722916271953,0.3069057207413064,0.34295647677095176,898.6297006037296,103.74,109.74,110.7,6.0
1698,3,6,cargo_ship,3,0.0,1.0,1.5187,4.556,True,680.6,81,25.0,249.31,120.99,140.63,0.1538172291627195,0.30690572074130634,0.3448193286136231,877.4660496284343,103.74,109.74,110.75,6.0
1699,4,6,cargo_ship,3,0.0,1.0,1.9481,5.8442,True,792.96,100,25.0,197.68,487.78,0.0,0.1538172291627195,0.30690572074130634,0.34351024849713746,929.8272995384066,103.74,109.74,110.72,6.0
1700,0,6,cargo_ship,3,50.0,0.0,2.2627,6.7881,False,0.0,0,25.0,447.26,89.76,243.94,0.1538172291627195,0.3069057207413064,0.34240288134898544,962.7835720023662,103.74,109.74,110.69,6.0
1701,1,6,cargo_ship,3,50.0,0.0,1.784,5.3519,False,0.0,0,25.0,107.11,55.72,349.12,0.1538172291627195,0.30690572074130634,0.342290862099185,964.7069928079962,103.74,109.74,110.69,6.0
1702,2,6,cargo_ship,3,50.0,0.0,2.4708,7.4124,False,0.0,0,25.0,233.38,229.04,0.0,0.15381722916271953,0.30690572074130645,0.3426634687248561,962.2324826328037,103.74,109.74,110.7,6.0
1703,3,6,cargo_ship,3,50.0,0.0,2.1491,6.4474,False,0.0,0,25.0,72.58,357.26,285.24,0.15381722916271953,0.30690572074130634,0.34236249833304955,957.597878354857,103.74,109.74,110.69,6.0
1704,4,6,cargo_ship,3,50.0,0.0,1.6891,5.0674,False,0.0,0,25.0,442.96,119.02,141.94,0.15381722916271953,0.3069057207413064,0.34220330100204266,965.3654839957017,103.74,109.74,110.69,6.0
1705,0,6,cargo_ship,3,50.0,0.3333,2.4407,7.3222,True,770.39,56,25.0,119.13,365.56,0.0,0.1538172291627195,0.30690572074130634,0.3443486037505956,963.6077872915475,103.74,109.74,110.74,6.0
1706,1,6,cargo_ship,3,50.0,0.3333,2.2854,6.8563,True,648.76,27,25.0,112.21,283.33,480.99,0.1538172291627195,0.30690572074130634,0.34290148525063224,955.3131553986987,103.74,109.74,110.7,6.0
1707,2,6,cargo_ship,3,50.0,0.3333,1.6865,5.0596,True,764.24,24,25.0,294.88,148.02,464.92,0.1538172291627195,0.30690572074130634,0.3430691532396776,963.3753966455633,103.74,109.74,110.71,6.0
1708,3,6,cargo_ship,3,50.0,0.3333,2.0598,6.1793,True,707.18,43,25.0,295.46,485.21,57.23,0.15381722916271953,0.30690572074130645,0.34352449968019433,956.6741907009289,103.74,109.74,110.72,6.0
1709,4,6,cargo_ship,3,50.0,0.3333,2.0055,6.0165,True,730.67,38,25.0,158.28,486.16,0.0,0.1538172291627195,0.30690572074130634,0.34270636007188354,960.2370848504873,103.74,109.74,110.7,6.0
1710,0,6,cargo_ship,3,50.0,0.6667,2.335,7.0049,True,798.5,65,25.0,269.3,60.52,0.0,0.1538172291627195,0.3069057207413064,0.34155641678748677,935.4869981179824,103.74,109.74,110.67,6.0
1711,1,6,cargo_ship,3,50.0,0.6667,1.9267,5.78,True,755.98,79,25.0,437.98,104.54,0.0,0.1538172291627195,0.30690572074130634,0.3459735643176345,938.0697807191494,103.74,109.74,110.78,6.0
1712,2,6,cargo_ship,3,50.0,0.6667,1.9303,5.791,True,744.96,65,25.0,417.63,68.75,0.0,0.1538172291627195,0.30690572074130634,0.3410443256639148,960.563504914936,103.74,109.74,110.66,6.0
1713,3,6,cargo_ship,3,50.0,0.6667,1.9189,5.7568,True,787.43,54,25.0,360.1,120.71,225.76,0.1538172291627195,0.30690572074130634,0.34408373846720547,956.5880660544374,103.74,109.74,110.73,6.0
1714,4,6,cargo_ship,3,50.0,0.6667,1.5129,4.5386,True,711.04,57,25.0,201.93,120.13,0.0,0.1538172291627195,0.30690572074130634,0.3448651973971371,963.0379682652285,103.74,109.74,110.75,6.0
1715,0,6,cargo_ship,3,50.0,1.0,2.3826,7.1477,True,746.98,93,25.0,152.42,121.78,0.0,0.1538172291627195,0.30690572074130634,0.3423803438638472,875.8504671175017,103.74,109.74,110.69,6.0
1716,1,6,cargo_ship,3,50.0,1.0,1.8555,5.5665,True,749.49,94,25.0,203.14,235.35,0.0,0.1538172291627195,0.30690572074130634,0.33935476772121953,906.5202976742441,103.74,109.74,110.61,6.0
1717,2,6,cargo_ship,3,50.0,1.0,1.8843,5.653,True,750.9,84,25.0,412.98,236.93,0.0,0.1538172291627195,0.3069057207413064,0.3459987537079012,936.5720544563355,103.74,109.74,110.78,6.0
1718,3,6,cargo_ship,3,50.0,1.0,1.8828,5.6484,True,721.94,101,25.0,495.17,248.49,119.6,0.1538172291627195,0.30690572074130634,0.3488712150920593,845.088558958318,103.74,109.74,110.85,6.0
1719,4,6,cargo_ship,3,50.0,1.0,1.507,4.521,True,731.87,60,25.0,404.99,143.99,0.0,0.1538172291627195,0.30690572074130634,0.34051647851594236,866.0008504902563,103.74,109.74,110.64,6.0
1720,0,6,cargo_ship,4,0.0,0.0,2.184,8.736,False,0.0,0,25.0,258.82,265.87,0.0,0.1538172291627195,0.3069057207413064,0.3429569869962888,985.214981315395,103.74,109.74,110.7,6.0
1721,1,6,cargo_ship,4,0.0,0.0,1.6509,6.6037,False,0.0,0,25.0,117.05,220.24,225.59,0.15381722916271953,0.3069057207413064,0.3434264319908579,988.9036613152808,103.74,109.74,110.72,6.0
1722,2,6,cargo_ship,4,0.0,0.0,1.7614,7.0456,False,0.0,0,25.0,468.4,94.66,0.0,0.15381722916271953,0.3069057207413064,0.34005618907710344,987.4876626265835,103.74,109.74,110.63,6.0
1723,3,6,cargo_ship,4,0.0,0.0,2.1225,8.4902,False,0.0,0,25.0,121.48,245.74,236.79,0.1538172291627195,0.3069057207413064,0.3441731103080638,979.1342344918884,103.74,109.74,110.74,6.0
1724,4,6,cargo_ship,4,0.0,0.0,1.9765,7.9061,False,0.0,0,25.0,108.43,347.61,147.88,0.15381722916271953,0.30690572074130645,0.34297806990920726,987.8889316612002,103.74,109.74,110.71,6.0
1725,0,6,cargo_ship,4,0.0,0.3333,2.0695,8.278,True,750.97,56,25.0,173.66,250.24,113.69,0.1538172291627195,0.30690572074130634,0.3456388032193301,974.2846287502972,103.74,109.74,110.77,6.0
1726,1,6,cargo_ship,4,0.0,0.3333,2.4583,9.8332,True,726.91,56,25.0,227.6,114.2,126.97,0.1538172291627195,0.30690572074130634,0.3408667447008924,983.3693836053626,103.74,109.74,110.65,6.0
1727,2,6,cargo_ship,4,0.0,0.3333,2.1617,8.6468,True,734.02,49,25.0,455.72,103.18,0.0,0.15381722916271953,0.30690572074130634,0.34685493622793123,980.949373934584,103.74,109.74,110.8,6.0
1728,3,6,cargo_ship,4,0.0,0.3333,2.2487,8.9946,True,715.18,48,25.0,343.32,106.91,0.0,0.15381722916271953,0.3069057207413064,0.3420268204600545,984.9538943969286,103.74,109.74,110.68,6.0
1729,4,6,cargo_ship,4,0.0,0.3333,1.9446,7.7786,True,761.51,49,25.0,87.27,236.46,0.0,0.1538172291627195,0.30690572074130634,0.3458597432194403,991.261932898792,103.74,109.74,110.78,6.0
1730,0,6,cargo_ship,4,0.0,0.6667,1.5108,6.0431,True,675.53,70,25.0,260.1,149.87,0.0,0.1538172291627195,0.30690572074130634,0.3428023086917438,959.0035952291976,103.74,109.74,110.7,6.0
1731,1,6,cargo_ship,4,0.0,0.6667,1.5773,6.3094,True,670.79,62,25.0,131.21,271.31,0.0,0.15381722916271953,0.30690572074130634,0.3451697144045293,966.8393505344366,103.74,109.74,110.76,6.0
1732,2,6,cargo_ship,4,0.0,0.6667,1.8367,7.3469,True,756.79,67,25.0,179.68,116.86,259.3,0.15381722916271953,0.3069057207413064,0.34432899606871226,970.5863652284969,103.74,109.74,110.74,6.0
1733,3,6,cargo_ship,4,0.0,0.6667,1.5506,6.2024,True,705.82,73,25.0,240.77,159.34,0.0,0.1538172291627195,0.30690572074130634,0.3459264445876421,960.724852578488,103.74,109.74,110.78,6.0
1734,4,6,cargo_ship,4,0.0,0.6667,2.2251,8.9004,True,720.77,85,25.0,407.35,122.76,0.0,0.1538172291627195,0.30690572074130634,0.3428296651700063,962.6303323779395,103.74,109.74,110.7,6.0
1735,0,6,cargo_ship,4,0.0,1.0,1.9263,7.7051,True,782.1,120,25.0,208.03,326.15,0.0,0.15381722916271953,0.3069057207413064,0.3442438876013682,773.7773793500119,103.74,109.74,110.74,6.0
1736,1,6,cargo_ship,4,0.0,1.0,1.9024,7.6097,True,734.29,132,25.0,138.52,65.38,0.0,0.1538172291627195,0.30690572074130634,0.34517284652355396,819.894817210821,103.74,109.74,110.76,6.0
1737,2,6,cargo_ship,4,0.0,1.0,1.6182,6.4729,True,746.05,105,25.0,266.39,455.63,0.0,0.15381722916271953,0.3069057207413064,0.34298674097040244,876.8099572049027,103.74,109.74,110.71,6.0
1738,3,6,cargo_ship,4,0.0,1.0,1.6484,6.5936,True,751.31,94,25.0,167.45,250.5,148.63,0.15381722916271953,0.3069057207413064,0.3424359250907151,914.9710359522561,103.74,109.74,110.69,6.0
1739,4,6,cargo_ship,4,0.0,1.0,1.9681,7.8724,True,777.53,131,25.0,140.92,67.21,0.0,0.1538172291627195,0.3069057207413064,0.34265376990091845,825.8118281907127,103.74,109.74,110.7,6.0
1740,0,6,cargo_ship,4,50.0,0.0,2.0922,8.3687,False,0.0,0,25.0,444.72,252.82,0.0,0.15381722916271953,0.3069057207413064,0.3408791023189169,959.340369616798,103.74,109.74,110.65,6.0
1741,1,6,cargo_ship,4,50.0,0.0,1.8708,7.4831,False,0.0,0,25.0,128.71,366.1,0.0,0.1538172291627195,0.30690572074130634,0.3448208984077514,972.6401939728379,103.74,109.74,110.75,6.0
1742,2,6,cargo_ship,4,50.0,0.0,1.5486,6.1943,False,0.0,0,25.0,270.73,391.69,0.0,0.1538172291627195,0.30690572074130634,0.34374121755782105,965.9374262903427,103.74,109.74,110.72,6.0
1743,3,6,cargo_ship,4,50.0,0.0,1.9485,7.7942,False,0.0,0,25.0,400.75,135.0,114.51,0.1538172291627195,0.30690572074130634,0.344316685052716,964.6340099386539,103.74,109.74,110.74,6.0
1744,4,6,cargo_ship,4,50.0,0.0,1.6508,6.6031,False,0.0,0,25.0,120.19,255.21,0.0,0.1538172291627195,0.30690572074130634,0.34390218659034477,973.5115999996776,103.74,109.74,110.73,6.0
1745,0,6,cargo_ship,4,50.0,0.3333,2.376,9.5042,True,789.43,58,25.0,129.07,245.76,0.0,0.1538172291627195,0.30690572074130634,0.3396716462717862,965.8810663193543,103.74,109.74,110.62,6.0
1746,1,6,cargo_ship,4,50.0,0.3333,1.9515,7.8059,True,648.8,40,25.0,106.19,215.02,307.18,0.15381722916271953,0.3069057207413064,0.3446271316196916,967.1322806336453,103.74,109.74,110.75,6.0
1747,2,6,cargo_ship,4,50.0,0.3333,1.8265,7.3062,True,721.64,50,25.0,146.03,225.4,412.79,0.15381722916271953,0.3069057207413064,0.34413048144721003,961.9097699712476,103.74,109.74,110.73,6.0
1748,3,6,cargo_ship,4,50.0,0.3333,2.2269,8.9078,True,737.08,44,25.0,295.44,174.95,50.62,0.15381722916271953,0.3069057207413064,0.34644231229841477,961.9469202147669,103.74,109.74,110.79,6.0
1749,4,6,cargo_ship,4,50.0,0.3333,2.3927,9.571,True,716.84,69,25.0,174.0,469.38,0.0,0.1538172291627195,0.30690572074130634,0.3443055243453071,966.5736144925443,103.74,109.74,110.74,6.0
1750,0,6,cargo_ship,4,50.0,0.6667,2.3508,9.4032,True,749.19,72,25.0,222.44,255.79,0.0,0.1538172291627195,0.3069057207413064,0.3413212272698313,962.440546720862,103.74,109.74,110.66,6.0
1751,1,6,cargo_ship,4,50.0,0.6667,1.5032,6.0128,True,779.59,74,25.0,355.11,163.01,0.0,0.15381722916271953,0.30690572074130645,0.34291752477313314,957.3817231807959,103.74,109.74,110.7,6.0
1752,2,6,cargo_ship,4,50.0,0.6667,1.9603,7.8412,True,739.53,66,25.0,292.36,310.91,143.3,0.15381722916271953,0.3069057207413064,0.3458517728954371,949.0833816795414,103.74,109.74,110.78,6.0
1753,3,6,cargo_ship,4,50.0,0.6667,1.7904,7.1614,True,734.04,61,25.0,224.59,117.41,0.0,0.1538172291627195,0.3069057207413064,0.3439831581375514,955.1982648144142,103.74,109.74,110.73,6.0
1754,4,6,cargo_ship,4,50.0,0.6667,2.4902,9.9609,True,675.61,98,25.0,132.02,69.02,408.74,0.1538172291627195,0.30690572074130634,0.34147412885168654,919.214869402401,103.74,109.74,110.67,6.0
1755,0,6,cargo_ship,4,50.0,1.0,1.5841,6.3365,True,701.72,103,25.0,342.52,51.6,0.0,0.1538172291627195,0.30690572074130634,0.3459922920453443,916.1570773494392,103.74,109.74,110.78,6.0
1756,1,6,cargo_ship,4,50.0,1.0,2.3676,9.4706,True,713.13,125,25.0,398.71,59.56,174.71,0.1538172291627195,0.30690572074130634,0.34508925641307586,843.2422006208031,103.74,109.74,110.76,6.0
1757,2,6,cargo_ship,4,50.0,1.0,1.8245,7.298,True,785.28,105,25.0,103.95,223.99,432.43,0.15381722916271953,0.3069057207413064,0.3420994983849043,894.0490188327307,103.74,109.74,110.68,6.0
1758,3,6,cargo_ship,4,50.0,1.0,2.0924,8.3698,True,723.26,114,25.0,128.87,180.07,0.0,0.1538172291627195,0.3069057207413063,0.3430592080894551,861.7569540814867,103.74,109.74,110.71,6.0
1759,4,6,cargo_ship,4,50.0,1.0,2.1827,8.7309,True,682.11,138,25.0,242.29,430.52,0.0,0.15381722916271953,0.3069057207413064,0.3438039079026162,775.5479690524929,103.74,109.74,110.73,6.0
1760,0,6,cargo_ship,5,0.0,0.0,1.7872,8.9359,False,0.0,0,25.0,225.55,441.62,0.0,0.15381722916271953,0.30690572074130634,0.3430868519102356,987.9898555898849,103.74,109.74,110.71,6.0
1761,1,6,cargo_ship,5,0.0,0.0,1.9588,9.7939,False,0.0,0,25.0,432.54,137.72,0.0,0.1538172291627195,0.3069057207413063,0.34272074982992956,989.8787995889643,103.74,109.74,110.7,6.0
1762,2,6,cargo_ship,5,0.0,0.0,1.6537,8.2685,False,0.0,0,25.0,171.9,497.32,0.0,0.15381722916271953,0.30690572074130645,0.34587842442089073,985.8838267135493,103.74,109.74,110.78,6.0
1763,3,6,cargo_ship,5,0.0,0.0,1.5431,7.7156,False,0.0,0,25.0,123.67,441.21,122.93,0.15381722916271953,0.3069057207413064,0.3419858130175256,992.2741383603108,103.74,109.74,110.68,6.0
1764,4,6,cargo_ship,5,0.0,0.0,1.5641,7.8204,False,0.0,0,25.0,364.21,212.64,0.0,0.1538172291627195,0.30690572074130634,0.3402530287947572,995.1337424480189,103.74,109.74,110.64,6.0
1765,0,6,cargo_ship,5,0.0,0.3333,2.4366,12.1831,True,723.35,56,25.0,278.4,108.25,0.0,0.1538172291627195,0.30690572074130634,0.34341022873752464,952.4425980974349,103.74,109.74,110.72,6.0
1766,1,6,cargo_ship,5,0.0,0.3333,1.7884,8.942,True,668.96,53,25.0,127.38,317.28,0.0,0.1538172291627195,0.30690572074130634,0.34237464988916777,987.4857283784378,103.74,109.74,110.69,6.0
1767,2,6,cargo_ship,5,0.0,0.3333,1.602,8.0102,True,718.4,43,25.0,450.73,192.7,62.18,0.15381722916271953,0.3069057207413064,0.3448899467262872,987.8305524758393,103.74,109.74,110.75,6.0
1768,3,6,cargo_ship,5,0.0,0.3333,1.9324,9.662,True,745.32,61,25.0,263.15,264.75,0.0,0.1538172291627195,0.30690572074130634,0.3422949649979036,986.4366027717422,103.74,109.74,110.69,6.0
1769,4,6,cargo_ship,5,0.0,0.3333,2.4743,12.3713,True,734.62,72,25.0,86.92,288.95,0.0,0.1538172291627195,0.30690572074130634,0.34317689267416557,941.1554613886296,103.74,109.74,110.71,6.0
1770,0,6,cargo_ship,5,0.0,0.6667,1.9551,9.7756,True,690.85,101,25.0,402.94,200.68,0.0,0.1538172291627195,0.30690572074130634,0.34118544601588247,943.8487707636051,103.74,109.74,110.66,6.0
1771,1,6,cargo_ship,5,0.0,0.6667,1.9113,9.5566,True,694.2,125,25.0,67.77,178.84,0.0,0.1538172291627195,0.30690572074130634,0.34291518754427863,963.3555600375544,103.74,109.74,110.7,6.0
1772,2,6,cargo_ship,5,0.0,0.6667,1.5076,7.5379,True,779.02,80,25.0,58.72,138.73,0.0,0.1538172291627195,0.30690572074130634,0.3434072509673036,987.3419823896711,103.74,109.74,110.72,6.0
1773,3,6,cargo_ship,5,0.0,0.6667,1.7787,8.8936,True,701.36,108,25.0,326.36,152.33,111.89,0.15381722916271953,0.30690572074130645,0.3440058747955092,968.3669016797511,103.74,109.74,110.73,6.0
1774,4,6,cargo_ship,5,0.0,0.6667,1.702,8.5101,True,745.28,96,25.0,277.79,430.54,69.5,0.15381722916271953,0.3069057207413064,0.3405063637871454,948.3676673930487,103.74,109.74,110.64,6.0
1775,0,6,cargo_ship,5,0.0,1.0,2.2075,11.0374,True,723.61,172,25.0,460.17,265.23,0.0,0.1538172291627195,0.30690572074130634,0.34483711292490954,778.7004762678296,103.74,109.74,110.75,6.0
1776,1,6,cargo_ship,5,0.0,1.0,2.3436,11.7179,True,741.23,175,25.0,137.61,283.54,0.0,0.15381722916271953,0.3069057207413064,0.3409396020566592,804.9348941662544,103.74,109.74,110.65,6.0
1777,2,6,cargo_ship,5,0.0,1.0,1.5622,7.8109,True,741.34,112,25.0,114.32,435.9,0.0,0.1538172291627195,0.30690572074130634,0.34177927898689475,835.6509433830503,103.74,109.74,110.67,6.0
1778,3,6,cargo_ship,5,0.0,1.0,1.5087,7.5437,True,716.5,110,25.0,197.82,283.75,148.69,0.15381722916271953,0.3069057207413064,0.3418726239385529,872.0776452268291,103.74,109.74,110.68,6.0
1779,4,6,cargo_ship,5,0.0,1.0,1.7452,8.7261,True,729.97,119,25.0,204.64,243.44,114.07,0.1538172291627195,0.30690572074130634,0.3468236471122224,685.786567729623,103.74,109.74,110.8,6.0
1780,0,6,cargo_ship,5,50.0,0.0,2.2002,11.0008,False,0.0,0,25.0,123.28,465.62,0.0,0.1538172291627195,0.30690572074130634,0.34050978820444744,936.1877387128512,103.74,109.74,110.64,6.0
1781,1,6,cargo_ship,5,50.0,0.0,2.094,10.4698,False,0.0,0,25.0,240.13,147.09,0.0,0.1538172291627195,0.30690572074130634,0.34603387055131496,929.537625941268,103.74,109.74,110.78,6.0
1782,2,6,cargo_ship,5,50.0,0.0,1.9863,9.9317,False,0.0,0,25.0,404.34,226.97,108.2,0.1538172291627195,0.30690572074130634,0.34435837101618577,967.223662036988,103.74,109.74,110.74,6.0
1783,3,6,cargo_ship,5,50.0,0.0,1.9256,9.6282,False,0.0,0,25.0,150.38,114.6,0.0,0.1538172291627195,0.30690572074130634,0.3433971395695795,970.0606109922329,103.74,109.74,110.72,6.0
1784,4,6,cargo_ship,5,50.0,0.0,2.3955,11.9777,False,0.0,0,25.0,137.03,469.7,250.15,0.15381722916271953,0.3069057207413064,0.34222624702040116,927.6479491762493,103.74,109.74,110.69,6.0
1785,0,6,cargo_ship,5,50.0,0.3333,1.523,7.615,True,764.78,36,25.0,283.86,130.68,160.33,0.15381722916271953,0.30690572074130645,0.3408443076509804,973.671502868285,103.74,109.74,110.65,6.0
1786,1,6,cargo_ship,5,50.0,0.3333,2.2072,11.0358,True,680.38,60,25.0,261.77,263.26,0.0,0.15381722916271953,0.30690572074130645,0.3423954429570703,933.9090193767217,103.74,109.74,110.69,6.0
1787,2,6,cargo_ship,5,50.0,0.3333,2.2945,11.4726,True,755.82,62,25.0,216.67,274.45,0.0,0.1538172291627195,0.30690572074130634,0.3456387309358655,934.1559437615073,103.74,109.74,110.77,6.0
1788,3,6,cargo_ship,5,50.0,0.3333,1.7441,8.7205,True,644.8,60,25.0,220.93,93.73,289.67,0.1538172291627195,0.30690572074130634,0.3437819985421451,967.4533535950777,103.74,109.74,110.73,6.0
1789,4,6,cargo_ship,5,50.0,0.3333,1.5356,7.6782,True,716.41,45,25.0,78.22,207.09,122.14,0.15381722916271953,0.30690572074130634,0.3476572303053748,974.7875370172665,103.74,109.74,110.82,6.0
1790,0,6,cargo_ship,5,50.0,0.6667,2.183,10.9152,True,695.16,120,25.0,469.54,111.03,116.81,0.15381722916271953,0.3069057207413064,0.3421912763001244,892.1897352794872,103.74,109.74,110.69,6.0
1791,1,6,cargo_ship,5,50.0,0.6667,2.1418,10.7091,True,736.63,141,25.0,209.21,63.72,0.0,0.15381722916271953,0.30690572074130645,0.34292308226674373,919.0841922304157,103.74,109.74,110.7,6.0
1792,2,6,cargo_ship,5,50.0,0.6667,2.2187,11.0934,True,738.27,131,25.0,143.03,136.7,356.27,0.15381722916271953,0.3069057207413064,0.34241185219736137,903.3658111761333,103.74,109.74,110.69,6.0
1793,3,6,cargo_ship,5,50.0,0.6667,1.8294,9.1472,True,668.38,101,25.0,464.23,192.55,78.08,0.1538172291627195,0.30690572074130634,0.34331668483268807,940.1043338222927,103.74,109.74,110.71,6.0
1794,4,6,cargo_ship,5,50.0,0.6667,2.2254,11.1269,True,711.23,118,25.0,495.38,64.01,246.11,0.1538172291627195,0.30690572074130634,0.3434369232897423,891.7909802547786,103.74,109.74,110.72,6.0
1795,0,6,cargo_ship,5,50.0,1.0,2.3881,11.9404,True,692.89,177,25.0,341.19,65.6,0.0,0.15381722916271953,0.3069057207413064,0.34367010816647,710.5433309853163,103.74,109.74,110.72,6.0
1796,1,6,cargo_ship,5,50.0,1.0,2.0565,10.2827,True,748.29,164,25.0,207.42,102.43,0.0,0.15381722916271953,0.30690572074130645,0.34540272684530304,728.3006264890399,103.74,109.74,110.77,6.0
1797,2,6,cargo_ship,5,50.0,1.0,1.9486,9.7429,True,736.03,148,25.0,251.43,202.45,0.0,0.1538172291627195,0.30690572074130634,0.3409106305201833,752.8425269559327,103.74,109.74,110.65,6.0
1798,3,6,cargo_ship,5,50.0,1.0,1.713,8.5652,True,734.62,134,25.0,328.9,141.82,0.0,0.1538172291627195,0.30690572074130634,0.34346573250679197,826.9239284468918,103.74,109.74,110.72,6.0
1799,4,6,cargo_ship,5,50.0,1.0,1.7039,8.5197,True,677.13,125,25.0,139.82,60.73,0.0,0.1538172291627195,0.30690572074130634,0.34309094428272724,723.4581717329542,103.74,109.74,110.71,6.0
1800,0,6,tanker,3,0.0,0.0,1.1548,3.4645,False,0.0,0,25.0,296.24,109.97,0.0,0.1538172291627195,0.30690572074130634,0.3447849199387532,935.7085669084348,103.74,109.74,110.75,6.0
1801,1,6,tanker,3,0.0,0.0,1.1579,3.4736,False,0.0,0,25.0,379.57,102.41,295.42,0.1538172291627195,0.30690572074130634,0.3399846628879581,928.8884546017472,103.74,109.74,110.63,6.0
1802,2,6,tanker,3,0.0,0.0,1.1487,3.4462,False,0.0,0,25.0,139.22,261.21,323.06,0.1538172291627195,0.30690572074130634,0.34482331704848257,930.8616617807178,103.74,109.74,110.75,6.0
1803,3,6,tanker,3,0.0,0.0,1.4543,4.3629,False,0.0,0,25.0,304.82,237.33,87.5,0.1538172291627195,0.30690572074130634,0.3451936514965604,927.8503507869003,103.74,109.74,110.76,6.0
1804,4,6,tanker,3,0.0,0.0,1.3196,3.9589,False,0.0,0,25.0,126.5,166.34,0.0,0.1538172291627195,0.30690572074130634,0.34164169862266786,931.5551440435995,103.74,109.74,110.67,6.0
1805,0,6,tanker,3,0.0,0.3333,1.4982,4.4945,True,471.4,23,25.0,388.35,134.12,0.0,0.15381722916271953,0.3069057207413064,0.3421908600114216,933.4446340208992,103.74,109.74,110.69,6.0
1806,1,6,tanker,3,0.0,0.3333,1.236,3.708,True,512.28,20,25.0,390.88,69.22,250.79,0.1538172291627195,0.30690572074130634,0.34236703007874325,926.6642169820645,103.74,109.74,110.69,6.0
1807,2,6,tanker,3,0.0,0.3333,1.1675,3.5025,True,453.07,27,25.0,203.9,247.44,142.98,0.15381722916271953,0.3069057207413064,0.3427833033202355,929.3698974972281,103.74,109.74,110.7,6.0
1808,3,6,tanker,3,0.0,0.3333,1.3645,4.0934,True,503.89,15,25.0,127.94,80.16,0.0,0.1538172291627195,0.3069057207413063,0.34591284850796017,934.2741279175563,103.74,109.74,110.78,6.0
1809,4,6,tanker,3,0.0,0.3333,1.4276,4.2829,True,484.31,31,25.0,382.76,254.36,143.59,0.1538172291627195,0.3069057207413063,0.34480097874437343,928.6619362991654,103.74,109.74,110.75,6.0
1810,0,6,tanker,3,0.0,0.6667,1.0036,3.0109,True,438.3,25,25.0,437.82,287.35,125.97,0.1538172291627195,0.30690572074130634,0.34485411058058013,933.4035011177826,103.74,109.74,110.75,6.0
1811,1,6,tanker,3,0.0,0.6667,1.4058,4.2175,True,480.21,34,25.0,235.97,246.76,0.0,0.15381722916271953,0.3069057207413064,0.34591791336535394,884.3607870754089,103.74,109.74,110.78,6.0
1812,2,6,tanker,3,0.0,0.6667,1.3492,4.0476,True,499.54,41,25.0,225.24,119.14,273.36,0.15381722916271953,0.3069057207413064,0.34240355370851294,923.9366339741576,103.74,109.74,110.69,6.0
1813,3,6,tanker,3,0.0,0.6667,1.0417,3.125,True,501.08,30,25.0,155.45,112.49,302.26,0.1538172291627195,0.30690572074130634,0.341893670656294,930.6274676116774,103.74,109.74,110.68,6.0
1814,4,6,tanker,3,0.0,0.6667,1.4321,4.2962,True,477.41,42,25.0,379.22,236.7,0.0,0.15381722916271953,0.30690572074130645,0.34426909095414493,919.2456550520225,103.74,109.74,110.74,6.0
1815,0,6,tanker,3,0.0,1.0,1.2542,3.7625,True,489.09,47,25.0,83.93,424.35,0.0,0.1538172291627195,0.30690572074130634,0.34587660095962636,830.5322542342197,103.74,109.74,110.78,6.0
1816,1,6,tanker,3,0.0,1.0,1.2169,3.6507,True,475.0,66,25.0,53.73,237.83,221.1,0.15381722916271953,0.30690572074130634,0.3419847776933422,814.6709609965981,103.74,109.74,110.68,6.0
1817,2,6,tanker,3,0.0,1.0,1.2133,3.64,True,456.65,53,25.0,204.29,95.44,299.72,0.15381722916271953,0.3069057207413064,0.3423096306960316,841.283768711532,103.74,109.74,110.69,6.0
1818,3,6,tanker,3,0.0,1.0,1.3492,4.0475,True,499.66,57,25.0,54.83,415.88,266.29,0.1538172291627195,0.30690572074130634,0.34585665842983554,898.4561932239819,103.74,109.74,110.78,6.0
1819,4,6,tanker,3,0.0,1.0,1.3913,4.174,True,510.75,62,25.0,97.43,181.94,257.7,0.1538172291627195,0.30690572074130634,0.3383319832684383,895.4525534232339,103.74,109.74,110.59,6.0
1820,0,6,tanker,3,50.0,0.0,1.3695,4.1084,False,0.0,0,25.0,104.91,147.76,0.0,0.1538172291627195,0.30690572074130634,0.3445748547050843,916.4190687950173,103.74,109.74,110.75,6.0
1821,1,6,tanker,3,50.0,0.0,1.3729,4.1188,False,0.0,0,25.0,298.5,85.51,0.0,0.1538172291627195,0.3069057207413064,0.3424418891549917,918.3527240799943,103.74,109.74,110.69,6.0
1822,2,6,tanker,3,50.0,0.0,1.1707,3.512,False,0.0,0,25.0,206.07,63.25,0.0,0.1538172291627195,0.30690572074130634,0.34011366661813525,915.1004820921532,103.74,109.74,110.63,6.0
1823,3,6,tanker,3,50.0,0.0,1.2166,3.6499,False,0.0,0,25.0,317.81,282.59,132.12,0.15381722916271953,0.3069057207413064,0.3446130834487649,917.0997499065328,103.74,109.74,110.75,6.0
1824,4,6,tanker,3,50.0,0.0,1.2289,3.6866,False,0.0,0,25.0,250.58,138.02,81.61,0.1538172291627195,0.30690572074130634,0.34509597713212997,912.1900837039598,103.74,109.74,110.76,6.0
1825,0,6,tanker,3,50.0,0.3333,1.2976,3.8927,True,470.19,30,25.0,109.89,219.89,0.0,0.1538172291627195,0.3069057207413064,0.3424349780299513,914.2644161537,103.74,109.74,110.69,6.0
1826,1,6,tanker,3,50.0,0.3333,1.425,4.2749,True,505.09,22,25.0,149.92,435.95,0.0,0.1538172291627195,0.30690572074130634,0.3445989893078961,911.3967309215583,103.74,109.74,110.75,6.0
1827,2,6,tanker,3,50.0,0.3333,1.17,3.5099,True,488.22,25,25.0,70.13,115.33,218.86,0.1538172291627195,0.30690572074130634,0.3418167223232836,917.9632017458863,103.74,109.74,110.68,6.0
1828,3,6,tanker,3,50.0,0.3333,1.2068,3.6205,True,498.52,25,25.0,444.04,127.04,0.0,0.1538172291627195,0.30690572074130634,0.34260709878356915,916.3714061678604,103.74,109.74,110.7,6.0
1829,4,6,tanker,3,50.0,0.3333,1.3561,4.0682,True,504.33,29,25.0,146.97,271.52,245.45,0.15381722916271953,0.3069057207413064,0.341030845391353,912.5063629623158,103.74,109.74,110.66,6.0
1830,0,6,tanker,3,50.0,0.6667,1.0907,3.2722,True,509.87,32,25.0,151.17,498.57,147.23,0.15381722916271953,0.3069057207413064,0.34107774925997686,920.3569207433361,103.74,109.74,110.66,6.0
1831,1,6,tanker,3,50.0,0.6667,1.4669,4.4007,True,446.68,52,25.0,82.98,209.96,0.0,0.1538172291627195,0.30690572074130634,0.3437163550819236,900.4614464684895,103.74,109.74,110.72,6.0
1832,2,6,tanker,3,50.0,0.6667,1.3215,3.9645,True,498.7,51,25.0,107.36,279.02,0.0,0.1538172291627195,0.30690572074130634,0.34368778121640814,917.2645550571256,103.74,109.74,110.72,6.0
1833,3,6,tanker,3,50.0,0.6667,1.1954,3.5862,True,451.54,44,25.0,133.37,202.75,0.0,0.1538172291627195,0.30690572074130634,0.3437185553794893,911.7558914536622,103.74,109.74,110.72,6.0
1834,4,6,tanker,3,50.0,0.6667,1.0085,3.0256,True,513.79,26,25.0,208.64,444.57,0.0,0.1538172291627195,0.30690572074130634,0.34125911028899975,917.4260539362026,103.74,109.74,110.66,6.0
1835,0,6,tanker,3,50.0,1.0,1.1143,3.343,True,475.26,61,25.0,210.77,200.95,69.72,0.1538172291627195,0.30690572074130634,0.3426834450820623,810.7202047818058,103.74,109.74,110.7,6.0
1836,1,6,tanker,3,50.0,1.0,1.1853,3.5559,True,465.09,47,25.0,286.99,322.62,121.15,0.15381722916271953,0.3069057207413064,0.3423747077150891,866.3941956408928,103.74,109.74,110.69,6.0
1837,2,6,tanker,3,50.0,1.0,1.4319,4.2957,True,496.62,77,25.0,149.25,128.31,376.66,0.1538172291627195,0.30690572074130634,0.34471514693997646,814.2764334413724,103.74,109.74,110.75,6.0
1838,3,6,tanker,3,50.0,1.0,1.3527,4.0582,True,522.99,68,25.0,357.33,123.05,0.0,0.1538172291627195,0.30690572074130634,0.3425913298708158,810.0852062411274,103.74,109.74,110.7,6.0
1839,4,6,tanker,3,50.0,1.0,1.3045,3.9134,True,481.41,61,25.0,242.45,115.51,0.0,0.15381722916271953,0.3069057207413064,0.34281722124474145,891.1720677836379,103.74,109.74,110.7,6.0
1840,0,6,tanker,4,0.0,0.0,1.1943,4.7773,False,0.0,0,25.0,147.03,394.9,104.94,0.1538172291627195,0.30690572074130634,0.3431329458074423,933.3727802781679,103.74,109.74,110.71,6.0
1841,1,6,tanker,4,0.0,0.0,1.1778,4.7112,False,0.0,0,25.0,274.39,145.03,290.07,0.1538172291627195,0.30690572074130634,0.3435939939821422,932.8647168777741,103.74,109.74,110.72,6.0
1842,2,6,tanker,4,0.0,0.0,1.4163,5.6652,False,0.0,0,25.0,497.4,111.21,0.0,0.1538172291627195,0.30690572074130634,0.3422188449845383,920.8570742936182,103.74,109.74,110.69,6.0
1843,3,6,tanker,4,0.0,0.0,1.4915,5.9661,False,0.0,0,25.0,278.35,200.09,0.0,0.1538172291627195,0.30690572074130634,0.3425827153143763,919.0236180844842,103.74,109.74,110.7,6.0
1844,4,6,tanker,4,0.0,0.0,1.2147,4.8588,False,0.0,0,25.0,220.5,261.11,0.0,0.1538172291627195,0.30690572074130634,0.34382993758507335,934.4191521628005,103.74,109.74,110.73,6.0
1845,0,6,tanker,4,0.0,0.3333,1.2476,4.9903,True,461.76,26,25.0,175.43,128.53,0.0,0.15381722916271953,0.30690572074130645,0.3437592087390217,930.5910247540565,103.74,109.74,110.73,6.0
1846,1,6,tanker,4,0.0,0.3333,1.1438,4.575,True,542.67,26,25.0,127.2,499.76,0.0,0.1538172291627195,0.30690572074130634,0.3388250993417778,932.9224563884546,103.74,109.74,110.6,6.0
1847,2,6,tanker,4,0.0,0.3333,1.0321,4.1286,True,428.94,28,25.0,244.91,91.26,0.0,0.1538172291627195,0.30690572074130634,0.3435728595361433,934.464859374236,103.74,109.74,110.72,6.0
1848,3,6,tanker,4,0.0,0.3333,1.1911,4.7644,True,509.12,36,25.0,180.09,128.22,429.47,0.15381722916271953,0.3069057207413064,0.3440175816252937,932.7534189130712,103.74,109.74,110.73,6.0
1849,4,6,tanker,4,0.0,0.3333,1.0137,4.0549,True,469.12,19,25.0,101.61,142.39,0.0,0.1538172291627195,0.30690572074130634,0.3427485252826725,932.0694369445275,103.74,109.74,110.7,6.0
1850,0,6,tanker,4,0.0,0.6667,1.2787,5.1146,True,478.35,61,25.0,66.12,181.25,0.0,0.15381722916271953,0.3069057207413064,0.3432679962713785,893.8947519044416,103.74,109.74,110.71,6.0
1851,1,6,tanker,4,0.0,0.6667,1.1198,4.4791,True,485.33,52,25.0,220.98,112.05,0.0,0.15381722916271953,0.3069057207413064,0.3462048795519765,918.3648052056753,103.74,109.74,110.79,6.0
1852,2,6,tanker,4,0.0,0.6667,1.1066,4.4262,True,515.16,35,25.0,236.46,299.79,0.0,0.1538172291627195,0.30690572074130634,0.34164377156379966,931.4571494085741,103.74,109.74,110.67,6.0
1853,3,6,tanker,4,0.0,0.6667,1.1929,4.7717,True,459.91,62,25.0,227.2,135.79,0.0,0.1538172291627195,0.30690572074130634,0.34345508983291806,915.4813567844037,103.74,109.74,110.72,6.0
1854,4,6,tanker,4,0.0,0.6667,1.1227,4.4908,True,482.01,59,25.0,322.65,79.99,0.0,0.1538172291627195,0.30690572074130634,0.3432257146248145,917.6400640660721,103.74,109.74,110.71,6.0
1855,0,6,tanker,4,0.0,1.0,1.0274,4.1095,True,497.99,58,25.0,118.12,234.76,450.6,0.15381722916271953,0.3069057207413064,0.3426674713505157,877.1989572681262,103.74,109.74,110.7,6.0
1856,1,6,tanker,4,0.0,1.0,1.0284,4.1134,True,519.44,62,25.0,134.72,225.08,466.57,0.15381722916271953,0.3069057207413064,0.3398978840219153,859.5624960390743,103.74,109.74,110.63,6.0
1857,2,6,tanker,4,0.0,1.0,1.4241,5.6964,True,467.21,86,25.0,149.8,405.82,229.81,0.1538172291627195,0.30690572074130634,0.34101574614724883,733.0622232119731,103.74,109.74,110.66,6.0
1858,3,6,tanker,4,0.0,1.0,1.472,5.8881,True,475.47,78,25.0,413.21,103.86,0.0,0.1538172291627195,0.30690572074130634,0.34410490938904087,810.4195720745205,103.74,109.74,110.73,6.0
1859,4,6,tanker,4,0.0,1.0,1.4715,5.8859,True,514.45,87,25.0,111.79,161.04,0.0,0.15381722916271953,0.30690572074130645,0.34376293188298507,859.5176845124121,103.74,109.74,110.73,6.0
1860,0,6,tanker,4,50.0,0.0,1.2275,4.9102,False,0.0,0,25.0,420.98,135.72,112.82,0.15381722916271953,0.30690572074130634,0.34090781804911063,916.1110693491752,103.74,109.74,110.65,6.0
1861,1,6,tanker,4,50.0,0.0,1.0491,4.1963,False,0.0,0,25.0,132.11,358.02,263.53,0.1538172291627195,0.30690572074130634,0.34182492364213696,913.6694586874054,103.74,109.74,110.68,6.0
1862,2,6,tanker,4,50.0,0.0,1.3022,5.2086,False,0.0,0,25.0,307.18,122.74,0.0,0.15381722916271953,0.3069057207413064,0.3445089178716338,902.2791971538597,103.74,109.74,110.74,6.0
1863,3,6,tanker,4,50.0,0.0,1.3455,5.3819,False,0.0,0,25.0,51.85,213.18,207.09,0.15381722916271953,0.3069057207413064,0.34415675602386586,905.70979066507,103.74,109.74,110.74,6.0
1864,4,6,tanker,4,50.0,0.0,1.1946,4.7784,False,0.0,0,25.0,88.96,134.82,232.99,0.1538172291627195,0.30690572074130634,0.34333023467693835,916.2467986008288,103.74,109.74,110.71,6.0
1865,0,6,tanker,4,50.0,0.3333,1.4652,5.8606,True,429.82,31,25.0,251.85,444.66,0.0,0.1538172291627195,0.30690572074130634,0.34120409927311995,900.8545846517627,103.74,109.74,110.66,6.0
1866,1,6,tanker,4,50.0,0.3333,1.2768,5.1071,True,462.26,34,25.0,462.7,122.28,0.0,0.1538172291627195,0.30690572074130634,0.34192021079467494,904.7772040318483,103.74,109.74,110.68,6.0
1867,2,6,tanker,4,50.0,0.3333,1.1727,4.6909,True,533.24,26,25.0,113.46,207.48,0.0,0.15381722916271953,0.30690572074130634,0.34357070801586986,922.6124148078916,103.74,109.74,110.72,6.0
1868,3,6,tanker,4,50.0,0.3333,1.0914,4.3658,True,516.1,21,25.0,261.86,143.07,0.0,0.15381722916271953,0.3069057207413064,0.3461438122076085,915.3614803364507,103.74,109.74,110.79,6.0
1869,4,6,tanker,4,50.0,0.3333,1.1548,4.6192,True,513.09,28,25.0,89.76,453.13,156.21,0.1538172291627195,0.30690572074130634,0.34298002104101427,914.4586357244789,103.74,109.74,110.71,6.0
1870,0,6,tanker,4,50.0,0.6667,1.1999,4.7994,True,483.2,70,25.0,249.36,264.38,0.0,0.1538172291627195,0.30690572074130634,0.3417106896797526,890.5596249423289,103.74,109.74,110.67,6.0
1871,1,6,tanker,4,50.0,0.6667,1.3032,5.213,True,456.95,58,25.0,340.45,83.91,0.0,0.1538172291627195,0.30690572074130634,0.34197379270785877,882.8641117602697,103.74,109.74,110.68,6.0
1872,2,6,tanker,4,50.0,0.6667,1.143,4.5718,True,480.77,49,25.0,55.3,420.81,0.0,0.1538172291627195,0.3069057207413064,0.34511149567975274,905.635364694851,103.74,109.74,110.76,6.0
1873,3,6,tanker,4,50.0,0.6667,1.2026,4.8104,True,458.01,56,25.0,70.28,499.93,124.02,0.1538172291627195,0.30690572074130634,0.34181459482907267,886.4514849817199,103.74,109.74,110.68,6.0
1874,4,6,tanker,4,50.0,0.6667,1.2354,4.9415,True,506.66,55,25.0,72.52,239.76,0.0,0.15381722916271953,0.30690572074130634,0.3441313841982874,905.7531970318702,103.74,109.74,110.73,6.0
1875,0,6,tanker,4,50.0,1.0,1.3202,5.2807,True,478.3,85,25.0,146.08,199.64,441.42,0.1538172291627195,0.3069057207413064,0.3444355634713099,817.943681957684,103.74,109.74,110.74,6.0
1876,1,6,tanker,4,50.0,1.0,1.0262,4.1048,True,495.6,58,25.0,102.6,399.64,198.01,0.1538172291627195,0.3069057207413064,0.3445644699973163,855.5884010878962,103.74,109.74,110.75,6.0
1877,2,6,tanker,4,50.0,1.0,1.2584,5.0337,True,488.65,75,25.0,204.86,104.32,466.33,0.15381722916271953,0.3069057207413064,0.34807761685395444,784.2032907221219,103.74,109.74,110.83,6.0
1878,3,6,tanker,4,50.0,1.0,1.401,5.6039,True,465.08,88,25.0,292.08,127.38,441.17,0.1538172291627195,0.30690572074130634,0.34224512809785784,762.704807394295,103.74,109.74,110.69,6.0
1879,4,6,tanker,4,50.0,1.0,1.3007,5.2029,True,463.3,81,25.0,492.73,101.34,0.0,0.15381722916271953,0.3069057207413064,0.34371613115428806,816.194189574135,103.74,109.74,110.72,6.0
1880,0,6,tanker,5,0.0,0.0,1.443,7.2151,False,0.0,0,25.0,259.03,145.81,117.59,0.15381722916271953,0.3069057207413064,0.3416478454031031,917.7056677479117,103.74,109.74,110.67,6.0
1881,1,6,tanker,5,0.0,0.0,1.2014,6.0072,False,0.0,0,25.0,241.2,142.49,450.0,0.15381722916271953,0.30690572074130645,0.3451493511829293,922.8661312167712,103.74,109.74,110.76,6.0
1882,2,6,tanker,5,0.0,0.0,1.3218,6.609,False,0.0,0,25.0,154.1,492.91,88.64,0.15381722916271953,0.30690572074130634,0.3427297618789113,919.3840743099851,103.74,109.74,110.7,6.0
1883,3,6,tanker,5,0.0,0.0,1.3033,6.5163,False,0.0,0,25.0,90.55,453.58,135.72,0.1538172291627195,0.3069057207413063,0.3440098232239656,923.6932728241604,103.74,109.74,110.73,6.0
1884,4,6,tanker,5,0.0,0.0,1.4706,7.3529,False,0.0,0,25.0,289.23,139.73,0.0,0.1538172291627195,0.30690572074130634,0.3424870660235803,925.0533021078937,103.74,109.74,110.69,6.0
1885,0,6,tanker,5,0.0,0.3333,1.4374,7.1871,True,493.09,40,25.0,106.34,296.51,85.52,0.1538172291627195,0.30690572074130634,0.3431692962440638,916.2862118759235,103.74,109.74,110.71,6.0
1886,1,6,tanker,5,0.0,0.3333,1.1078,5.5391,True,452.86,34,25.0,319.93,131.43,0.0,0.1538172291627195,0.30690572074130634,0.34596439437485516,923.9741857603915,103.74,109.74,110.78,6.0
1887,2,6,tanker,5,0.0,0.3333,1.3154,6.5768,True,437.69,37,25.0,208.61,84.67,103.39,0.1538172291627195,0.30690572074130634,0.3448240682545373,919.2625337137636,103.74,109.74,110.75,6.0
1888,3,6,tanker,5,0.0,0.3333,1.045,5.2251,True,489.36,35,25.0,88.24,240.52,0.0,0.1538172291627195,0.3069057207413063,0.3425088606119563,924.6616950370685,103.74,109.74,110.69,6.0
1889,4,6,tanker,5,0.0,0.3333,1.2575,6.2875,True,487.95,46,25.0,371.51,161.4,57.74,0.1538172291627195,0.30690572074130634,0.3434738899004122,918.2544980031423,103.74,109.74,110.72,6.0
1890,0,6,tanker,5,0.0,0.6667,1.0772,5.3861,True,454.8,61,25.0,109.05,288.14,0.0,0.1538172291627195,0.30690572074130634,0.34218535899041413,902.5753134600515,103.74,109.74,110.69,6.0
1891,1,6,tanker,5,0.0,0.6667,1.4541,7.2707,True,529.25,83,25.0,254.89,141.41,82.93,0.1538172291627195,0.30690572074130634,0.34633383144466956,903.3819175790186,103.74,109.74,110.79,6.0
1892,2,6,tanker,5,0.0,0.6667,1.1688,5.8442,True,463.82,60,25.0,177.17,435.08,0.0,0.1538172291627195,0.30690572074130634,0.3409141944961625,906.1972212717678,103.74,109.74,110.65,6.0
1893,3,6,tanker,5,0.0,0.6667,1.3648,6.8239,True,436.14,77,25.0,53.26,131.28,0.0,0.1538172291627195,0.30690572074130634,0.3438615205540561,890.1761684519018,103.74,109.74,110.73,6.0
1894,4,6,tanker,5,0.0,0.6667,1.0815,5.4076,True,446.16,64,25.0,499.67,124.85,108.04,0.1538172291627195,0.3069057207413064,0.3430643688886248,911.1014066453499,103.74,109.74,110.71,6.0
1895,0,6,tanker,5,0.0,1.0,1.1414,5.707,True,492.36,97,25.0,333.25,127.27,0.0,0.15381722916271953,0.30690572074130645,0.3402217761221356,843.1536565983514,103.74,109.74,110.64,6.0
1896,1,6,tanker,5,0.0,1.0,1.4765,7.3824,True,510.24,127,25.0,232.79,104.23,187.79,0.1538172291627195,0.30690572074130634,0.3428610413871648,766.6615781969365,103.74,109.74,110.7,6.0
1897,2,6,tanker,5,0.0,1.0,1.2456,6.2279,True,440.98,96,25.0,274.5,328.86,0.0,0.1538172291627195,0.30690572074130634,0.3434838613375956,833.9263770105581,103.74,109.74,110.72,6.0
1898,3,6,tanker,5,0.0,1.0,1.3573,6.7867,True,487.28,110,25.0,241.16,130.37,0.0,0.1538172291627195,0.30690572074130634,0.3455798422322437,826.0167560591858,103.74,109.74,110.77,6.0
1899,4,6,tanker,5,0.0,1.0,1.146,5.7301,True,471.86,102,25.0,219.36,84.57,464.74,0.1538172291627195,0.30690572074130634,0.34373397857797583,798.4940052398116,103.74,109.74,110.72,6.0
1900,0,6,tanker,5,50.0,0.0,1.072,5.3601,False,0.0,0,25.0,389.25,207.51,0.0,0.1538172291627195,0.30690572074130634,0.3438253755153654,910.8376792581157,103.74,109.74,110.73,6.0
1901,1,6,tanker,5,50.0,0.0,1.2531,6.2655,False,0.0,0,25.0,140.26,68.06,0.0,0.1538172291627195,0.30690572074130634,0.3411088228844418,902.8917060055163,103.74,109.74,110.66,6.0
1902,2,6,tanker,5,50.0,0.0,1.0342,5.1712,False,0.0,0,25.0,173.22,251.54,134.33,0.1538172291627195,0.30690572074130634,0.34281576788367807,906.7831205614947,103.74,109.74,110.7,6.0
1903,3,6,tanker,5,50.0,0.0,1.2197,6.0986,False,0.0,0,25.0,64.06,217.15,161.53,0.15381722916271953,0.3069057207413064,0.3425577305931651,905.7342679413325,103.74,109.74,110.69,6.0
1904,4,6,tanker,5,50.0,0.0,1.3244,6.622,False,0.0,0,25.0,169.37,395.25,0.0,0.1538172291627195,0.30690572074130634,0.345546648739218,905.4376447539341,103.74,109.74,110.77,6.0
1905,0,6,tanker,5,50.0,0.3333,1.466,7.3301,True,461.21,29,25.0,89.83,316.37,0.0,0.1538172291627195,0.30690572074130634,0.3420109801195674,902.3902739069887,103.74,109.74,110.68,6.0
1906,1,6,tanker,5,50.0,0.3333,1.2075,6.0375,True,483.47,38,25.0,126.36,427.7,0.0,0.1538172291627195,0.30690572074130634,0.34274272443428666,908.6849378143705,103.74,109.74,110.7,6.0
1907,2,6,tanker,5,50.0,0.3333,1.0467,5.2335,True,530.64,33,25.0,352.24,115.29,0.0,0.15381722916271953,0.30690572074130645,0.34045626245768523,908.8729560423681,103.74,109.74,110.64,6.0
1908,3,6,tanker,5,50.0,0.3333,1.0572,5.2861,True,481.92,38,25.0,360.57,189.73,96.83,0.1538172291627195,0.3069057207413064,0.33995554654764365,901.8126100796854,103.74,109.74,110.63,6.0
1909,4,6,tanker,5,50.0,0.3333,1.2078,6.0388,True,464.62,37,25.0,353.37,227.3,88.64,0.1538172291627195,0.30690572074130634,0.33944179252702417,905.5367167908305,103.74,109.74,110.62,6.0
1910,0,6,tanker,5,50.0,0.6667,1.281,6.4048,True,528.28,72,25.0,81.27,175.8,0.0,0.1538172291627195,0.30690572074130634,0.3456181808746292,897.0249259423603,103.74,109.74,110.77,6.0
1911,1,6,tanker,5,50.0,0.6667,1.3775,6.8876,True,480.89,81,25.0,122.25,72.61,492.76,0.1538172291627195,0.30690572074130634,0.3395695929275483,880.6379116511912,103.74,109.74,110.62,6.0
1912,2,6,tanker,5,50.0,0.6667,1.1601,5.8004,True,478.92,63,25.0,109.7,275.36,0.0,0.1538172291627195,0.30690572074130634,0.3470871872462335,894.7436509804339,103.74,109.74,110.81,6.0
1913,3,6,tanker,5,50.0,0.6667,1.4422,7.2109,True,488.3,82,25.0,89.58,242.5,0.0,0.15381722916271953,0.30690572074130645,0.3467885171272925,867.2931528124824,103.74,109.74,110.8,6.0
1914,4,6,tanker,5,50.0,0.6667,1.1785,5.8926,True,458.83,60,25.0,84.19,438.04,265.36,0.15381722916271953,0.3069057207413064,0.34282192061064926,878.3244211335133,103.74,109.74,110.7,6.0
1915,0,6,tanker,5,50.0,1.0,1.242,6.21,True,458.49,87,25.0,402.67,172.63,71.18,0.1538172291627195,0.3069057207413064,0.34573103864335314,765.0262995839837,103.74,109.74,110.77,6.0
1916,1,6,tanker,5,50.0,1.0,1.3819,6.9093,True,465.73,106,25.0,347.67,274.75,0.0,0.1538172291627195,0.30690572074130634,0.3403876217614253,711.2241987160892,103.74,109.74,110.64,6.0
1917,2,6,tanker,5,50.0,1.0,1.4989,7.4947,True,488.32,102,25.0,237.09,139.5,0.0,0.15381722916271953,0.30690572074130634,0.3410323570263627,826.0964456685479,103.74,109.74,110.66,6.0
1918,3,6,tanker,5,50.0,1.0,1.1004,5.5021,True,456.53,87,25.0,494.03,81.92,100.64,0.1538172291627195,0.30690572074130634,0.3462344298406661,818.6133601019623,103.74,109.74,110.79,6.0
1919,4,6,tanker,5,50.0,1.0,1.2027,6.0133,True,466.89,83,25.0,78.8,196.76,0.0,0.1538172291627195,0.30690572074130634,0.34302267313678386,764.4222178070944,103.74,109.74,110.71,6.0
